frame_id,source_video,video_id,source_frame_idx,timestamp_ms,diff_from_prev,kept
ScreenRecording_06-19-2026_21-33-55_1_000000.jpg,ScreenRecording_06-19-2026 21-33-55_1.MP4,ScreenRecording_06-19-2026_21-33-55_1,0,0,999.0,True
ScreenRecording_06-19-2026_21-33-55_1_000006.jpg,ScreenRecording_06-19-2026 21-33-55_1.MP4,ScreenRecording_06-19-2026_21-33-55_1,6,100,0.06,False
ScreenRecording_06-19-2026_21-33-55_1_000012.jpg,ScreenRecording_06-19-2026 21-33-55_1.MP4,ScreenRecording_06-19-2026_21-33-55_1,12,200,10.24,True
ScreenRecording_06-19-2026_21-33-55_1_000018.jpg,ScreenRecording_06-19-2026 21-33-55_1.MP4,ScreenRecording_06-19-2026_21-33-55_1,18,300,1.15,False
ScreenRecording_06-19-2026_21-33-55_1_000024.jpg,ScreenRecording_06-19-2026 21-33-55_1.MP4,ScreenRecording_06-19-2026_21-33-55_1,24,400,1.88,False
ScreenRecording_06-19-2026_21-33-55_1_000030.jpg,ScreenRecording_06-19-2026 21-33-55_1.MP4,ScreenRecording_06-19-2026_21-33-55_1,30,500,2.68,False
ScreenRecording_06-19-2026_21-33-55_1_000036.jpg,ScreenRecording_06-19-2026 21-33-55_1.MP4,ScreenRecording_06-19-2026_21-33-55_1,36,600,4.13,False
ScreenRecording_06-19-2026_21-33-55_1_000042.jpg,ScreenRecording_06-19-2026 21-33-55_1.MP4,ScreenRecording_06-19-2026_21-33-55_1,42,698,6.01,False
ScreenRecording_06-19-2026_21-33-55_1_000048.jpg,ScreenRecording_06-19-2026 21-33-55_1.MP4,ScreenRecording_06-19-2026_21-33-55_1,48,798,6.83,False
ScreenRecording_06-19-2026_21-33-55_1_000054.jpg,ScreenRecording_06-19-2026 21-33-55_1.MP4,ScreenRecording_06-19-2026_21-33-55_1,54,898,6.19,False
ScreenRecording_06-19-2026_21-33-55_1_000060.jpg,ScreenRecording_06-19-2026 21-33-55_1.MP4,ScreenRecording_06-19-2026_21-33-55_1,60,998,5.01,False
ScreenRecording_06-19-2026_21-33-55_1_000066.jpg,ScreenRecording_06-19-2026 21-33-55_1.MP4,ScreenRecording_06-19-2026_21-33-55_1,66,1098,3.88,False
ScreenRecording_06-19-2026_21-33-55_1_000072.jpg,ScreenRecording_06-19-2026 21-33-55_1.MP4,ScreenRecording_06-19-2026_21-33-55_1,72,1198,3.21,False
ScreenRecording_06-19-2026_21-33-55_1_000078.jpg,ScreenRecording_06-19-2026 21-33-55_1.MP4,ScreenRecording_06-19-2026_21-33-55_1,78,1298,3.03,False
ScreenRecording_06-19-2026_21-33-55_1_000084.jpg,ScreenRecording_06-19-2026 21-33-55_1.MP4,ScreenRecording_06-19-2026_21-33-55_1,84,1398,3.54,False
ScreenRecording_06-19-2026_21-33-55_1_000090.jpg,ScreenRecording_06-19-2026 21-33-55_1.MP4,ScreenRecording_06-19-2026_21-33-55_1,90,1498,4.31,False
ScreenRecording_06-19-2026_21-33-55_1_000096.jpg,ScreenRecording_06-19-2026 21-33-55_1.MP4,ScreenRecording_06-19-2026_21-33-55_1,96,1598,5.36,False
ScreenRecording_06-19-2026_21-33-55_1_000102.jpg,ScreenRecording_06-19-2026 21-33-55_1.MP4,ScreenRecording_06-19-2026_21-33-55_1,102,1698,6.63,False
ScreenRecording_06-19-2026_21-33-55_1_000108.jpg,ScreenRecording_06-19-2026 21-33-55_1.MP4,ScreenRecording_06-19-2026_21-33-55_1,108,1798,7.23,False
ScreenRecording_06-19-2026_21-33-55_1_000114.jpg,ScreenRecording_06-19-2026 21-33-55_1.MP4,ScreenRecording_06-19-2026_21-33-55_1,114,1898,8.29,True
ScreenRecording_06-19-2026_21-33-55_1_000120.jpg,ScreenRecording_06-19-2026 21-33-55_1.MP4,ScreenRecording_06-19-2026_21-33-55_1,120,1998,4.98,False
ScreenRecording_06-19-2026_21-33-55_1_000126.jpg,ScreenRecording_06-19-2026 21-33-55_1.MP4,ScreenRecording_06-19-2026_21-33-55_1,126,2096,7.27,False
ScreenRecording_06-19-2026_21-33-55_1_000132.jpg,ScreenRecording_06-19-2026 21-33-55_1.MP4,ScreenRecording_06-19-2026_21-33-55_1,132,2196,8.07,True
ScreenRecording_06-19-2026_21-33-55_1_000138.jpg,ScreenRecording_06-19-2026 21-33-55_1.MP4,ScreenRecording_06-19-2026_21-33-55_1,138,2296,2.46,False
ScreenRecording_06-19-2026_21-33-55_1_000144.jpg,ScreenRecording_06-19-2026 21-33-55_1.MP4,ScreenRecording_06-19-2026_21-33-55_1,144,2396,4.22,False
ScreenRecording_06-19-2026_21-33-55_1_000150.jpg,ScreenRecording_06-19-2026 21-33-55_1.MP4,ScreenRecording_06-19-2026_21-33-55_1,150,2496,5.49,False
ScreenRecording_06-19-2026_21-33-55_1_000156.jpg,ScreenRecording_06-19-2026 21-33-55_1.MP4,ScreenRecording_06-19-2026_21-33-55_1,156,2596,6.83,False
ScreenRecording_06-19-2026_21-33-55_1_000162.jpg,ScreenRecording_06-19-2026 21-33-55_1.MP4,ScreenRecording_06-19-2026_21-33-55_1,162,2696,7.71,False
ScreenRecording_06-19-2026_21-33-55_1_000168.jpg,ScreenRecording_06-19-2026 21-33-55_1.MP4,ScreenRecording_06-19-2026_21-33-55_1,168,2796,8.2,True
ScreenRecording_06-19-2026_21-33-55_1_000174.jpg,ScreenRecording_06-19-2026 21-33-55_1.MP4,ScreenRecording_06-19-2026_21-33-55_1,174,2896,2.21,False
ScreenRecording_06-19-2026_21-33-55_1_000180.jpg,ScreenRecording_06-19-2026 21-33-55_1.MP4,ScreenRecording_06-19-2026_21-33-55_1,180,2996,3.75,False
ScreenRecording_06-19-2026_21-33-55_1_000186.jpg,ScreenRecording_06-19-2026 21-33-55_1.MP4,ScreenRecording_06-19-2026_21-33-55_1,186,3096,4.59,False
ScreenRecording_06-19-2026_21-33-55_1_000192.jpg,ScreenRecording_06-19-2026 21-33-55_1.MP4,ScreenRecording_06-19-2026_21-33-55_1,192,3196,5.86,False
ScreenRecording_06-19-2026_21-33-55_1_000198.jpg,ScreenRecording_06-19-2026 21-33-55_1.MP4,ScreenRecording_06-19-2026_21-33-55_1,198,3296,7.07,False
ScreenRecording_06-19-2026_21-33-55_1_000204.jpg,ScreenRecording_06-19-2026 21-33-55_1.MP4,ScreenRecording_06-19-2026_21-33-55_1,204,3396,6.96,False
ScreenRecording_06-19-2026_21-33-55_1_000210.jpg,ScreenRecording_06-19-2026 21-33-55_1.MP4,ScreenRecording_06-19-2026_21-33-55_1,210,3495,6.72,False
ScreenRecording_06-19-2026_21-33-55_1_000216.jpg,ScreenRecording_06-19-2026 21-33-55_1.MP4,ScreenRecording_06-19-2026_21-33-55_1,216,3595,6.74,False
ScreenRecording_06-19-2026_21-33-55_1_000222.jpg,ScreenRecording_06-19-2026 21-33-55_1.MP4,ScreenRecording_06-19-2026_21-33-55_1,222,3695,6.76,False
ScreenRecording_06-19-2026_21-33-55_1_000228.jpg,ScreenRecording_06-19-2026 21-33-55_1.MP4,ScreenRecording_06-19-2026_21-33-55_1,228,3795,6.64,False
ScreenRecording_06-19-2026_21-33-55_1_000234.jpg,ScreenRecording_06-19-2026 21-33-55_1.MP4,ScreenRecording_06-19-2026_21-33-55_1,234,3895,6.48,False
ScreenRecording_06-19-2026_21-33-55_1_000240.jpg,ScreenRecording_06-19-2026 21-33-55_1.MP4,ScreenRecording_06-19-2026_21-33-55_1,240,3995,6.22,False
ScreenRecording_06-19-2026_21-33-55_1_000246.jpg,ScreenRecording_06-19-2026 21-33-55_1.MP4,ScreenRecording_06-19-2026_21-33-55_1,246,4095,6.23,False
ScreenRecording_06-19-2026_21-33-55_1_000252.jpg,ScreenRecording_06-19-2026 21-33-55_1.MP4,ScreenRecording_06-19-2026_21-33-55_1,252,4195,6.72,False
ScreenRecording_06-19-2026_21-33-55_1_000258.jpg,ScreenRecording_06-19-2026 21-33-55_1.MP4,ScreenRecording_06-19-2026_21-33-55_1,258,4295,7.51,False
ScreenRecording_06-19-2026_21-33-55_1_000264.jpg,ScreenRecording_06-19-2026 21-33-55_1.MP4,ScreenRecording_06-19-2026_21-33-55_1,264,4395,7.56,False
ScreenRecording_06-19-2026_21-33-55_1_000270.jpg,ScreenRecording_06-19-2026 21-33-55_1.MP4,ScreenRecording_06-19-2026_21-33-55_1,270,4495,7.17,False
ScreenRecording_06-19-2026_21-33-55_1_000276.jpg,ScreenRecording_06-19-2026 21-33-55_1.MP4,ScreenRecording_06-19-2026_21-33-55_1,276,4595,7.02,False
ScreenRecording_06-19-2026_21-33-55_1_000282.jpg,ScreenRecording_06-19-2026 21-33-55_1.MP4,ScreenRecording_06-19-2026_21-33-55_1,282,4695,6.73,False
ScreenRecording_06-19-2026_21-33-55_1_000288.jpg,ScreenRecording_06-19-2026 21-33-55_1.MP4,ScreenRecording_06-19-2026_21-33-55_1,288,4793,7.21,False
ScreenRecording_06-19-2026_21-33-55_1_000294.jpg,ScreenRecording_06-19-2026 21-33-55_1.MP4,ScreenRecording_06-19-2026_21-33-55_1,294,4893,7.49,False
ScreenRecording_06-19-2026_21-33-55_1_000300.jpg,ScreenRecording_06-19-2026 21-33-55_1.MP4,ScreenRecording_06-19-2026_21-33-55_1,300,4993,8.77,True
ScreenRecording_06-19-2026_21-33-55_1_000306.jpg,ScreenRecording_06-19-2026 21-33-55_1.MP4,ScreenRecording_06-19-2026_21-33-55_1,306,5093,4.18,False
ScreenRecording_06-19-2026_21-33-55_1_000312.jpg,ScreenRecording_06-19-2026 21-33-55_1.MP4,ScreenRecording_06-19-2026_21-33-55_1,312,5193,4.56,False
ScreenRecording_06-19-2026_21-33-55_1_000318.jpg,ScreenRecording_06-19-2026 21-33-55_1.MP4,ScreenRecording_06-19-2026_21-33-55_1,318,5293,5.26,False
ScreenRecording_06-19-2026_21-33-55_1_000324.jpg,ScreenRecording_06-19-2026 21-33-55_1.MP4,ScreenRecording_06-19-2026_21-33-55_1,324,5393,5.98,False
ScreenRecording_06-19-2026_21-33-55_1_000330.jpg,ScreenRecording_06-19-2026 21-33-55_1.MP4,ScreenRecording_06-19-2026_21-33-55_1,330,5493,6.82,False
ScreenRecording_06-19-2026_21-33-55_1_000336.jpg,ScreenRecording_06-19-2026 21-33-55_1.MP4,ScreenRecording_06-19-2026_21-33-55_1,336,5593,7.55,False
ScreenRecording_06-19-2026_21-33-55_1_000342.jpg,ScreenRecording_06-19-2026 21-33-55_1.MP4,ScreenRecording_06-19-2026_21-33-55_1,342,5693,7.16,False
ScreenRecording_06-19-2026_21-33-55_1_000348.jpg,ScreenRecording_06-19-2026 21-33-55_1.MP4,ScreenRecording_06-19-2026_21-33-55_1,348,5793,6.73,False
ScreenRecording_06-19-2026_21-33-55_1_000354.jpg,ScreenRecording_06-19-2026 21-33-55_1.MP4,ScreenRecording_06-19-2026_21-33-55_1,354,5893,6.43,False
ScreenRecording_06-19-2026_21-33-55_1_000360.jpg,ScreenRecording_06-19-2026 21-33-55_1.MP4,ScreenRecording_06-19-2026_21-33-55_1,360,5993,6.3,False
ScreenRecording_06-19-2026_21-33-55_1_000366.jpg,ScreenRecording_06-19-2026 21-33-55_1.MP4,ScreenRecording_06-19-2026_21-33-55_1,366,6093,6.3,False
ScreenRecording_06-19-2026_21-33-55_1_000372.jpg,ScreenRecording_06-19-2026 21-33-55_1.MP4,ScreenRecording_06-19-2026_21-33-55_1,372,6191,6.64,False
ScreenRecording_06-19-2026_21-33-55_1_000378.jpg,ScreenRecording_06-19-2026 21-33-55_1.MP4,ScreenRecording_06-19-2026_21-33-55_1,378,6291,7.37,False
ScreenRecording_06-19-2026_21-33-55_1_000384.jpg,ScreenRecording_06-19-2026 21-33-55_1.MP4,ScreenRecording_06-19-2026_21-33-55_1,384,6391,7.85,False
ScreenRecording_06-19-2026_21-33-55_1_000390.jpg,ScreenRecording_06-19-2026 21-33-55_1.MP4,ScreenRecording_06-19-2026_21-33-55_1,390,6491,8.18,True
ScreenRecording_06-19-2026_21-33-55_1_000396.jpg,ScreenRecording_06-19-2026 21-33-55_1.MP4,ScreenRecording_06-19-2026_21-33-55_1,396,6591,1.7,False
ScreenRecording_06-19-2026_21-33-55_1_000402.jpg,ScreenRecording_06-19-2026 21-33-55_1.MP4,ScreenRecording_06-19-2026_21-33-55_1,402,6691,2.91,False
ScreenRecording_06-19-2026_21-33-55_1_000408.jpg,ScreenRecording_06-19-2026 21-33-55_1.MP4,ScreenRecording_06-19-2026_21-33-55_1,408,6791,3.2,False
ScreenRecording_06-19-2026_21-33-55_1_000414.jpg,ScreenRecording_06-19-2026 21-33-55_1.MP4,ScreenRecording_06-19-2026_21-33-55_1,414,6891,3.08,False
ScreenRecording_06-19-2026_21-33-55_1_000420.jpg,ScreenRecording_06-19-2026 21-33-55_1.MP4,ScreenRecording_06-19-2026_21-33-55_1,420,6991,2.58,False
ScreenRecording_06-19-2026_21-33-55_1_000426.jpg,ScreenRecording_06-19-2026 21-33-55_1.MP4,ScreenRecording_06-19-2026_21-33-55_1,426,7091,2.68,False
ScreenRecording_06-19-2026_21-33-55_1_000432.jpg,ScreenRecording_06-19-2026 21-33-55_1.MP4,ScreenRecording_06-19-2026_21-33-55_1,432,7191,2.81,False
ScreenRecording_06-19-2026_21-33-55_1_000438.jpg,ScreenRecording_06-19-2026 21-33-55_1.MP4,ScreenRecording_06-19-2026_21-33-55_1,438,7291,3.64,False
ScreenRecording_06-19-2026_21-33-55_1_000444.jpg,ScreenRecording_06-19-2026 21-33-55_1.MP4,ScreenRecording_06-19-2026_21-33-55_1,444,7391,4.97,False
ScreenRecording_06-19-2026_21-33-55_1_000450.jpg,ScreenRecording_06-19-2026 21-33-55_1.MP4,ScreenRecording_06-19-2026_21-33-55_1,450,7491,5.51,False
ScreenRecording_06-19-2026_21-33-55_1_000456.jpg,ScreenRecording_06-19-2026 21-33-55_1.MP4,ScreenRecording_06-19-2026_21-33-55_1,456,7590,5.65,False
ScreenRecording_06-19-2026_21-33-55_1_000462.jpg,ScreenRecording_06-19-2026 21-33-55_1.MP4,ScreenRecording_06-19-2026_21-33-55_1,462,7690,6.14,False
ScreenRecording_06-19-2026_21-33-55_1_000468.jpg,ScreenRecording_06-19-2026 21-33-55_1.MP4,ScreenRecording_06-19-2026_21-33-55_1,468,7790,6.58,False
ScreenRecording_06-19-2026_21-33-55_1_000474.jpg,ScreenRecording_06-19-2026 21-33-55_1.MP4,ScreenRecording_06-19-2026_21-33-55_1,474,7890,6.81,False
ScreenRecording_06-19-2026_21-33-55_1_000480.jpg,ScreenRecording_06-19-2026 21-33-55_1.MP4,ScreenRecording_06-19-2026_21-33-55_1,480,7990,6.79,False
ScreenRecording_06-19-2026_21-33-55_1_000486.jpg,ScreenRecording_06-19-2026 21-33-55_1.MP4,ScreenRecording_06-19-2026_21-33-55_1,486,8090,6.77,False
ScreenRecording_06-19-2026_21-33-55_1_000492.jpg,ScreenRecording_06-19-2026 21-33-55_1.MP4,ScreenRecording_06-19-2026_21-33-55_1,492,8190,6.53,False
ScreenRecording_06-19-2026_21-33-55_1_000498.jpg,ScreenRecording_06-19-2026 21-33-55_1.MP4,ScreenRecording_06-19-2026_21-33-55_1,498,8290,6.04,False
ScreenRecording_06-19-2026_21-33-55_1_000504.jpg,ScreenRecording_06-19-2026 21-33-55_1.MP4,ScreenRecording_06-19-2026_21-33-55_1,504,8390,5.51,False
ScreenRecording_06-19-2026_21-33-55_1_000510.jpg,ScreenRecording_06-19-2026 21-33-55_1.MP4,ScreenRecording_06-19-2026_21-33-55_1,510,8490,5.04,False
ScreenRecording_06-19-2026_21-33-55_1_000516.jpg,ScreenRecording_06-19-2026 21-33-55_1.MP4,ScreenRecording_06-19-2026_21-33-55_1,516,8590,4.75,False
ScreenRecording_06-19-2026_21-33-55_1_000522.jpg,ScreenRecording_06-19-2026 21-33-55_1.MP4,ScreenRecording_06-19-2026_21-33-55_1,522,8690,4.78,False
ScreenRecording_06-19-2026_21-33-55_1_000528.jpg,ScreenRecording_06-19-2026 21-33-55_1.MP4,ScreenRecording_06-19-2026_21-33-55_1,528,8790,4.75,False
ScreenRecording_06-19-2026_21-33-55_1_000534.jpg,ScreenRecording_06-19-2026 21-33-55_1.MP4,ScreenRecording_06-19-2026_21-33-55_1,534,8888,4.69,False
ScreenRecording_06-19-2026_21-33-55_1_000540.jpg,ScreenRecording_06-19-2026 21-33-55_1.MP4,ScreenRecording_06-19-2026_21-33-55_1,540,8988,4.45,False
ScreenRecording_06-19-2026_21-33-55_1_000546.jpg,ScreenRecording_06-19-2026 21-33-55_1.MP4,ScreenRecording_06-19-2026_21-33-55_1,546,9088,4.84,False
ScreenRecording_06-19-2026_21-33-55_1_000552.jpg,ScreenRecording_06-19-2026 21-33-55_1.MP4,ScreenRecording_06-19-2026_21-33-55_1,552,9188,4.97,False
ScreenRecording_06-19-2026_21-33-55_1_000558.jpg,ScreenRecording_06-19-2026 21-33-55_1.MP4,ScreenRecording_06-19-2026_21-33-55_1,558,9321,5.77,False
ScreenRecording_06-19-2026_21-33-55_1_000564.jpg,ScreenRecording_06-19-2026 21-33-55_1.MP4,ScreenRecording_06-19-2026_21-33-55_1,564,9421,7.37,False
ScreenRecording_06-19-2026_21-33-55_1_000570.jpg,ScreenRecording_06-19-2026 21-33-55_1.MP4,ScreenRecording_06-19-2026_21-33-55_1,570,9521,8.35,True
ScreenRecording_06-19-2026_21-33-55_1_000576.jpg,ScreenRecording_06-19-2026 21-33-55_1.MP4,ScreenRecording_06-19-2026_21-33-55_1,576,9621,2.27,False
ScreenRecording_06-19-2026_21-33-55_1_000582.jpg,ScreenRecording_06-19-2026 21-33-55_1.MP4,ScreenRecording_06-19-2026_21-33-55_1,582,9721,4.71,False
ScreenRecording_06-19-2026_21-33-55_1_000588.jpg,ScreenRecording_06-19-2026 21-33-55_1.MP4,ScreenRecording_06-19-2026_21-33-55_1,588,9821,6.61,False
ScreenRecording_06-19-2026_21-33-55_1_000594.jpg,ScreenRecording_06-19-2026 21-33-55_1.MP4,ScreenRecording_06-19-2026_21-33-55_1,594,9921,7.68,False
ScreenRecording_06-19-2026_21-33-55_1_000600.jpg,ScreenRecording_06-19-2026 21-33-55_1.MP4,ScreenRecording_06-19-2026_21-33-55_1,600,10021,7.75,False
ScreenRecording_06-19-2026_21-33-55_1_000606.jpg,ScreenRecording_06-19-2026 21-33-55_1.MP4,ScreenRecording_06-19-2026_21-33-55_1,606,10120,7.53,False
ScreenRecording_06-19-2026_21-33-55_1_000612.jpg,ScreenRecording_06-19-2026 21-33-55_1.MP4,ScreenRecording_06-19-2026_21-33-55_1,612,10220,7.57,False
ScreenRecording_06-19-2026_21-33-55_1_000618.jpg,ScreenRecording_06-19-2026 21-33-55_1.MP4,ScreenRecording_06-19-2026_21-33-55_1,618,10320,7.58,False
ScreenRecording_06-19-2026_21-33-55_1_000624.jpg,ScreenRecording_06-19-2026 21-33-55_1.MP4,ScreenRecording_06-19-2026_21-33-55_1,624,10420,7.6,False
ScreenRecording_06-19-2026_21-33-55_1_000630.jpg,ScreenRecording_06-19-2026 21-33-55_1.MP4,ScreenRecording_06-19-2026_21-33-55_1,630,10520,7.42,False
ScreenRecording_06-19-2026_21-33-55_1_000636.jpg,ScreenRecording_06-19-2026 21-33-55_1.MP4,ScreenRecording_06-19-2026_21-33-55_1,636,10620,6.91,False
ScreenRecording_06-19-2026_21-33-55_1_000642.jpg,ScreenRecording_06-19-2026 21-33-55_1.MP4,ScreenRecording_06-19-2026_21-33-55_1,642,10720,6.4,False
ScreenRecording_06-19-2026_21-33-55_1_000648.jpg,ScreenRecording_06-19-2026 21-33-55_1.MP4,ScreenRecording_06-19-2026_21-33-55_1,648,10823,6.21,False
ScreenRecording_06-19-2026_21-33-55_1_000654.jpg,ScreenRecording_06-19-2026 21-33-55_1.MP4,ScreenRecording_06-19-2026_21-33-55_1,654,10936,14.77,True
ScreenRecording_06-19-2026_21-33-55_1_000660.jpg,ScreenRecording_06-19-2026 21-33-55_1.MP4,ScreenRecording_06-19-2026_21-33-55_1,660,11036,0.88,False
ScreenRecording_06-19-2026_21-33-55_1_000666.jpg,ScreenRecording_06-19-2026 21-33-55_1.MP4,ScreenRecording_06-19-2026_21-33-55_1,666,11136,1.15,False
ScreenRecording_06-19-2026_21-33-55_1_000672.jpg,ScreenRecording_06-19-2026 21-33-55_1.MP4,ScreenRecording_06-19-2026_21-33-55_1,672,11236,1.66,False
ScreenRecording_06-19-2026_21-33-55_1_000678.jpg,ScreenRecording_06-19-2026 21-33-55_1.MP4,ScreenRecording_06-19-2026_21-33-55_1,678,11336,2.15,False
ScreenRecording_06-19-2026_21-33-55_1_000684.jpg,ScreenRecording_06-19-2026 21-33-55_1.MP4,ScreenRecording_06-19-2026_21-33-55_1,684,11436,2.47,False
ScreenRecording_06-19-2026_21-33-55_1_000690.jpg,ScreenRecording_06-19-2026 21-33-55_1.MP4,ScreenRecording_06-19-2026_21-33-55_1,690,11535,2.91,False
ScreenRecording_06-19-2026_21-33-55_1_000696.jpg,ScreenRecording_06-19-2026 21-33-55_1.MP4,ScreenRecording_06-19-2026_21-33-55_1,696,11635,2.89,False
ScreenRecording_06-19-2026_21-33-55_1_000702.jpg,ScreenRecording_06-19-2026 21-33-55_1.MP4,ScreenRecording_06-19-2026_21-33-55_1,702,11735,5.83,False
ScreenRecording_06-19-2026_21-33-55_1_000708.jpg,ScreenRecording_06-19-2026 21-33-55_1.MP4,ScreenRecording_06-19-2026_21-33-55_1,708,11835,7.87,False
ScreenRecording_06-19-2026_21-33-55_1_000714.jpg,ScreenRecording_06-19-2026 21-33-55_1.MP4,ScreenRecording_06-19-2026_21-33-55_1,714,11935,7.51,False
ScreenRecording_06-19-2026_21-33-55_1_000720.jpg,ScreenRecording_06-19-2026 21-33-55_1.MP4,ScreenRecording_06-19-2026_21-33-55_1,720,12035,7.5,False
ScreenRecording_06-19-2026_21-33-55_1_000726.jpg,ScreenRecording_06-19-2026 21-33-55_1.MP4,ScreenRecording_06-19-2026_21-33-55_1,726,12135,6.92,False
ScreenRecording_06-19-2026_21-33-55_1_000732.jpg,ScreenRecording_06-19-2026 21-33-55_1.MP4,ScreenRecording_06-19-2026_21-33-55_1,732,12235,6.99,False
ScreenRecording_06-19-2026_21-33-55_1_000738.jpg,ScreenRecording_06-19-2026 21-33-55_1.MP4,ScreenRecording_06-19-2026_21-33-55_1,738,12335,7.37,False
ScreenRecording_06-19-2026_21-33-55_1_000744.jpg,ScreenRecording_06-19-2026 21-33-55_1.MP4,ScreenRecording_06-19-2026_21-33-55_1,744,12435,7.76,False
ScreenRecording_06-19-2026_21-33-55_1_000750.jpg,ScreenRecording_06-19-2026 21-33-55_1.MP4,ScreenRecording_06-19-2026_21-33-55_1,750,12535,8.06,True
ScreenRecording_06-19-2026_21-33-55_1_000756.jpg,ScreenRecording_06-19-2026 21-33-55_1.MP4,ScreenRecording_06-19-2026_21-33-55_1,756,12635,1.62,False
ScreenRecording_06-19-2026_21-33-55_1_000762.jpg,ScreenRecording_06-19-2026 21-33-55_1.MP4,ScreenRecording_06-19-2026_21-33-55_1,762,12735,3.31,False
ScreenRecording_06-19-2026_21-33-55_1_000768.jpg,ScreenRecording_06-19-2026 21-33-55_1.MP4,ScreenRecording_06-19-2026_21-33-55_1,768,12833,6.16,False
ScreenRecording_06-19-2026_21-33-55_1_000774.jpg,ScreenRecording_06-19-2026 21-33-55_1.MP4,ScreenRecording_06-19-2026_21-33-55_1,774,12933,9.01,True
ScreenRecording_06-19-2026_21-33-55_1_000780.jpg,ScreenRecording_06-19-2026 21-33-55_1.MP4,ScreenRecording_06-19-2026_21-33-55_1,780,13033,6.52,False
ScreenRecording_06-19-2026_21-33-55_1_000786.jpg,ScreenRecording_06-19-2026 21-33-55_1.MP4,ScreenRecording_06-19-2026_21-33-55_1,786,13133,8.0,False
ScreenRecording_06-19-2026_21-33-55_1_000792.jpg,ScreenRecording_06-19-2026 21-33-55_1.MP4,ScreenRecording_06-19-2026_21-33-55_1,792,13233,7.89,False
ScreenRecording_06-19-2026_21-33-55_1_000798.jpg,ScreenRecording_06-19-2026 21-33-55_1.MP4,ScreenRecording_06-19-2026_21-33-55_1,798,13333,9.89,True
ScreenRecording_06-19-2026_21-33-55_1_000804.jpg,ScreenRecording_06-19-2026 21-33-55_1.MP4,ScreenRecording_06-19-2026_21-33-55_1,804,13433,4.61,False
ScreenRecording_06-19-2026_21-33-55_1_000810.jpg,ScreenRecording_06-19-2026 21-33-55_1.MP4,ScreenRecording_06-19-2026_21-33-55_1,810,13533,5.97,False
ScreenRecording_06-19-2026_21-33-55_1_000816.jpg,ScreenRecording_06-19-2026 21-33-55_1.MP4,ScreenRecording_06-19-2026_21-33-55_1,816,13633,7.31,False
ScreenRecording_06-19-2026_21-33-55_1_000822.jpg,ScreenRecording_06-19-2026 21-33-55_1.MP4,ScreenRecording_06-19-2026_21-33-55_1,822,13733,8.03,True
ScreenRecording_06-19-2026_21-33-55_1_000828.jpg,ScreenRecording_06-19-2026 21-33-55_1.MP4,ScreenRecording_06-19-2026_21-33-55_1,828,13833,3.71,False
ScreenRecording_06-19-2026_21-33-55_1_000834.jpg,ScreenRecording_06-19-2026 21-33-55_1.MP4,ScreenRecording_06-19-2026_21-33-55_1,834,13933,5.76,False
ScreenRecording_06-19-2026_21-33-55_1_000840.jpg,ScreenRecording_06-19-2026 21-33-55_1.MP4,ScreenRecording_06-19-2026_21-33-55_1,840,14033,6.45,False
ScreenRecording_06-19-2026_21-33-55_1_000846.jpg,ScreenRecording_06-19-2026 21-33-55_1.MP4,ScreenRecording_06-19-2026_21-33-55_1,846,14131,7.04,False
ScreenRecording_06-19-2026_21-33-55_1_000852.jpg,ScreenRecording_06-19-2026 21-33-55_1.MP4,ScreenRecording_06-19-2026_21-33-55_1,852,14231,7.21,False
ScreenRecording_06-19-2026_21-33-55_1_000858.jpg,ScreenRecording_06-19-2026 21-33-55_1.MP4,ScreenRecording_06-19-2026_21-33-55_1,858,14331,7.33,False
ScreenRecording_06-19-2026_21-33-55_1_000864.jpg,ScreenRecording_06-19-2026 21-33-55_1.MP4,ScreenRecording_06-19-2026_21-33-55_1,864,14431,6.62,False
ScreenRecording_06-19-2026_21-33-55_1_000870.jpg,ScreenRecording_06-19-2026 21-33-55_1.MP4,ScreenRecording_06-19-2026_21-33-55_1,870,14531,5.46,False
ScreenRecording_06-19-2026_21-33-55_1_000876.jpg,ScreenRecording_06-19-2026 21-33-55_1.MP4,ScreenRecording_06-19-2026_21-33-55_1,876,14631,5.87,False
ScreenRecording_06-19-2026_21-33-55_1_000882.jpg,ScreenRecording_06-19-2026 21-33-55_1.MP4,ScreenRecording_06-19-2026_21-33-55_1,882,14731,5.79,False
ScreenRecording_06-19-2026_21-33-55_1_000888.jpg,ScreenRecording_06-19-2026 21-33-55_1.MP4,ScreenRecording_06-19-2026_21-33-55_1,888,14831,6.06,False
ScreenRecording_06-19-2026_21-33-55_1_000894.jpg,ScreenRecording_06-19-2026 21-33-55_1.MP4,ScreenRecording_06-19-2026_21-33-55_1,894,14931,6.38,False
ScreenRecording_06-19-2026_21-33-55_1_000900.jpg,ScreenRecording_06-19-2026 21-33-55_1.MP4,ScreenRecording_06-19-2026_21-33-55_1,900,15031,6.63,False
ScreenRecording_06-19-2026_21-33-55_1_000906.jpg,ScreenRecording_06-19-2026 21-33-55_1.MP4,ScreenRecording_06-19-2026_21-33-55_1,906,15131,6.76,False
ScreenRecording_06-19-2026_21-33-55_1_000912.jpg,ScreenRecording_06-19-2026 21-33-55_1.MP4,ScreenRecording_06-19-2026_21-33-55_1,912,15231,7.17,False
ScreenRecording_06-19-2026_21-33-55_1_000918.jpg,ScreenRecording_06-19-2026 21-33-55_1.MP4,ScreenRecording_06-19-2026_21-33-55_1,918,15331,7.4,False
ScreenRecording_06-19-2026_21-33-55_1_000924.jpg,ScreenRecording_06-19-2026 21-33-55_1.MP4,ScreenRecording_06-19-2026_21-33-55_1,924,15431,7.14,False
ScreenRecording_06-19-2026_21-33-55_1_000930.jpg,ScreenRecording_06-19-2026 21-33-55_1.MP4,ScreenRecording_06-19-2026_21-33-55_1,930,15531,7.97,False
ScreenRecording_06-19-2026_21-33-55_1_000936.jpg,ScreenRecording_06-19-2026 21-33-55_1.MP4,ScreenRecording_06-19-2026_21-33-55_1,936,15630,7.96,False
ScreenRecording_06-19-2026_21-33-55_1_000942.jpg,ScreenRecording_06-19-2026 21-33-55_1.MP4,ScreenRecording_06-19-2026_21-33-55_1,942,15730,8.04,True
ScreenRecording_06-19-2026_21-33-55_1_000948.jpg,ScreenRecording_06-19-2026 21-33-55_1.MP4,ScreenRecording_06-19-2026_21-33-55_1,948,15830,3.09,False
ScreenRecording_06-19-2026_21-33-55_1_000954.jpg,ScreenRecording_06-19-2026 21-33-55_1.MP4,ScreenRecording_06-19-2026_21-33-55_1,954,15930,3.29,False
ScreenRecording_06-19-2026_21-33-55_1_000960.jpg,ScreenRecording_06-19-2026 21-33-55_1.MP4,ScreenRecording_06-19-2026_21-33-55_1,960,16030,3.35,False
ScreenRecording_06-19-2026_21-33-55_1_000966.jpg,ScreenRecording_06-19-2026 21-33-55_1.MP4,ScreenRecording_06-19-2026_21-33-55_1,966,16130,5.63,False
ScreenRecording_06-19-2026_21-33-55_1_000972.jpg,ScreenRecording_06-19-2026 21-33-55_1.MP4,ScreenRecording_06-19-2026_21-33-55_1,972,16230,6.82,False
ScreenRecording_06-19-2026_21-33-55_1_000978.jpg,ScreenRecording_06-19-2026 21-33-55_1.MP4,ScreenRecording_06-19-2026_21-33-55_1,978,16330,7.28,False
ScreenRecording_06-19-2026_21-33-55_1_000984.jpg,ScreenRecording_06-19-2026 21-33-55_1.MP4,ScreenRecording_06-19-2026_21-33-55_1,984,16430,7.64,False
ScreenRecording_06-19-2026_21-33-55_1_000990.jpg,ScreenRecording_06-19-2026 21-33-55_1.MP4,ScreenRecording_06-19-2026_21-33-55_1,990,16530,7.83,False
ScreenRecording_06-19-2026_21-33-55_1_000996.jpg,ScreenRecording_06-19-2026 21-33-55_1.MP4,ScreenRecording_06-19-2026_21-33-55_1,996,16630,7.88,False
ScreenRecording_06-19-2026_21-33-55_1_001002.jpg,ScreenRecording_06-19-2026 21-33-55_1.MP4,ScreenRecording_06-19-2026_21-33-55_1,1002,16730,7.99,False
ScreenRecording_06-19-2026_21-33-55_1_001008.jpg,ScreenRecording_06-19-2026 21-33-55_1.MP4,ScreenRecording_06-19-2026_21-33-55_1,1008,16830,8.29,True
ScreenRecording_06-19-2026_21-33-55_1_001014.jpg,ScreenRecording_06-19-2026 21-33-55_1.MP4,ScreenRecording_06-19-2026_21-33-55_1,1014,16928,0.96,False
ScreenRecording_06-19-2026_21-33-55_1_001020.jpg,ScreenRecording_06-19-2026 21-33-55_1.MP4,ScreenRecording_06-19-2026_21-33-55_1,1020,17028,2.06,False
ScreenRecording_06-19-2026_21-33-55_1_001026.jpg,ScreenRecording_06-19-2026 21-33-55_1.MP4,ScreenRecording_06-19-2026_21-33-55_1,1026,17128,3.33,False
ScreenRecording_06-19-2026_21-33-55_1_001032.jpg,ScreenRecording_06-19-2026 21-33-55_1.MP4,ScreenRecording_06-19-2026_21-33-55_1,1032,17228,4.02,False
ScreenRecording_06-19-2026_21-33-55_1_001038.jpg,ScreenRecording_06-19-2026 21-33-55_1.MP4,ScreenRecording_06-19-2026_21-33-55_1,1038,17328,4.46,False
ScreenRecording_06-19-2026_21-33-55_1_001044.jpg,ScreenRecording_06-19-2026 21-33-55_1.MP4,ScreenRecording_06-19-2026_21-33-55_1,1044,17428,4.68,False
ScreenRecording_06-19-2026_21-33-55_1_001050.jpg,ScreenRecording_06-19-2026 21-33-55_1.MP4,ScreenRecording_06-19-2026_21-33-55_1,1050,17528,4.68,False
ScreenRecording_06-19-2026_21-33-55_1_001056.jpg,ScreenRecording_06-19-2026 21-33-55_1.MP4,ScreenRecording_06-19-2026_21-33-55_1,1056,17628,4.67,False
ScreenRecording_06-19-2026_21-33-55_1_001062.jpg,ScreenRecording_06-19-2026 21-33-55_1.MP4,ScreenRecording_06-19-2026_21-33-55_1,1062,17728,4.66,False
ScreenRecording_06-19-2026_21-33-55_1_001068.jpg,ScreenRecording_06-19-2026 21-33-55_1.MP4,ScreenRecording_06-19-2026_21-33-55_1,1068,17828,4.64,False
ScreenRecording_06-19-2026_21-33-55_1_001074.jpg,ScreenRecording_06-19-2026 21-33-55_1.MP4,ScreenRecording_06-19-2026_21-33-55_1,1074,17928,4.68,False
ScreenRecording_06-19-2026_21-33-55_1_001080.jpg,ScreenRecording_06-19-2026 21-33-55_1.MP4,ScreenRecording_06-19-2026_21-33-55_1,1080,18028,5.06,False
ScreenRecording_06-19-2026_21-33-55_1_001086.jpg,ScreenRecording_06-19-2026 21-33-55_1.MP4,ScreenRecording_06-19-2026_21-33-55_1,1086,18128,5.55,False
ScreenRecording_06-19-2026_21-33-55_1_001092.jpg,ScreenRecording_06-19-2026 21-33-55_1.MP4,ScreenRecording_06-19-2026_21-33-55_1,1092,18228,5.66,False
ScreenRecording_06-19-2026_21-33-55_1_001098.jpg,ScreenRecording_06-19-2026 21-33-55_1.MP4,ScreenRecording_06-19-2026_21-33-55_1,1098,18326,4.97,False
ScreenRecording_06-19-2026_21-33-55_1_001104.jpg,ScreenRecording_06-19-2026 21-33-55_1.MP4,ScreenRecording_06-19-2026_21-33-55_1,1104,18426,4.16,False
ScreenRecording_06-19-2026_21-33-55_1_001110.jpg,ScreenRecording_06-19-2026 21-33-55_1.MP4,ScreenRecording_06-19-2026_21-33-55_1,1110,18526,4.33,False
ScreenRecording_06-19-2026_21-33-55_1_001116.jpg,ScreenRecording_06-19-2026 21-33-55_1.MP4,ScreenRecording_06-19-2026_21-33-55_1,1116,18626,4.41,False
ScreenRecording_06-19-2026_21-33-55_1_001122.jpg,ScreenRecording_06-19-2026 21-33-55_1.MP4,ScreenRecording_06-19-2026_21-33-55_1,1122,18726,4.69,False
ScreenRecording_06-19-2026_21-33-55_1_001128.jpg,ScreenRecording_06-19-2026 21-33-55_1.MP4,ScreenRecording_06-19-2026_21-33-55_1,1128,18826,5.13,False
ScreenRecording_06-19-2026_21-33-55_1_001134.jpg,ScreenRecording_06-19-2026 21-33-55_1.MP4,ScreenRecording_06-19-2026_21-33-55_1,1134,18926,5.27,False
ScreenRecording_06-19-2026_21-33-55_1_001140.jpg,ScreenRecording_06-19-2026 21-33-55_1.MP4,ScreenRecording_06-19-2026_21-33-55_1,1140,19026,5.15,False
ScreenRecording_06-19-2026_21-33-55_1_001146.jpg,ScreenRecording_06-19-2026 21-33-55_1.MP4,ScreenRecording_06-19-2026_21-33-55_1,1146,19126,5.02,False
ScreenRecording_06-19-2026_21-33-55_1_001152.jpg,ScreenRecording_06-19-2026 21-33-55_1.MP4,ScreenRecording_06-19-2026_21-33-55_1,1152,19226,3.83,False
ScreenRecording_06-19-2026_21-33-55_1_001158.jpg,ScreenRecording_06-19-2026 21-33-55_1.MP4,ScreenRecording_06-19-2026_21-33-55_1,1158,19326,2.63,False
ScreenRecording_06-19-2026_21-33-55_1_001164.jpg,ScreenRecording_06-19-2026 21-33-55_1.MP4,ScreenRecording_06-19-2026_21-33-55_1,1164,19426,2.37,False
ScreenRecording_06-19-2026_21-33-55_1_001170.jpg,ScreenRecording_06-19-2026 21-33-55_1.MP4,ScreenRecording_06-19-2026_21-33-55_1,1170,19526,2.81,False
ScreenRecording_06-19-2026_21-33-55_1_001176.jpg,ScreenRecording_06-19-2026 21-33-55_1.MP4,ScreenRecording_06-19-2026_21-33-55_1,1176,19626,3.7,False
ScreenRecording_06-19-2026_21-33-55_1_001182.jpg,ScreenRecording_06-19-2026 21-33-55_1.MP4,ScreenRecording_06-19-2026_21-33-55_1,1182,19725,4.33,False
ScreenRecording_06-19-2026_21-33-55_1_001188.jpg,ScreenRecording_06-19-2026 21-33-55_1.MP4,ScreenRecording_06-19-2026_21-33-55_1,1188,19825,5.21,False
ScreenRecording_06-19-2026_21-33-55_1_001194.jpg,ScreenRecording_06-19-2026 21-33-55_1.MP4,ScreenRecording_06-19-2026_21-33-55_1,1194,19925,5.9,False
ScreenRecording_06-19-2026_21-33-55_1_001200.jpg,ScreenRecording_06-19-2026 21-33-55_1.MP4,ScreenRecording_06-19-2026_21-33-55_1,1200,20025,6.12,False
ScreenRecording_06-19-2026_21-33-55_1_001206.jpg,ScreenRecording_06-19-2026 21-33-55_1.MP4,ScreenRecording_06-19-2026_21-33-55_1,1206,20125,6.12,False
ScreenRecording_06-19-2026_21-33-55_1_001212.jpg,ScreenRecording_06-19-2026 21-33-55_1.MP4,ScreenRecording_06-19-2026_21-33-55_1,1212,20225,6.48,False
ScreenRecording_06-19-2026_21-33-55_1_001218.jpg,ScreenRecording_06-19-2026 21-33-55_1.MP4,ScreenRecording_06-19-2026_21-33-55_1,1218,20325,6.69,False
ScreenRecording_06-19-2026_21-33-55_1_001224.jpg,ScreenRecording_06-19-2026 21-33-55_1.MP4,ScreenRecording_06-19-2026_21-33-55_1,1224,20425,6.67,False
ScreenRecording_06-19-2026_21-33-55_1_001230.jpg,ScreenRecording_06-19-2026 21-33-55_1.MP4,ScreenRecording_06-19-2026_21-33-55_1,1230,20525,7.9,False
ScreenRecording_06-19-2026_21-33-55_1_001236.jpg,ScreenRecording_06-19-2026 21-33-55_1.MP4,ScreenRecording_06-19-2026_21-33-55_1,1236,20625,7.47,False
ScreenRecording_06-19-2026_21-33-55_1_001242.jpg,ScreenRecording_06-19-2026 21-33-55_1.MP4,ScreenRecording_06-19-2026_21-33-55_1,1242,20725,7.0,False
ScreenRecording_06-19-2026_21-33-55_1_001248.jpg,ScreenRecording_06-19-2026 21-33-55_1.MP4,ScreenRecording_06-19-2026_21-33-55_1,1248,20825,6.51,False
ScreenRecording_06-19-2026_21-33-55_1_001254.jpg,ScreenRecording_06-19-2026 21-33-55_1.MP4,ScreenRecording_06-19-2026_21-33-55_1,1254,20925,6.9,False
ScreenRecording_06-19-2026_21-33-55_1_001260.jpg,ScreenRecording_06-19-2026 21-33-55_1.MP4,ScreenRecording_06-19-2026_21-33-55_1,1260,21023,7.7,False
ScreenRecording_06-19-2026_21-33-55_1_001266.jpg,ScreenRecording_06-19-2026 21-33-55_1.MP4,ScreenRecording_06-19-2026_21-33-55_1,1266,21123,8.19,True
ScreenRecording_06-19-2026_21-33-55_1_001272.jpg,ScreenRecording_06-19-2026 21-33-55_1.MP4,ScreenRecording_06-19-2026_21-33-55_1,1272,21223,2.54,False
ScreenRecording_06-19-2026_21-33-55_1_001278.jpg,ScreenRecording_06-19-2026 21-33-55_1.MP4,ScreenRecording_06-19-2026_21-33-55_1,1278,21323,2.67,False
ScreenRecording_06-19-2026_21-33-55_1_001284.jpg,ScreenRecording_06-19-2026 21-33-55_1.MP4,ScreenRecording_06-19-2026_21-33-55_1,1284,21423,3.68,False
ScreenRecording_06-19-2026_21-33-55_1_001290.jpg,ScreenRecording_06-19-2026 21-33-55_1.MP4,ScreenRecording_06-19-2026_21-33-55_1,1290,21523,5.11,False
ScreenRecording_06-19-2026_21-33-55_1_001296.jpg,ScreenRecording_06-19-2026 21-33-55_1.MP4,ScreenRecording_06-19-2026_21-33-55_1,1296,21623,6.16,False
ScreenRecording_06-19-2026_21-33-55_1_001302.jpg,ScreenRecording_06-19-2026 21-33-55_1.MP4,ScreenRecording_06-19-2026_21-33-55_1,1302,21723,6.53,False
ScreenRecording_06-19-2026_21-33-55_1_001308.jpg,ScreenRecording_06-19-2026 21-33-55_1.MP4,ScreenRecording_06-19-2026_21-33-55_1,1308,21823,6.76,False
ScreenRecording_06-19-2026_21-33-55_1_001314.jpg,ScreenRecording_06-19-2026 21-33-55_1.MP4,ScreenRecording_06-19-2026_21-33-55_1,1314,21923,7.16,False
ScreenRecording_06-19-2026_21-33-55_1_001320.jpg,ScreenRecording_06-19-2026 21-33-55_1.MP4,ScreenRecording_06-19-2026_21-33-55_1,1320,22023,7.45,False
ScreenRecording_06-19-2026_21-33-55_1_001326.jpg,ScreenRecording_06-19-2026 21-33-55_1.MP4,ScreenRecording_06-19-2026_21-33-55_1,1326,22123,7.6,False
ScreenRecording_06-19-2026_21-33-55_1_001332.jpg,ScreenRecording_06-19-2026 21-33-55_1.MP4,ScreenRecording_06-19-2026_21-33-55_1,1332,22223,7.73,False
ScreenRecording_06-19-2026_21-33-55_1_001338.jpg,ScreenRecording_06-19-2026 21-33-55_1.MP4,ScreenRecording_06-19-2026_21-33-55_1,1338,22323,7.88,False
ScreenRecording_06-19-2026_21-33-55_1_001344.jpg,ScreenRecording_06-19-2026 21-33-55_1.MP4,ScreenRecording_06-19-2026_21-33-55_1,1344,22421,8.51,True
ScreenRecording_06-19-2026_21-33-55_1_001350.jpg,ScreenRecording_06-19-2026 21-33-55_1.MP4,ScreenRecording_06-19-2026_21-33-55_1,1350,22521,2.37,False
ScreenRecording_06-19-2026_21-33-55_1_001356.jpg,ScreenRecording_06-19-2026 21-33-55_1.MP4,ScreenRecording_06-19-2026_21-33-55_1,1356,22621,4.45,False
ScreenRecording_06-19-2026_21-33-55_1_001362.jpg,ScreenRecording_06-19-2026 21-33-55_1.MP4,ScreenRecording_06-19-2026_21-33-55_1,1362,22721,5.6,False
ScreenRecording_06-19-2026_21-33-55_1_001368.jpg,ScreenRecording_06-19-2026 21-33-55_1.MP4,ScreenRecording_06-19-2026_21-33-55_1,1368,22821,7.05,False
ScreenRecording_06-19-2026_21-33-55_1_001374.jpg,ScreenRecording_06-19-2026 21-33-55_1.MP4,ScreenRecording_06-19-2026_21-33-55_1,1374,22921,7.77,False
ScreenRecording_06-19-2026_21-33-55_1_001380.jpg,ScreenRecording_06-19-2026 21-33-55_1.MP4,ScreenRecording_06-19-2026_21-33-55_1,1380,23021,8.08,True
ScreenRecording_06-19-2026_21-33-55_1_001386.jpg,ScreenRecording_06-19-2026 21-33-55_1.MP4,ScreenRecording_06-19-2026_21-33-55_1,1386,23121,3.47,False
ScreenRecording_06-19-2026_21-33-55_1_001392.jpg,ScreenRecording_06-19-2026 21-33-55_1.MP4,ScreenRecording_06-19-2026_21-33-55_1,1392,23221,5.08,False
ScreenRecording_06-19-2026_21-33-55_1_001398.jpg,ScreenRecording_06-19-2026 21-33-55_1.MP4,ScreenRecording_06-19-2026_21-33-55_1,1398,23321,5.67,False
ScreenRecording_06-19-2026_21-33-55_1_001404.jpg,ScreenRecording_06-19-2026 21-33-55_1.MP4,ScreenRecording_06-19-2026_21-33-55_1,1404,23421,6.13,False
ScreenRecording_06-19-2026_21-33-55_1_001410.jpg,ScreenRecording_06-19-2026 21-33-55_1.MP4,ScreenRecording_06-19-2026_21-33-55_1,1410,23521,6.52,False
ScreenRecording_06-19-2026_21-33-55_1_001416.jpg,ScreenRecording_06-19-2026 21-33-55_1.MP4,ScreenRecording_06-19-2026_21-33-55_1,1416,23621,6.4,False
ScreenRecording_06-19-2026_21-33-55_1_001422.jpg,ScreenRecording_06-19-2026 21-33-55_1.MP4,ScreenRecording_06-19-2026_21-33-55_1,1422,23720,6.43,False
ScreenRecording_06-19-2026_21-33-55_1_001428.jpg,ScreenRecording_06-19-2026 21-33-55_1.MP4,ScreenRecording_06-19-2026_21-33-55_1,1428,23820,6.36,False
ScreenRecording_06-19-2026_21-33-55_1_001434.jpg,ScreenRecording_06-19-2026 21-33-55_1.MP4,ScreenRecording_06-19-2026_21-33-55_1,1434,23920,5.88,False
ScreenRecording_06-19-2026_21-33-55_1_001440.jpg,ScreenRecording_06-19-2026 21-33-55_1.MP4,ScreenRecording_06-19-2026_21-33-55_1,1440,24020,5.16,False
ScreenRecording_06-19-2026_21-33-55_1_001446.jpg,ScreenRecording_06-19-2026 21-33-55_1.MP4,ScreenRecording_06-19-2026_21-33-55_1,1446,24120,5.57,False
ScreenRecording_06-19-2026_21-33-55_1_001452.jpg,ScreenRecording_06-19-2026 21-33-55_1.MP4,ScreenRecording_06-19-2026_21-33-55_1,1452,24220,6.2,False
ScreenRecording_06-19-2026_21-33-55_1_001458.jpg,ScreenRecording_06-19-2026 21-33-55_1.MP4,ScreenRecording_06-19-2026_21-33-55_1,1458,24320,5.94,False
ScreenRecording_06-19-2026_21-33-55_1_001464.jpg,ScreenRecording_06-19-2026 21-33-55_1.MP4,ScreenRecording_06-19-2026_21-33-55_1,1464,24420,5.27,False
ScreenRecording_06-19-2026_21-33-55_1_001470.jpg,ScreenRecording_06-19-2026 21-33-55_1.MP4,ScreenRecording_06-19-2026_21-33-55_1,1470,24520,4.74,False
ScreenRecording_06-19-2026_21-33-55_1_001476.jpg,ScreenRecording_06-19-2026 21-33-55_1.MP4,ScreenRecording_06-19-2026_21-33-55_1,1476,24620,5.54,False
ScreenRecording_06-19-2026_21-33-55_1_001482.jpg,ScreenRecording_06-19-2026 21-33-55_1.MP4,ScreenRecording_06-19-2026_21-33-55_1,1482,24720,6.68,False
ScreenRecording_06-19-2026_21-33-55_1_001488.jpg,ScreenRecording_06-19-2026 21-33-55_1.MP4,ScreenRecording_06-19-2026_21-33-55_1,1488,24820,6.68,False
ScreenRecording_06-19-2026_21-33-55_1_001494.jpg,ScreenRecording_06-19-2026 21-33-55_1.MP4,ScreenRecording_06-19-2026_21-33-55_1,1494,24920,7.1,False
ScreenRecording_06-19-2026_21-33-55_1_001500.jpg,ScreenRecording_06-19-2026 21-33-55_1.MP4,ScreenRecording_06-19-2026_21-33-55_1,1500,25020,7.6,False
ScreenRecording_06-19-2026_21-33-55_1_001506.jpg,ScreenRecording_06-19-2026 21-33-55_1.MP4,ScreenRecording_06-19-2026_21-33-55_1,1506,25118,8.19,True
ScreenRecording_06-19-2026_21-33-55_1_001512.jpg,ScreenRecording_06-19-2026 21-33-55_1.MP4,ScreenRecording_06-19-2026_21-33-55_1,1512,25218,1.32,False
ScreenRecording_06-19-2026_21-33-55_1_001518.jpg,ScreenRecording_06-19-2026 21-33-55_1.MP4,ScreenRecording_06-19-2026_21-33-55_1,1518,25318,2.22,False
ScreenRecording_06-19-2026_21-33-55_1_001524.jpg,ScreenRecording_06-19-2026 21-33-55_1.MP4,ScreenRecording_06-19-2026_21-33-55_1,1524,25418,3.27,False
ScreenRecording_06-19-2026_21-33-55_1_001530.jpg,ScreenRecording_06-19-2026 21-33-55_1.MP4,ScreenRecording_06-19-2026_21-33-55_1,1530,25518,3.65,False
ScreenRecording_06-19-2026_21-33-55_1_001536.jpg,ScreenRecording_06-19-2026 21-33-55_1.MP4,ScreenRecording_06-19-2026_21-33-55_1,1536,25618,3.97,False
ScreenRecording_06-19-2026_21-33-55_1_001542.jpg,ScreenRecording_06-19-2026 21-33-55_1.MP4,ScreenRecording_06-19-2026_21-33-55_1,1542,25718,4.47,False
ScreenRecording_06-19-2026_21-33-55_1_001548.jpg,ScreenRecording_06-19-2026 21-33-55_1.MP4,ScreenRecording_06-19-2026_21-33-55_1,1548,25818,5.13,False
ScreenRecording_06-19-2026_21-33-55_1_001554.jpg,ScreenRecording_06-19-2026 21-33-55_1.MP4,ScreenRecording_06-19-2026_21-33-55_1,1554,25918,5.45,False
ScreenRecording_06-19-2026_21-33-55_1_001560.jpg,ScreenRecording_06-19-2026 21-33-55_1.MP4,ScreenRecording_06-19-2026_21-33-55_1,1560,26018,5.36,False
ScreenRecording_06-19-2026_21-33-55_1_001566.jpg,ScreenRecording_06-19-2026 21-33-55_1.MP4,ScreenRecording_06-19-2026_21-33-55_1,1566,26118,5.01,False
ScreenRecording_06-19-2026_21-33-55_1_001572.jpg,ScreenRecording_06-19-2026 21-33-55_1.MP4,ScreenRecording_06-19-2026_21-33-55_1,1572,26218,4.47,False
ScreenRecording_06-19-2026_21-33-55_1_001578.jpg,ScreenRecording_06-19-2026 21-33-55_1.MP4,ScreenRecording_06-19-2026_21-33-55_1,1578,26318,4.08,False
ScreenRecording_06-19-2026_21-33-55_1_001584.jpg,ScreenRecording_06-19-2026 21-33-55_1.MP4,ScreenRecording_06-19-2026_21-33-55_1,1584,26418,4.03,False
ScreenRecording_06-19-2026_21-33-55_1_001590.jpg,ScreenRecording_06-19-2026 21-33-55_1.MP4,ScreenRecording_06-19-2026_21-33-55_1,1590,26518,4.08,False
ScreenRecording_06-19-2026_21-33-55_1_001596.jpg,ScreenRecording_06-19-2026 21-33-55_1.MP4,ScreenRecording_06-19-2026_21-33-55_1,1596,26616,4.2,False
ScreenRecording_06-19-2026_21-33-55_1_001602.jpg,ScreenRecording_06-19-2026 21-33-55_1.MP4,ScreenRecording_06-19-2026_21-33-55_1,1602,26716,4.39,False
ScreenRecording_06-19-2026_21-33-55_1_001608.jpg,ScreenRecording_06-19-2026 21-33-55_1.MP4,ScreenRecording_06-19-2026_21-33-55_1,1608,26816,4.56,False
ScreenRecording_06-19-2026_21-33-55_1_001614.jpg,ScreenRecording_06-19-2026 21-33-55_1.MP4,ScreenRecording_06-19-2026_21-33-55_1,1614,26916,4.68,False
ScreenRecording_06-19-2026_21-33-55_1_001620.jpg,ScreenRecording_06-19-2026 21-33-55_1.MP4,ScreenRecording_06-19-2026_21-33-55_1,1620,27016,4.76,False
ScreenRecording_06-19-2026_21-33-55_1_001626.jpg,ScreenRecording_06-19-2026 21-33-55_1.MP4,ScreenRecording_06-19-2026_21-33-55_1,1626,27116,4.85,False
ScreenRecording_06-19-2026_21-33-55_1_001632.jpg,ScreenRecording_06-19-2026 21-33-55_1.MP4,ScreenRecording_06-19-2026_21-33-55_1,1632,27216,4.98,False
ScreenRecording_06-19-2026_21-33-55_1_001638.jpg,ScreenRecording_06-19-2026 21-33-55_1.MP4,ScreenRecording_06-19-2026_21-33-55_1,1638,27316,5.05,False
ScreenRecording_06-19-2026_21-33-55_1_001644.jpg,ScreenRecording_06-19-2026 21-33-55_1.MP4,ScreenRecording_06-19-2026_21-33-55_1,1644,27416,5.28,False
ScreenRecording_06-19-2026_21-33-55_1_001650.jpg,ScreenRecording_06-19-2026 21-33-55_1.MP4,ScreenRecording_06-19-2026_21-33-55_1,1650,27516,5.52,False
ScreenRecording_06-19-2026_21-33-55_1_001656.jpg,ScreenRecording_06-19-2026 21-33-55_1.MP4,ScreenRecording_06-19-2026_21-33-55_1,1656,27616,5.77,False
ScreenRecording_06-19-2026_21-33-55_1_001662.jpg,ScreenRecording_06-19-2026 21-33-55_1.MP4,ScreenRecording_06-19-2026_21-33-55_1,1662,27716,6.03,False
ScreenRecording_06-19-2026_21-33-55_1_001668.jpg,ScreenRecording_06-19-2026 21-33-55_1.MP4,ScreenRecording_06-19-2026_21-33-55_1,1668,27816,6.1,False
ScreenRecording_06-19-2026_21-33-55_1_001674.jpg,ScreenRecording_06-19-2026 21-33-55_1.MP4,ScreenRecording_06-19-2026_21-33-55_1,1674,27916,6.14,False
ScreenRecording_06-19-2026_21-33-55_1_001680.jpg,ScreenRecording_06-19-2026 21-33-55_1.MP4,ScreenRecording_06-19-2026_21-33-55_1,1680,28016,6.02,False
ScreenRecording_06-19-2026_21-33-55_1_001686.jpg,ScreenRecording_06-19-2026 21-33-55_1.MP4,ScreenRecording_06-19-2026_21-33-55_1,1686,28115,5.73,False
ScreenRecording_06-19-2026_21-33-55_1_001692.jpg,ScreenRecording_06-19-2026 21-33-55_1.MP4,ScreenRecording_06-19-2026_21-33-55_1,1692,28215,5.76,False
ScreenRecording_06-19-2026_21-33-55_1_001698.jpg,ScreenRecording_06-19-2026 21-33-55_1.MP4,ScreenRecording_06-19-2026_21-33-55_1,1698,28315,5.94,False
ScreenRecording_06-19-2026_21-33-55_1_001704.jpg,ScreenRecording_06-19-2026 21-33-55_1.MP4,ScreenRecording_06-19-2026_21-33-55_1,1704,28415,6.39,False
ScreenRecording_06-19-2026_21-33-55_1_001710.jpg,ScreenRecording_06-19-2026 21-33-55_1.MP4,ScreenRecording_06-19-2026_21-33-55_1,1710,28515,7.01,False
ScreenRecording_06-19-2026_21-33-55_1_001716.jpg,ScreenRecording_06-19-2026 21-33-55_1.MP4,ScreenRecording_06-19-2026_21-33-55_1,1716,28615,7.81,False
ScreenRecording_06-19-2026_21-33-55_1_001722.jpg,ScreenRecording_06-19-2026 21-33-55_1.MP4,ScreenRecording_06-19-2026_21-33-55_1,1722,28715,8.46,True
ScreenRecording_06-19-2026_21-33-55_1_001728.jpg,ScreenRecording_06-19-2026 21-33-55_1.MP4,ScreenRecording_06-19-2026_21-33-55_1,1728,28815,2.07,False
ScreenRecording_06-19-2026_21-33-55_1_001734.jpg,ScreenRecording_06-19-2026 21-33-55_1.MP4,ScreenRecording_06-19-2026_21-33-55_1,1734,28915,2.98,False
ScreenRecording_06-19-2026_21-33-55_1_001740.jpg,ScreenRecording_06-19-2026 21-33-55_1.MP4,ScreenRecording_06-19-2026_21-33-55_1,1740,29015,4.18,False
ScreenRecording_06-19-2026_21-33-55_1_001746.jpg,ScreenRecording_06-19-2026 21-33-55_1.MP4,ScreenRecording_06-19-2026_21-33-55_1,1746,29115,5.59,False
ScreenRecording_06-19-2026_21-33-55_1_001752.jpg,ScreenRecording_06-19-2026 21-33-55_1.MP4,ScreenRecording_06-19-2026_21-33-55_1,1752,29215,6.23,False
ScreenRecording_06-19-2026_21-33-55_1_001758.jpg,ScreenRecording_06-19-2026 21-33-55_1.MP4,ScreenRecording_06-19-2026_21-33-55_1,1758,29315,6.02,False
ScreenRecording_06-19-2026_21-33-55_1_001764.jpg,ScreenRecording_06-19-2026 21-33-55_1.MP4,ScreenRecording_06-19-2026_21-33-55_1,1764,29415,6.02,False
ScreenRecording_06-19-2026_21-33-55_1_001770.jpg,ScreenRecording_06-19-2026 21-33-55_1.MP4,ScreenRecording_06-19-2026_21-33-55_1,1770,29515,5.64,False
ScreenRecording_06-19-2026_21-33-55_1_001776.jpg,ScreenRecording_06-19-2026 21-33-55_1.MP4,ScreenRecording_06-19-2026_21-33-55_1,1776,29613,5.56,False
ScreenRecording_06-19-2026_21-33-55_1_001782.jpg,ScreenRecording_06-19-2026 21-33-55_1.MP4,ScreenRecording_06-19-2026_21-33-55_1,1782,29713,5.71,False
ScreenRecording_06-19-2026_21-33-55_1_001788.jpg,ScreenRecording_06-19-2026 21-33-55_1.MP4,ScreenRecording_06-19-2026_21-33-55_1,1788,29813,5.81,False
ScreenRecording_06-19-2026_21-33-55_1_001794.jpg,ScreenRecording_06-19-2026 21-33-55_1.MP4,ScreenRecording_06-19-2026_21-33-55_1,1794,29913,5.86,False
ScreenRecording_06-19-2026_21-33-55_1_001800.jpg,ScreenRecording_06-19-2026 21-33-55_1.MP4,ScreenRecording_06-19-2026_21-33-55_1,1800,30013,5.97,False
ScreenRecording_06-19-2026_21-33-55_1_001806.jpg,ScreenRecording_06-19-2026 21-33-55_1.MP4,ScreenRecording_06-19-2026_21-33-55_1,1806,30113,6.53,False
ScreenRecording_06-19-2026_21-33-55_1_001812.jpg,ScreenRecording_06-19-2026 21-33-55_1.MP4,ScreenRecording_06-19-2026_21-33-55_1,1812,30213,7.07,False
ScreenRecording_06-19-2026_21-33-55_1_001818.jpg,ScreenRecording_06-19-2026 21-33-55_1.MP4,ScreenRecording_06-19-2026_21-33-55_1,1818,30313,7.76,False
ScreenRecording_06-19-2026_21-33-55_1_001824.jpg,ScreenRecording_06-19-2026 21-33-55_1.MP4,ScreenRecording_06-19-2026_21-33-55_1,1824,30413,8.28,True
ScreenRecording_06-19-2026_21-33-55_1_001830.jpg,ScreenRecording_06-19-2026 21-33-55_1.MP4,ScreenRecording_06-19-2026_21-33-55_1,1830,30513,1.35,False
ScreenRecording_06-19-2026_21-33-55_1_001836.jpg,ScreenRecording_06-19-2026 21-33-55_1.MP4,ScreenRecording_06-19-2026_21-33-55_1,1836,30613,2.4,False
ScreenRecording_06-19-2026_21-33-55_1_001842.jpg,ScreenRecording_06-19-2026 21-33-55_1.MP4,ScreenRecording_06-19-2026_21-33-55_1,1842,30713,3.34,False
ScreenRecording_06-19-2026_21-33-55_1_001848.jpg,ScreenRecording_06-19-2026 21-33-55_1.MP4,ScreenRecording_06-19-2026_21-33-55_1,1848,30813,4.28,False
ScreenRecording_06-19-2026_21-33-55_1_001854.jpg,ScreenRecording_06-19-2026 21-33-55_1.MP4,ScreenRecording_06-19-2026_21-33-55_1,1854,30913,5.13,False
ScreenRecording_06-19-2026_21-33-55_1_001860.jpg,ScreenRecording_06-19-2026 21-33-55_1.MP4,ScreenRecording_06-19-2026_21-33-55_1,1860,31011,5.92,False
ScreenRecording_06-19-2026_21-33-55_1_001866.jpg,ScreenRecording_06-19-2026 21-33-55_1.MP4,ScreenRecording_06-19-2026_21-33-55_1,1866,31111,6.55,False
ScreenRecording_06-19-2026_21-33-55_1_001872.jpg,ScreenRecording_06-19-2026 21-33-55_1.MP4,ScreenRecording_06-19-2026_21-33-55_1,1872,31211,6.79,False
ScreenRecording_06-19-2026_21-33-55_1_001878.jpg,ScreenRecording_06-19-2026 21-33-55_1.MP4,ScreenRecording_06-19-2026_21-33-55_1,1878,31311,6.89,False
ScreenRecording_06-19-2026_21-33-55_1_001884.jpg,ScreenRecording_06-19-2026 21-33-55_1.MP4,ScreenRecording_06-19-2026_21-33-55_1,1884,31411,7.03,False
ScreenRecording_06-19-2026_21-33-55_1_001890.jpg,ScreenRecording_06-19-2026 21-33-55_1.MP4,ScreenRecording_06-19-2026_21-33-55_1,1890,31511,7.03,False
ScreenRecording_06-19-2026_21-33-55_1_001896.jpg,ScreenRecording_06-19-2026 21-33-55_1.MP4,ScreenRecording_06-19-2026_21-33-55_1,1896,31611,7.05,False
ScreenRecording_06-19-2026_21-33-55_1_001902.jpg,ScreenRecording_06-19-2026 21-33-55_1.MP4,ScreenRecording_06-19-2026_21-33-55_1,1902,31711,7.07,False
ScreenRecording_06-19-2026_21-33-55_1_001908.jpg,ScreenRecording_06-19-2026 21-33-55_1.MP4,ScreenRecording_06-19-2026_21-33-55_1,1908,31811,7.07,False
ScreenRecording_06-19-2026_21-33-55_1_001914.jpg,ScreenRecording_06-19-2026 21-33-55_1.MP4,ScreenRecording_06-19-2026_21-33-55_1,1914,31911,18.55,True
ScreenRecording_06-19-2026_21-33-55_1_001920.jpg,ScreenRecording_06-19-2026 21-33-55_1.MP4,ScreenRecording_06-19-2026_21-33-55_1,1920,32011,1.14,False
ScreenRecording_06-19-2026_21-33-55_1_001926.jpg,ScreenRecording_06-19-2026 21-33-55_1.MP4,ScreenRecording_06-19-2026_21-33-55_1,1926,32111,1.64,False
ScreenRecording_06-19-2026_21-33-55_1_001932.jpg,ScreenRecording_06-19-2026 21-33-55_1.MP4,ScreenRecording_06-19-2026_21-33-55_1,1932,32211,2.67,False
ScreenRecording_06-19-2026_21-33-55_1_001938.jpg,ScreenRecording_06-19-2026 21-33-55_1.MP4,ScreenRecording_06-19-2026_21-33-55_1,1938,32311,4.13,False
ScreenRecording_06-19-2026_21-33-55_1_001944.jpg,ScreenRecording_06-19-2026 21-33-55_1.MP4,ScreenRecording_06-19-2026_21-33-55_1,1944,32411,5.71,False
ScreenRecording_06-19-2026_21-33-55_1_001950.jpg,ScreenRecording_06-19-2026 21-33-55_1.MP4,ScreenRecording_06-19-2026_21-33-55_1,1950,32510,61.13,True
ScreenRecording_06-19-2026_21-33-55_1_001956.jpg,ScreenRecording_06-19-2026 21-33-55_1.MP4,ScreenRecording_06-19-2026_21-33-55_1,1956,32610,27.14,True
ScreenRecording_06-19-2026_21-33-55_1_001962.jpg,ScreenRecording_06-19-2026 21-33-55_1.MP4,ScreenRecording_06-19-2026_21-33-55_1,1962,32710,6.44,False
ScreenRecording_06-19-2026_21-33-55_1_001968.jpg,ScreenRecording_06-19-2026 21-33-55_1.MP4,ScreenRecording_06-19-2026_21-33-55_1,1968,32810,7.55,False
ScreenRecording_06-19-2026_21-33-55_1_001974.jpg,ScreenRecording_06-19-2026 21-33-55_1.MP4,ScreenRecording_06-19-2026_21-33-55_1,1974,32910,6.96,False
ScreenRecording_06-19-2026_21-33-55_1_001980.jpg,ScreenRecording_06-19-2026 21-33-55_1.MP4,ScreenRecording_06-19-2026_21-33-55_1,1980,33010,6.97,False
ScreenRecording_06-19-2026_21-33-55_1_001986.jpg,ScreenRecording_06-19-2026 21-33-55_1.MP4,ScreenRecording_06-19-2026_21-33-55_1,1986,33110,6.97,False
ScreenRecording_06-19-2026_21-33-55_1_001992.jpg,ScreenRecording_06-19-2026 21-33-55_1.MP4,ScreenRecording_06-19-2026_21-33-55_1,1992,33210,7.17,False
ScreenRecording_06-19-2026_21-33-55_1_001998.jpg,ScreenRecording_06-19-2026 21-33-55_1.MP4,ScreenRecording_06-19-2026_21-33-55_1,1998,33310,7.14,False
ScreenRecording_06-19-2026_21-33-55_1_002004.jpg,ScreenRecording_06-19-2026 21-33-55_1.MP4,ScreenRecording_06-19-2026_21-33-55_1,2004,33410,7.08,False
ScreenRecording_06-19-2026_21-33-55_1_002010.jpg,ScreenRecording_06-19-2026 21-33-55_1.MP4,ScreenRecording_06-19-2026_21-33-55_1,2010,33510,7.08,False
ScreenRecording_06-19-2026_21-33-55_1_002016.jpg,ScreenRecording_06-19-2026 21-33-55_1.MP4,ScreenRecording_06-19-2026_21-33-55_1,2016,33610,21.17,True
ScreenRecording_06-19-2026_21-33-55_1_002022.jpg,ScreenRecording_06-19-2026 21-33-55_1.MP4,ScreenRecording_06-19-2026_21-33-55_1,2022,33710,58.27,True
ScreenRecording_06-19-2026_21-33-55_1_002028.jpg,ScreenRecording_06-19-2026 21-33-55_1.MP4,ScreenRecording_06-19-2026_21-33-55_1,2028,33808,25.78,True
ScreenRecording_06-19-2026_21-33-55_1_002034.jpg,ScreenRecording_06-19-2026 21-33-55_1.MP4,ScreenRecording_06-19-2026_21-33-55_1,2034,33908,5.1,False
ScreenRecording_06-19-2026_21-33-55_1_002040.jpg,ScreenRecording_06-19-2026 21-33-55_1.MP4,ScreenRecording_06-19-2026_21-33-55_1,2040,34008,6.03,False
ScreenRecording_06-19-2026_21-33-55_1_002046.jpg,ScreenRecording_06-19-2026 21-33-55_1.MP4,ScreenRecording_06-19-2026_21-33-55_1,2046,34108,8.88,True
ScreenRecording_06-19-2026_21-33-55_1_002052.jpg,ScreenRecording_06-19-2026 21-33-55_1.MP4,ScreenRecording_06-19-2026_21-33-55_1,2052,34208,0.56,False
ScreenRecording_06-19-2026_21-33-55_1_002058.jpg,ScreenRecording_06-19-2026 21-33-55_1.MP4,ScreenRecording_06-19-2026_21-33-55_1,2058,34308,0.79,False
ScreenRecording_06-19-2026_21-33-55_1_002064.jpg,ScreenRecording_06-19-2026 21-33-55_1.MP4,ScreenRecording_06-19-2026_21-33-55_1,2064,34408,0.96,False
ScreenRecording_06-19-2026_21-33-55_1_002070.jpg,ScreenRecording_06-19-2026 21-33-55_1.MP4,ScreenRecording_06-19-2026_21-33-55_1,2070,34508,1.17,False
ScreenRecording_06-19-2026_21-33-55_1_002076.jpg,ScreenRecording_06-19-2026 21-33-55_1.MP4,ScreenRecording_06-19-2026_21-33-55_1,2076,34608,1.22,False
ScreenRecording_06-19-2026_21-33-55_1_002082.jpg,ScreenRecording_06-19-2026 21-33-55_1.MP4,ScreenRecording_06-19-2026_21-33-55_1,2082,34708,1.44,False
ScreenRecording_06-19-2026_21-33-55_1_002088.jpg,ScreenRecording_06-19-2026 21-33-55_1.MP4,ScreenRecording_06-19-2026_21-33-55_1,2088,34808,4.88,False
ScreenRecording_06-19-2026_21-33-55_1_002094.jpg,ScreenRecording_06-19-2026 21-33-55_1.MP4,ScreenRecording_06-19-2026_21-33-55_1,2094,34908,4.92,False
ScreenRecording_06-19-2026_21-33-55_1_002100.jpg,ScreenRecording_06-19-2026 21-33-55_1.MP4,ScreenRecording_06-19-2026_21-33-55_1,2100,35008,4.71,False
ScreenRecording_06-19-2026_21-33-55_1_002106.jpg,ScreenRecording_06-19-2026 21-33-55_1.MP4,ScreenRecording_06-19-2026_21-33-55_1,2106,35108,4.78,False
ScreenRecording_06-19-2026_21-33-55_1_002112.jpg,ScreenRecording_06-19-2026 21-33-55_1.MP4,ScreenRecording_06-19-2026_21-33-55_1,2112,35206,7.77,False
ScreenRecording_06-19-2026_21-33-55_1_002118.jpg,ScreenRecording_06-19-2026 21-33-55_1.MP4,ScreenRecording_06-19-2026_21-33-55_1,2118,35306,7.72,False
ScreenRecording_06-19-2026_21-33-55_1_002124.jpg,ScreenRecording_06-19-2026 21-33-55_1.MP4,ScreenRecording_06-19-2026_21-33-55_1,2124,35406,8.15,True
ScreenRecording_06-19-2026_21-33-55_1_002130.jpg,ScreenRecording_06-19-2026 21-33-55_1.MP4,ScreenRecording_06-19-2026_21-33-55_1,2130,35506,1.89,False
ScreenRecording_06-19-2026_21-33-55_1_002136.jpg,ScreenRecording_06-19-2026 21-33-55_1.MP4,ScreenRecording_06-19-2026_21-33-55_1,2136,35606,3.29,False
ScreenRecording_06-19-2026_21-33-55_1_002142.jpg,ScreenRecording_06-19-2026 21-33-55_1.MP4,ScreenRecording_06-19-2026_21-33-55_1,2142,35706,3.53,False
ScreenRecording_06-19-2026_21-33-55_1_002148.jpg,ScreenRecording_06-19-2026 21-33-55_1.MP4,ScreenRecording_06-19-2026_21-33-55_1,2148,35806,3.27,False
ScreenRecording_06-19-2026_21-33-55_1_002154.jpg,ScreenRecording_06-19-2026 21-33-55_1.MP4,ScreenRecording_06-19-2026_21-33-55_1,2154,35906,5.17,False
ScreenRecording_06-19-2026_21-33-55_1_002160.jpg,ScreenRecording_06-19-2026 21-33-55_1.MP4,ScreenRecording_06-19-2026_21-33-55_1,2160,36006,5.51,False
ScreenRecording_06-19-2026_21-33-55_1_002166.jpg,ScreenRecording_06-19-2026 21-33-55_1.MP4,ScreenRecording_06-19-2026_21-33-55_1,2166,36106,5.74,False
ScreenRecording_06-19-2026_21-33-55_1_002172.jpg,ScreenRecording_06-19-2026 21-33-55_1.MP4,ScreenRecording_06-19-2026_21-33-55_1,2172,36206,5.99,False
ScreenRecording_06-19-2026_21-33-55_1_002178.jpg,ScreenRecording_06-19-2026 21-33-55_1.MP4,ScreenRecording_06-19-2026_21-33-55_1,2178,36306,6.24,False
ScreenRecording_06-19-2026_21-33-55_1_002184.jpg,ScreenRecording_06-19-2026 21-33-55_1.MP4,ScreenRecording_06-19-2026_21-33-55_1,2184,36406,6.44,False
ScreenRecording_06-19-2026_21-33-55_1_002190.jpg,ScreenRecording_06-19-2026 21-33-55_1.MP4,ScreenRecording_06-19-2026_21-33-55_1,2190,36506,6.62,False
ScreenRecording_06-19-2026_21-33-55_1_002196.jpg,ScreenRecording_06-19-2026 21-33-55_1.MP4,ScreenRecording_06-19-2026_21-33-55_1,2196,36605,6.76,False
ScreenRecording_06-19-2026_21-33-55_1_002202.jpg,ScreenRecording_06-19-2026 21-33-55_1.MP4,ScreenRecording_06-19-2026_21-33-55_1,2202,36705,6.91,False
ScreenRecording_06-19-2026_21-33-55_1_002208.jpg,ScreenRecording_06-19-2026 21-33-55_1.MP4,ScreenRecording_06-19-2026_21-33-55_1,2208,36805,7.07,False
ScreenRecording_06-19-2026_21-33-55_1_002214.jpg,ScreenRecording_06-19-2026 21-33-55_1.MP4,ScreenRecording_06-19-2026_21-33-55_1,2214,36905,9.38,True
ScreenRecording_06-19-2026_21-33-55_1_002220.jpg,ScreenRecording_06-19-2026 21-33-55_1.MP4,ScreenRecording_06-19-2026_21-33-55_1,2220,37005,9.74,True
ScreenRecording_06-19-2026_21-33-55_1_002226.jpg,ScreenRecording_06-19-2026 21-33-55_1.MP4,ScreenRecording_06-19-2026_21-33-55_1,2226,37105,3.18,False
ScreenRecording_06-19-2026_21-33-55_1_002232.jpg,ScreenRecording_06-19-2026 21-33-55_1.MP4,ScreenRecording_06-19-2026_21-33-55_1,2232,37205,5.51,False
ScreenRecording_06-19-2026_21-33-55_1_002238.jpg,ScreenRecording_06-19-2026 21-33-55_1.MP4,ScreenRecording_06-19-2026_21-33-55_1,2238,37305,7.56,False
ScreenRecording_06-19-2026_21-33-55_1_002244.jpg,ScreenRecording_06-19-2026 21-33-55_1.MP4,ScreenRecording_06-19-2026_21-33-55_1,2244,37405,8.36,True
ScreenRecording_06-19-2026_21-33-55_1_002250.jpg,ScreenRecording_06-19-2026 21-33-55_1.MP4,ScreenRecording_06-19-2026_21-33-55_1,2250,37505,5.53,False
ScreenRecording_06-19-2026_21-33-55_1_002256.jpg,ScreenRecording_06-19-2026 21-33-55_1.MP4,ScreenRecording_06-19-2026_21-33-55_1,2256,37605,7.17,False
ScreenRecording_06-19-2026_21-33-55_1_002262.jpg,ScreenRecording_06-19-2026 21-33-55_1.MP4,ScreenRecording_06-19-2026_21-33-55_1,2262,37705,7.35,False
ScreenRecording_06-19-2026_21-33-55_1_002268.jpg,ScreenRecording_06-19-2026 21-33-55_1.MP4,ScreenRecording_06-19-2026_21-33-55_1,2268,37805,7.43,False
ScreenRecording_06-19-2026_21-33-55_1_002274.jpg,ScreenRecording_06-19-2026 21-33-55_1.MP4,ScreenRecording_06-19-2026_21-33-55_1,2274,37905,7.44,False
ScreenRecording_06-19-2026_21-33-55_1_002280.jpg,ScreenRecording_06-19-2026 21-33-55_1.MP4,ScreenRecording_06-19-2026_21-33-55_1,2280,38003,7.53,False
ScreenRecording_06-19-2026_21-33-55_1_002286.jpg,ScreenRecording_06-19-2026 21-33-55_1.MP4,ScreenRecording_06-19-2026_21-33-55_1,2286,38103,7.5,False
ScreenRecording_06-19-2026_21-33-55_1_002292.jpg,ScreenRecording_06-19-2026 21-33-55_1.MP4,ScreenRecording_06-19-2026_21-33-55_1,2292,38203,7.09,False
ScreenRecording_06-19-2026_21-33-55_1_002298.jpg,ScreenRecording_06-19-2026 21-33-55_1.MP4,ScreenRecording_06-19-2026_21-33-55_1,2298,38303,6.32,False
ScreenRecording_06-19-2026_21-33-55_1_002304.jpg,ScreenRecording_06-19-2026 21-33-55_1.MP4,ScreenRecording_06-19-2026_21-33-55_1,2304,38403,5.85,False
ScreenRecording_06-19-2026_21-33-55_1_002310.jpg,ScreenRecording_06-19-2026 21-33-55_1.MP4,ScreenRecording_06-19-2026_21-33-55_1,2310,38503,6.93,False
ScreenRecording_06-19-2026_21-33-55_1_002316.jpg,ScreenRecording_06-19-2026 21-33-55_1.MP4,ScreenRecording_06-19-2026_21-33-55_1,2316,38603,7.0,False
ScreenRecording_06-19-2026_21-33-55_1_002322.jpg,ScreenRecording_06-19-2026 21-33-55_1.MP4,ScreenRecording_06-19-2026_21-33-55_1,2322,38703,6.86,False
ScreenRecording_06-19-2026_21-33-55_1_002328.jpg,ScreenRecording_06-19-2026 21-33-55_1.MP4,ScreenRecording_06-19-2026_21-33-55_1,2328,38803,5.95,False
ScreenRecording_06-19-2026_21-33-55_1_002334.jpg,ScreenRecording_06-19-2026 21-33-55_1.MP4,ScreenRecording_06-19-2026_21-33-55_1,2334,38903,4.55,False
ScreenRecording_06-19-2026_21-33-55_1_002340.jpg,ScreenRecording_06-19-2026 21-33-55_1.MP4,ScreenRecording_06-19-2026_21-33-55_1,2340,39003,6.48,False
ScreenRecording_06-19-2026_21-33-55_1_002346.jpg,ScreenRecording_06-19-2026 21-33-55_1.MP4,ScreenRecording_06-19-2026_21-33-55_1,2346,39103,7.11,False
ScreenRecording_06-19-2026_21-33-55_1_002352.jpg,ScreenRecording_06-19-2026 21-33-55_1.MP4,ScreenRecording_06-19-2026_21-33-55_1,2352,39203,7.23,False
ScreenRecording_06-19-2026_21-33-55_1_002358.jpg,ScreenRecording_06-19-2026 21-33-55_1.MP4,ScreenRecording_06-19-2026_21-33-55_1,2358,39303,6.36,False
ScreenRecording_06-19-2026_21-33-55_1_002364.jpg,ScreenRecording_06-19-2026 21-33-55_1.MP4,ScreenRecording_06-19-2026_21-33-55_1,2364,39401,5.93,False
ScreenRecording_06-19-2026_21-33-55_1_002370.jpg,ScreenRecording_06-19-2026 21-33-55_1.MP4,ScreenRecording_06-19-2026_21-33-55_1,2370,39501,6.87,False
ScreenRecording_06-19-2026_21-33-55_1_002376.jpg,ScreenRecording_06-19-2026 21-33-55_1.MP4,ScreenRecording_06-19-2026_21-33-55_1,2376,39601,7.28,False
ScreenRecording_06-19-2026_21-33-55_1_002382.jpg,ScreenRecording_06-19-2026 21-33-55_1.MP4,ScreenRecording_06-19-2026_21-33-55_1,2382,39701,7.43,False
ScreenRecording_06-19-2026_21-33-55_1_002388.jpg,ScreenRecording_06-19-2026 21-33-55_1.MP4,ScreenRecording_06-19-2026_21-33-55_1,2388,39801,6.83,False
ScreenRecording_06-19-2026_21-33-55_1_002394.jpg,ScreenRecording_06-19-2026 21-33-55_1.MP4,ScreenRecording_06-19-2026_21-33-55_1,2394,39901,6.34,False
ScreenRecording_06-19-2026_21-33-55_1_002400.jpg,ScreenRecording_06-19-2026 21-33-55_1.MP4,ScreenRecording_06-19-2026_21-33-55_1,2400,40001,6.6,False
ScreenRecording_06-19-2026_21-33-55_1_002406.jpg,ScreenRecording_06-19-2026 21-33-55_1.MP4,ScreenRecording_06-19-2026_21-33-55_1,2406,40101,6.7,False
ScreenRecording_06-19-2026_21-33-55_1_002412.jpg,ScreenRecording_06-19-2026 21-33-55_1.MP4,ScreenRecording_06-19-2026_21-33-55_1,2412,40201,6.48,False
ScreenRecording_06-19-2026_21-33-55_1_002418.jpg,ScreenRecording_06-19-2026 21-33-55_1.MP4,ScreenRecording_06-19-2026_21-33-55_1,2418,40301,5.44,False
ScreenRecording_06-19-2026_21-33-55_1_002424.jpg,ScreenRecording_06-19-2026 21-33-55_1.MP4,ScreenRecording_06-19-2026_21-33-55_1,2424,40401,4.26,False
ScreenRecording_06-19-2026_21-33-55_1_002430.jpg,ScreenRecording_06-19-2026 21-33-55_1.MP4,ScreenRecording_06-19-2026_21-33-55_1,2430,40501,6.1,False
ScreenRecording_06-19-2026_21-33-55_1_002436.jpg,ScreenRecording_06-19-2026 21-33-55_1.MP4,ScreenRecording_06-19-2026_21-33-55_1,2436,40601,7.19,False
ScreenRecording_06-19-2026_21-33-55_1_002442.jpg,ScreenRecording_06-19-2026 21-33-55_1.MP4,ScreenRecording_06-19-2026_21-33-55_1,2442,40701,7.38,False
ScreenRecording_06-19-2026_21-33-55_1_002448.jpg,ScreenRecording_06-19-2026 21-33-55_1.MP4,ScreenRecording_06-19-2026_21-33-55_1,2448,40800,8.02,True
ScreenRecording_06-19-2026_21-33-55_1_002454.jpg,ScreenRecording_06-19-2026 21-33-55_1.MP4,ScreenRecording_06-19-2026_21-33-55_1,2454,40900,4.38,False
ScreenRecording_06-19-2026_21-33-55_1_002460.jpg,ScreenRecording_06-19-2026 21-33-55_1.MP4,ScreenRecording_06-19-2026_21-33-55_1,2460,41000,5.7,False
ScreenRecording_06-19-2026_21-33-55_1_002466.jpg,ScreenRecording_06-19-2026 21-33-55_1.MP4,ScreenRecording_06-19-2026_21-33-55_1,2466,41100,5.84,False
ScreenRecording_06-19-2026_21-33-55_1_002472.jpg,ScreenRecording_06-19-2026 21-33-55_1.MP4,ScreenRecording_06-19-2026_21-33-55_1,2472,41200,4.92,False
ScreenRecording_06-19-2026_21-33-55_1_002478.jpg,ScreenRecording_06-19-2026 21-33-55_1.MP4,ScreenRecording_06-19-2026_21-33-55_1,2478,41300,3.99,False
ScreenRecording_06-19-2026_21-33-55_1_002484.jpg,ScreenRecording_06-19-2026 21-33-55_1.MP4,ScreenRecording_06-19-2026_21-33-55_1,2484,41400,4.77,False
ScreenRecording_06-19-2026_21-33-55_1_002490.jpg,ScreenRecording_06-19-2026 21-33-55_1.MP4,ScreenRecording_06-19-2026_21-33-55_1,2490,41500,5.72,False
ScreenRecording_06-19-2026_21-33-55_1_002496.jpg,ScreenRecording_06-19-2026 21-33-55_1.MP4,ScreenRecording_06-19-2026_21-33-55_1,2496,41600,5.67,False
ScreenRecording_06-19-2026_21-33-55_1_002502.jpg,ScreenRecording_06-19-2026 21-33-55_1.MP4,ScreenRecording_06-19-2026_21-33-55_1,2502,41700,5.19,False
ScreenRecording_06-19-2026_21-33-55_1_002508.jpg,ScreenRecording_06-19-2026 21-33-55_1.MP4,ScreenRecording_06-19-2026_21-33-55_1,2508,41800,4.68,False
ScreenRecording_06-19-2026_21-33-55_1_002514.jpg,ScreenRecording_06-19-2026 21-33-55_1.MP4,ScreenRecording_06-19-2026_21-33-55_1,2514,41900,5.06,False
ScreenRecording_06-19-2026_21-33-55_1_002520.jpg,ScreenRecording_06-19-2026 21-33-55_1.MP4,ScreenRecording_06-19-2026_21-33-55_1,2520,42000,5.53,False
ScreenRecording_06-19-2026_21-33-55_1_002526.jpg,ScreenRecording_06-19-2026 21-33-55_1.MP4,ScreenRecording_06-19-2026_21-33-55_1,2526,42100,5.35,False
ScreenRecording_06-19-2026_21-33-55_1_002532.jpg,ScreenRecording_06-19-2026 21-33-55_1.MP4,ScreenRecording_06-19-2026_21-33-55_1,2532,42198,4.74,False
ScreenRecording_06-19-2026_21-33-55_1_002538.jpg,ScreenRecording_06-19-2026 21-33-55_1.MP4,ScreenRecording_06-19-2026_21-33-55_1,2538,42298,4.46,False
ScreenRecording_06-19-2026_21-33-55_1_002544.jpg,ScreenRecording_06-19-2026 21-33-55_1.MP4,ScreenRecording_06-19-2026_21-33-55_1,2544,42398,6.36,False
ScreenRecording_06-19-2026_21-33-55_1_002550.jpg,ScreenRecording_06-19-2026 21-33-55_1.MP4,ScreenRecording_06-19-2026_21-33-55_1,2550,42498,7.29,False
ScreenRecording_06-19-2026_21-33-55_1_002556.jpg,ScreenRecording_06-19-2026 21-33-55_1.MP4,ScreenRecording_06-19-2026_21-33-55_1,2556,42598,7.42,False
ScreenRecording_06-19-2026_21-33-55_1_002562.jpg,ScreenRecording_06-19-2026 21-33-55_1.MP4,ScreenRecording_06-19-2026_21-33-55_1,2562,42698,7.47,False
ScreenRecording_06-19-2026_21-33-55_1_002568.jpg,ScreenRecording_06-19-2026 21-33-55_1.MP4,ScreenRecording_06-19-2026_21-33-55_1,2568,42798,7.59,False
ScreenRecording_06-19-2026_21-33-55_1_002574.jpg,ScreenRecording_06-19-2026 21-33-55_1.MP4,ScreenRecording_06-19-2026_21-33-55_1,2574,42898,7.5,False
ScreenRecording_06-19-2026_21-33-55_1_002580.jpg,ScreenRecording_06-19-2026 21-33-55_1.MP4,ScreenRecording_06-19-2026_21-33-55_1,2580,42998,7.08,False
ScreenRecording_06-19-2026_21-33-55_1_002586.jpg,ScreenRecording_06-19-2026 21-33-55_1.MP4,ScreenRecording_06-19-2026_21-33-55_1,2586,43098,5.26,False
ScreenRecording_06-19-2026_21-33-55_1_002592.jpg,ScreenRecording_06-19-2026 21-33-55_1.MP4,ScreenRecording_06-19-2026_21-33-55_1,2592,43198,5.23,False
ScreenRecording_06-19-2026_21-33-55_1_002598.jpg,ScreenRecording_06-19-2026 21-33-55_1.MP4,ScreenRecording_06-19-2026_21-33-55_1,2598,43298,5.93,False
ScreenRecording_06-19-2026_21-33-55_1_002604.jpg,ScreenRecording_06-19-2026 21-33-55_1.MP4,ScreenRecording_06-19-2026_21-33-55_1,2604,43398,7.03,False
ScreenRecording_06-19-2026_21-33-55_1_002610.jpg,ScreenRecording_06-19-2026 21-33-55_1.MP4,ScreenRecording_06-19-2026_21-33-55_1,2610,43496,7.59,False
ScreenRecording_06-19-2026_21-33-55_1_002616.jpg,ScreenRecording_06-19-2026 21-33-55_1.MP4,ScreenRecording_06-19-2026_21-33-55_1,2616,43596,7.5,False
ScreenRecording_06-19-2026_21-33-55_1_002622.jpg,ScreenRecording_06-19-2026 21-33-55_1.MP4,ScreenRecording_06-19-2026_21-33-55_1,2622,43696,6.97,False
ScreenRecording_06-19-2026_21-33-55_1_002628.jpg,ScreenRecording_06-19-2026 21-33-55_1.MP4,ScreenRecording_06-19-2026_21-33-55_1,2628,43796,6.38,False
ScreenRecording_06-19-2026_21-33-55_1_002634.jpg,ScreenRecording_06-19-2026 21-33-55_1.MP4,ScreenRecording_06-19-2026_21-33-55_1,2634,43896,5.69,False
ScreenRecording_06-19-2026_21-33-55_1_002640.jpg,ScreenRecording_06-19-2026 21-33-55_1.MP4,ScreenRecording_06-19-2026_21-33-55_1,2640,43996,5.63,False
ScreenRecording_06-19-2026_21-33-55_1_002646.jpg,ScreenRecording_06-19-2026 21-33-55_1.MP4,ScreenRecording_06-19-2026_21-33-55_1,2646,44096,5.9,False
ScreenRecording_06-19-2026_21-33-55_1_002652.jpg,ScreenRecording_06-19-2026 21-33-55_1.MP4,ScreenRecording_06-19-2026_21-33-55_1,2652,44196,6.37,False
ScreenRecording_06-19-2026_21-33-55_1_002658.jpg,ScreenRecording_06-19-2026 21-33-55_1.MP4,ScreenRecording_06-19-2026_21-33-55_1,2658,44296,6.75,False
ScreenRecording_06-19-2026_21-33-55_1_002664.jpg,ScreenRecording_06-19-2026 21-33-55_1.MP4,ScreenRecording_06-19-2026_21-33-55_1,2664,44396,7.12,False
ScreenRecording_06-19-2026_21-33-55_1_002670.jpg,ScreenRecording_06-19-2026 21-33-55_1.MP4,ScreenRecording_06-19-2026_21-33-55_1,2670,44496,7.39,False
ScreenRecording_06-19-2026_21-33-55_1_002676.jpg,ScreenRecording_06-19-2026 21-33-55_1.MP4,ScreenRecording_06-19-2026_21-33-55_1,2676,44596,7.56,False
ScreenRecording_06-19-2026_21-33-55_1_002682.jpg,ScreenRecording_06-19-2026 21-33-55_1.MP4,ScreenRecording_06-19-2026_21-33-55_1,2682,44696,7.74,False
ScreenRecording_06-19-2026_21-33-55_1_002688.jpg,ScreenRecording_06-19-2026 21-33-55_1.MP4,ScreenRecording_06-19-2026_21-33-55_1,2688,44796,7.86,False
ScreenRecording_06-19-2026_21-33-55_1_002694.jpg,ScreenRecording_06-19-2026 21-33-55_1.MP4,ScreenRecording_06-19-2026_21-33-55_1,2694,44895,15.18,True
ScreenRecording_06-19-2026_21-33-55_1_002700.jpg,ScreenRecording_06-19-2026 21-33-55_1.MP4,ScreenRecording_06-19-2026_21-33-55_1,2700,44995,1.56,False
ScreenRecording_06-19-2026_21-33-55_1_002706.jpg,ScreenRecording_06-19-2026 21-33-55_1.MP4,ScreenRecording_06-19-2026_21-33-55_1,2706,45095,3.79,False
ScreenRecording_06-19-2026_21-33-55_1_002712.jpg,ScreenRecording_06-19-2026 21-33-55_1.MP4,ScreenRecording_06-19-2026_21-33-55_1,2712,45195,6.95,False
ScreenRecording_06-19-2026_21-33-55_1_002718.jpg,ScreenRecording_06-19-2026 21-33-55_1.MP4,ScreenRecording_06-19-2026_21-33-55_1,2718,45295,7.26,False
ScreenRecording_06-19-2026_21-33-55_1_002724.jpg,ScreenRecording_06-19-2026 21-33-55_1.MP4,ScreenRecording_06-19-2026_21-33-55_1,2724,45395,7.2,False
ScreenRecording_06-19-2026_21-33-55_1_002730.jpg,ScreenRecording_06-19-2026 21-33-55_1.MP4,ScreenRecording_06-19-2026_21-33-55_1,2730,45495,7.37,False
ScreenRecording_06-19-2026_21-33-55_1_002736.jpg,ScreenRecording_06-19-2026 21-33-55_1.MP4,ScreenRecording_06-19-2026_21-33-55_1,2736,45595,7.54,False
ScreenRecording_06-19-2026_21-33-55_1_002742.jpg,ScreenRecording_06-19-2026 21-33-55_1.MP4,ScreenRecording_06-19-2026_21-33-55_1,2742,45695,7.44,False
ScreenRecording_06-19-2026_21-33-55_1_002748.jpg,ScreenRecording_06-19-2026 21-33-55_1.MP4,ScreenRecording_06-19-2026_21-33-55_1,2748,45795,7.13,False
ScreenRecording_06-19-2026_21-33-55_1_002754.jpg,ScreenRecording_06-19-2026 21-33-55_1.MP4,ScreenRecording_06-19-2026_21-33-55_1,2754,45895,6.92,False
ScreenRecording_06-19-2026_21-33-55_1_002760.jpg,ScreenRecording_06-19-2026 21-33-55_1.MP4,ScreenRecording_06-19-2026_21-33-55_1,2760,45995,6.69,False
ScreenRecording_06-19-2026_21-33-55_1_002766.jpg,ScreenRecording_06-19-2026 21-33-55_1.MP4,ScreenRecording_06-19-2026_21-33-55_1,2766,46095,6.77,False
ScreenRecording_06-19-2026_21-33-55_1_002772.jpg,ScreenRecording_06-19-2026 21-33-55_1.MP4,ScreenRecording_06-19-2026_21-33-55_1,2772,46195,7.33,False
ScreenRecording_06-19-2026_21-33-55_1_002778.jpg,ScreenRecording_06-19-2026 21-33-55_1.MP4,ScreenRecording_06-19-2026_21-33-55_1,2778,46293,7.73,False
ScreenRecording_06-19-2026_21-33-55_1_002784.jpg,ScreenRecording_06-19-2026 21-33-55_1.MP4,ScreenRecording_06-19-2026_21-33-55_1,2784,46393,7.58,False
ScreenRecording_06-19-2026_21-33-55_1_002790.jpg,ScreenRecording_06-19-2026 21-33-55_1.MP4,ScreenRecording_06-19-2026_21-33-55_1,2790,46493,7.57,False
ScreenRecording_06-19-2026_21-33-55_1_002796.jpg,ScreenRecording_06-19-2026 21-33-55_1.MP4,ScreenRecording_06-19-2026_21-33-55_1,2796,46593,7.6,False
ScreenRecording_06-19-2026_21-33-55_1_002802.jpg,ScreenRecording_06-19-2026 21-33-55_1.MP4,ScreenRecording_06-19-2026_21-33-55_1,2802,46693,7.5,False
ScreenRecording_06-19-2026_21-33-55_1_002808.jpg,ScreenRecording_06-19-2026 21-33-55_1.MP4,ScreenRecording_06-19-2026_21-33-55_1,2808,46793,7.54,False
ScreenRecording_06-19-2026_21-33-55_1_002814.jpg,ScreenRecording_06-19-2026 21-33-55_1.MP4,ScreenRecording_06-19-2026_21-33-55_1,2814,46893,7.54,False
ScreenRecording_06-19-2026_21-33-55_1_002820.jpg,ScreenRecording_06-19-2026 21-33-55_1.MP4,ScreenRecording_06-19-2026_21-33-55_1,2820,46993,6.96,False
ScreenRecording_06-19-2026_21-33-55_1_002826.jpg,ScreenRecording_06-19-2026 21-33-55_1.MP4,ScreenRecording_06-19-2026_21-33-55_1,2826,47093,5.71,False
ScreenRecording_06-19-2026_21-33-55_1_002832.jpg,ScreenRecording_06-19-2026 21-33-55_1.MP4,ScreenRecording_06-19-2026_21-33-55_1,2832,47193,6.02,False
ScreenRecording_06-19-2026_21-33-55_1_002838.jpg,ScreenRecording_06-19-2026 21-33-55_1.MP4,ScreenRecording_06-19-2026_21-33-55_1,2838,47293,7.07,False
ScreenRecording_06-19-2026_21-33-55_1_002844.jpg,ScreenRecording_06-19-2026 21-33-55_1.MP4,ScreenRecording_06-19-2026_21-33-55_1,2844,47393,5.81,False
ScreenRecording_06-19-2026_21-33-55_1_002850.jpg,ScreenRecording_06-19-2026 21-33-55_1.MP4,ScreenRecording_06-19-2026_21-33-55_1,2850,47493,7.35,False
ScreenRecording_06-19-2026_21-33-55_1_002856.jpg,ScreenRecording_06-19-2026 21-33-55_1.MP4,ScreenRecording_06-19-2026_21-33-55_1,2856,47593,7.62,False
ScreenRecording_06-19-2026_21-33-55_1_002862.jpg,ScreenRecording_06-19-2026 21-33-55_1.MP4,ScreenRecording_06-19-2026_21-33-55_1,2862,47691,7.24,False
ScreenRecording_06-19-2026_21-33-55_1_002868.jpg,ScreenRecording_06-19-2026 21-33-55_1.MP4,ScreenRecording_06-19-2026_21-33-55_1,2868,47791,6.57,False
ScreenRecording_06-19-2026_21-33-55_1_002874.jpg,ScreenRecording_06-19-2026 21-33-55_1.MP4,ScreenRecording_06-19-2026_21-33-55_1,2874,47891,6.64,False
ScreenRecording_06-19-2026_21-33-55_1_002880.jpg,ScreenRecording_06-19-2026 21-33-55_1.MP4,ScreenRecording_06-19-2026_21-33-55_1,2880,47991,6.93,False
ScreenRecording_06-19-2026_21-33-55_1_002886.jpg,ScreenRecording_06-19-2026 21-33-55_1.MP4,ScreenRecording_06-19-2026_21-33-55_1,2886,48091,6.85,False
ScreenRecording_06-19-2026_21-33-55_1_002892.jpg,ScreenRecording_06-19-2026 21-33-55_1.MP4,ScreenRecording_06-19-2026_21-33-55_1,2892,48191,6.49,False
ScreenRecording_06-19-2026_21-33-55_1_002898.jpg,ScreenRecording_06-19-2026 21-33-55_1.MP4,ScreenRecording_06-19-2026_21-33-55_1,2898,48291,5.89,False
ScreenRecording_06-19-2026_21-33-55_1_002904.jpg,ScreenRecording_06-19-2026 21-33-55_1.MP4,ScreenRecording_06-19-2026_21-33-55_1,2904,48391,7.61,False
ScreenRecording_06-19-2026_21-33-55_1_002910.jpg,ScreenRecording_06-19-2026 21-33-55_1.MP4,ScreenRecording_06-19-2026_21-33-55_1,2910,48491,8.48,True
ScreenRecording_06-19-2026_21-33-55_1_002916.jpg,ScreenRecording_06-19-2026 21-33-55_1.MP4,ScreenRecording_06-19-2026_21-33-55_1,2916,48591,2.91,False
ScreenRecording_06-19-2026_21-33-55_1_002922.jpg,ScreenRecording_06-19-2026 21-33-55_1.MP4,ScreenRecording_06-19-2026_21-33-55_1,2922,48691,4.02,False
ScreenRecording_06-19-2026_21-33-55_1_002928.jpg,ScreenRecording_06-19-2026 21-33-55_1.MP4,ScreenRecording_06-19-2026_21-33-55_1,2928,48791,4.91,False
ScreenRecording_06-19-2026_21-33-55_1_002934.jpg,ScreenRecording_06-19-2026 21-33-55_1.MP4,ScreenRecording_06-19-2026_21-33-55_1,2934,48891,5.95,False
ScreenRecording_06-19-2026_21-33-55_1_002940.jpg,ScreenRecording_06-19-2026 21-33-55_1.MP4,ScreenRecording_06-19-2026_21-33-55_1,2940,48991,7.4,False
ScreenRecording_06-19-2026_21-33-55_1_002946.jpg,ScreenRecording_06-19-2026 21-33-55_1.MP4,ScreenRecording_06-19-2026_21-33-55_1,2946,49090,7.55,False
ScreenRecording_06-19-2026_21-33-55_1_002952.jpg,ScreenRecording_06-19-2026 21-33-55_1.MP4,ScreenRecording_06-19-2026_21-33-55_1,2952,49190,7.47,False
ScreenRecording_06-19-2026_21-33-55_1_002958.jpg,ScreenRecording_06-19-2026 21-33-55_1.MP4,ScreenRecording_06-19-2026_21-33-55_1,2958,49290,6.88,False
ScreenRecording_06-19-2026_21-33-55_1_002964.jpg,ScreenRecording_06-19-2026 21-33-55_1.MP4,ScreenRecording_06-19-2026_21-33-55_1,2964,49390,5.85,False
ScreenRecording_06-19-2026_21-33-55_1_002970.jpg,ScreenRecording_06-19-2026 21-33-55_1.MP4,ScreenRecording_06-19-2026_21-33-55_1,2970,49490,5.18,False
ScreenRecording_06-19-2026_21-33-55_1_002976.jpg,ScreenRecording_06-19-2026 21-33-55_1.MP4,ScreenRecording_06-19-2026_21-33-55_1,2976,49590,5.14,False
ScreenRecording_06-19-2026_21-33-55_1_002982.jpg,ScreenRecording_06-19-2026 21-33-55_1.MP4,ScreenRecording_06-19-2026_21-33-55_1,2982,49690,5.42,False
ScreenRecording_06-19-2026_21-33-55_1_002988.jpg,ScreenRecording_06-19-2026 21-33-55_1.MP4,ScreenRecording_06-19-2026_21-33-55_1,2988,49790,5.7,False
ScreenRecording_06-19-2026_21-33-55_1_002994.jpg,ScreenRecording_06-19-2026 21-33-55_1.MP4,ScreenRecording_06-19-2026_21-33-55_1,2994,49890,5.76,False
ScreenRecording_06-19-2026_21-33-55_1_003000.jpg,ScreenRecording_06-19-2026 21-33-55_1.MP4,ScreenRecording_06-19-2026_21-33-55_1,3000,49990,4.15,False
ScreenRecording_06-19-2026_21-33-55_1_003006.jpg,ScreenRecording_06-19-2026 21-33-55_1.MP4,ScreenRecording_06-19-2026_21-33-55_1,3006,50090,4.5,False
ScreenRecording_06-19-2026_21-33-55_1_003012.jpg,ScreenRecording_06-19-2026 21-33-55_1.MP4,ScreenRecording_06-19-2026_21-33-55_1,3012,50190,5.83,False
ScreenRecording_06-19-2026_21-33-55_1_003018.jpg,ScreenRecording_06-19-2026 21-33-55_1.MP4,ScreenRecording_06-19-2026_21-33-55_1,3018,50290,6.28,False
ScreenRecording_06-19-2026_21-33-55_1_003024.jpg,ScreenRecording_06-19-2026 21-33-55_1.MP4,ScreenRecording_06-19-2026_21-33-55_1,3024,50390,6.27,False
ScreenRecording_06-19-2026_21-33-55_1_003030.jpg,ScreenRecording_06-19-2026 21-33-55_1.MP4,ScreenRecording_06-19-2026_21-33-55_1,3030,50488,6.19,False
ScreenRecording_06-19-2026_21-33-55_1_003036.jpg,ScreenRecording_06-19-2026 21-33-55_1.MP4,ScreenRecording_06-19-2026_21-33-55_1,3036,50588,6.5,False
ScreenRecording_06-19-2026_21-33-55_1_003042.jpg,ScreenRecording_06-19-2026 21-33-55_1.MP4,ScreenRecording_06-19-2026_21-33-55_1,3042,50688,5.94,False
ScreenRecording_06-19-2026_21-33-55_1_003048.jpg,ScreenRecording_06-19-2026 21-33-55_1.MP4,ScreenRecording_06-19-2026_21-33-55_1,3048,50788,5.78,False
ScreenRecording_06-19-2026_21-33-55_1_003054.jpg,ScreenRecording_06-19-2026 21-33-55_1.MP4,ScreenRecording_06-19-2026_21-33-55_1,3054,50888,6.3,False
ScreenRecording_06-19-2026_21-33-55_1_003060.jpg,ScreenRecording_06-19-2026 21-33-55_1.MP4,ScreenRecording_06-19-2026_21-33-55_1,3060,50988,6.84,False
ScreenRecording_06-19-2026_21-33-55_1_003066.jpg,ScreenRecording_06-19-2026 21-33-55_1.MP4,ScreenRecording_06-19-2026_21-33-55_1,3066,51088,6.61,False
ScreenRecording_06-19-2026_21-33-55_1_003072.jpg,ScreenRecording_06-19-2026 21-33-55_1.MP4,ScreenRecording_06-19-2026_21-33-55_1,3072,51188,5.88,False
ScreenRecording_06-19-2026_21-33-55_1_003078.jpg,ScreenRecording_06-19-2026 21-33-55_1.MP4,ScreenRecording_06-19-2026_21-33-55_1,3078,51288,4.1,False
ScreenRecording_06-19-2026_21-33-55_1_003084.jpg,ScreenRecording_06-19-2026 21-33-55_1.MP4,ScreenRecording_06-19-2026_21-33-55_1,3084,51388,3.92,False
ScreenRecording_06-19-2026_21-33-55_1_003090.jpg,ScreenRecording_06-19-2026 21-33-55_1.MP4,ScreenRecording_06-19-2026_21-33-55_1,3090,51488,5.11,False
ScreenRecording_06-19-2026_21-33-55_1_003096.jpg,ScreenRecording_06-19-2026 21-33-55_1.MP4,ScreenRecording_06-19-2026_21-33-55_1,3096,51588,5.67,False
ScreenRecording_06-19-2026_21-33-55_1_003102.jpg,ScreenRecording_06-19-2026 21-33-55_1.MP4,ScreenRecording_06-19-2026_21-33-55_1,3102,51688,5.88,False
ScreenRecording_06-19-2026_21-33-55_1_003108.jpg,ScreenRecording_06-19-2026 21-33-55_1.MP4,ScreenRecording_06-19-2026_21-33-55_1,3108,51786,6.14,False
ScreenRecording_06-19-2026_21-33-55_1_003114.jpg,ScreenRecording_06-19-2026 21-33-55_1.MP4,ScreenRecording_06-19-2026_21-33-55_1,3114,51886,6.16,False
ScreenRecording_06-19-2026_21-33-55_1_003120.jpg,ScreenRecording_06-19-2026 21-33-55_1.MP4,ScreenRecording_06-19-2026_21-33-55_1,3120,51986,6.92,False
ScreenRecording_06-19-2026_21-33-55_1_003126.jpg,ScreenRecording_06-19-2026 21-33-55_1.MP4,ScreenRecording_06-19-2026_21-33-55_1,3126,52086,7.51,False
ScreenRecording_06-19-2026_21-33-55_1_003132.jpg,ScreenRecording_06-19-2026 21-33-55_1.MP4,ScreenRecording_06-19-2026_21-33-55_1,3132,52186,7.78,False
ScreenRecording_06-19-2026_21-33-55_1_003138.jpg,ScreenRecording_06-19-2026 21-33-55_1.MP4,ScreenRecording_06-19-2026_21-33-55_1,3138,52286,7.57,False
ScreenRecording_06-19-2026_21-33-55_1_003144.jpg,ScreenRecording_06-19-2026 21-33-55_1.MP4,ScreenRecording_06-19-2026_21-33-55_1,3144,52386,7.28,False
ScreenRecording_06-19-2026_21-33-55_1_003150.jpg,ScreenRecording_06-19-2026 21-33-55_1.MP4,ScreenRecording_06-19-2026_21-33-55_1,3150,52486,6.86,False
ScreenRecording_06-19-2026_21-33-55_1_003156.jpg,ScreenRecording_06-19-2026 21-33-55_1.MP4,ScreenRecording_06-19-2026_21-33-55_1,3156,52586,6.73,False
ScreenRecording_06-19-2026_21-33-55_1_003162.jpg,ScreenRecording_06-19-2026 21-33-55_1.MP4,ScreenRecording_06-19-2026_21-33-55_1,3162,52686,6.24,False
ScreenRecording_06-19-2026_21-33-55_1_003168.jpg,ScreenRecording_06-19-2026 21-33-55_1.MP4,ScreenRecording_06-19-2026_21-33-55_1,3168,52786,6.71,False
ScreenRecording_06-19-2026_21-33-55_1_003174.jpg,ScreenRecording_06-19-2026 21-33-55_1.MP4,ScreenRecording_06-19-2026_21-33-55_1,3174,52886,7.42,False
ScreenRecording_06-19-2026_21-33-55_1_003180.jpg,ScreenRecording_06-19-2026 21-33-55_1.MP4,ScreenRecording_06-19-2026_21-33-55_1,3180,52986,7.47,False
ScreenRecording_06-19-2026_21-33-55_1_003186.jpg,ScreenRecording_06-19-2026 21-33-55_1.MP4,ScreenRecording_06-19-2026_21-33-55_1,3186,53086,7.44,False
ScreenRecording_06-19-2026_21-33-55_1_003192.jpg,ScreenRecording_06-19-2026 21-33-55_1.MP4,ScreenRecording_06-19-2026_21-33-55_1,3192,53185,7.61,False
ScreenRecording_06-19-2026_21-33-55_1_003198.jpg,ScreenRecording_06-19-2026 21-33-55_1.MP4,ScreenRecording_06-19-2026_21-33-55_1,3198,53285,7.63,False
ScreenRecording_06-19-2026_21-33-55_1_003204.jpg,ScreenRecording_06-19-2026 21-33-55_1.MP4,ScreenRecording_06-19-2026_21-33-55_1,3204,53385,7.43,False
ScreenRecording_06-19-2026_21-33-55_1_003210.jpg,ScreenRecording_06-19-2026 21-33-55_1.MP4,ScreenRecording_06-19-2026_21-33-55_1,3210,53485,7.11,False
ScreenRecording_06-19-2026_21-33-55_1_003216.jpg,ScreenRecording_06-19-2026 21-33-55_1.MP4,ScreenRecording_06-19-2026_21-33-55_1,3216,53585,6.82,False
ScreenRecording_06-19-2026_21-33-55_1_003222.jpg,ScreenRecording_06-19-2026 21-33-55_1.MP4,ScreenRecording_06-19-2026_21-33-55_1,3222,53685,6.66,False
ScreenRecording_06-19-2026_21-33-55_1_003228.jpg,ScreenRecording_06-19-2026 21-33-55_1.MP4,ScreenRecording_06-19-2026_21-33-55_1,3228,53785,6.52,False
ScreenRecording_06-19-2026_21-33-55_1_003234.jpg,ScreenRecording_06-19-2026 21-33-55_1.MP4,ScreenRecording_06-19-2026_21-33-55_1,3234,53885,6.51,False
ScreenRecording_06-19-2026_21-33-55_1_003240.jpg,ScreenRecording_06-19-2026 21-33-55_1.MP4,ScreenRecording_06-19-2026_21-33-55_1,3240,53985,6.5,False
ScreenRecording_06-19-2026_21-33-55_1_003246.jpg,ScreenRecording_06-19-2026 21-33-55_1.MP4,ScreenRecording_06-19-2026_21-33-55_1,3246,54085,6.32,False
ScreenRecording_06-19-2026_21-33-55_1_003252.jpg,ScreenRecording_06-19-2026 21-33-55_1.MP4,ScreenRecording_06-19-2026_21-33-55_1,3252,54185,6.41,False
ScreenRecording_06-19-2026_21-33-55_1_003258.jpg,ScreenRecording_06-19-2026 21-33-55_1.MP4,ScreenRecording_06-19-2026_21-33-55_1,3258,54285,6.86,False
ScreenRecording_06-19-2026_21-33-55_1_003264.jpg,ScreenRecording_06-19-2026 21-33-55_1.MP4,ScreenRecording_06-19-2026_21-33-55_1,3264,54385,7.38,False
ScreenRecording_06-19-2026_21-33-55_1_003270.jpg,ScreenRecording_06-19-2026 21-33-55_1.MP4,ScreenRecording_06-19-2026_21-33-55_1,3270,54485,7.74,False
ScreenRecording_06-19-2026_21-33-55_1_003276.jpg,ScreenRecording_06-19-2026 21-33-55_1.MP4,ScreenRecording_06-19-2026_21-33-55_1,3276,54583,7.99,False
ScreenRecording_06-19-2026_21-33-55_1_003282.jpg,ScreenRecording_06-19-2026 21-33-55_1.MP4,ScreenRecording_06-19-2026_21-33-55_1,3282,54683,7.94,False
ScreenRecording_06-19-2026_21-33-55_1_003288.jpg,ScreenRecording_06-19-2026 21-33-55_1.MP4,ScreenRecording_06-19-2026_21-33-55_1,3288,54783,8.02,True
ScreenRecording_06-19-2026_21-33-55_1_003294.jpg,ScreenRecording_06-19-2026 21-33-55_1.MP4,ScreenRecording_06-19-2026_21-33-55_1,3294,54883,3.88,False
ScreenRecording_06-19-2026_21-33-55_1_003300.jpg,ScreenRecording_06-19-2026 21-33-55_1.MP4,ScreenRecording_06-19-2026_21-33-55_1,3300,54983,4.33,False
ScreenRecording_06-19-2026_21-33-55_1_003306.jpg,ScreenRecording_06-19-2026 21-33-55_1.MP4,ScreenRecording_06-19-2026_21-33-55_1,3306,55083,4.61,False
ScreenRecording_06-19-2026_21-33-55_1_003312.jpg,ScreenRecording_06-19-2026 21-33-55_1.MP4,ScreenRecording_06-19-2026_21-33-55_1,3312,55183,3.51,False
ScreenRecording_06-19-2026_21-33-55_1_003318.jpg,ScreenRecording_06-19-2026 21-33-55_1.MP4,ScreenRecording_06-19-2026_21-33-55_1,3318,55283,4.71,False
ScreenRecording_06-19-2026_21-33-55_1_003324.jpg,ScreenRecording_06-19-2026 21-33-55_1.MP4,ScreenRecording_06-19-2026_21-33-55_1,3324,55383,5.44,False
ScreenRecording_06-19-2026_21-33-55_1_003330.jpg,ScreenRecording_06-19-2026 21-33-55_1.MP4,ScreenRecording_06-19-2026_21-33-55_1,3330,55483,6.32,False
ScreenRecording_06-19-2026_21-33-55_1_003336.jpg,ScreenRecording_06-19-2026 21-33-55_1.MP4,ScreenRecording_06-19-2026_21-33-55_1,3336,55583,8.6,True
ScreenRecording_06-19-2026_21-33-55_1_003342.jpg,ScreenRecording_06-19-2026 21-33-55_1.MP4,ScreenRecording_06-19-2026_21-33-55_1,3342,55683,2.87,False
ScreenRecording_06-19-2026_21-33-55_1_003348.jpg,ScreenRecording_06-19-2026 21-33-55_1.MP4,ScreenRecording_06-19-2026_21-33-55_1,3348,55783,4.74,False
ScreenRecording_06-19-2026_21-33-55_1_003354.jpg,ScreenRecording_06-19-2026 21-33-55_1.MP4,ScreenRecording_06-19-2026_21-33-55_1,3354,55883,5.36,False
ScreenRecording_06-19-2026_21-33-55_1_003360.jpg,ScreenRecording_06-19-2026 21-33-55_1.MP4,ScreenRecording_06-19-2026_21-33-55_1,3360,55981,5.81,False
ScreenRecording_06-19-2026_21-33-55_1_003366.jpg,ScreenRecording_06-19-2026 21-33-55_1.MP4,ScreenRecording_06-19-2026_21-33-55_1,3366,56081,6.14,False
ScreenRecording_06-19-2026_21-33-55_1_003372.jpg,ScreenRecording_06-19-2026 21-33-55_1.MP4,ScreenRecording_06-19-2026_21-33-55_1,3372,56181,6.24,False
ScreenRecording_06-19-2026_21-33-55_1_003378.jpg,ScreenRecording_06-19-2026 21-33-55_1.MP4,ScreenRecording_06-19-2026_21-33-55_1,3378,56281,6.44,False
ScreenRecording_06-19-2026_21-33-55_1_003384.jpg,ScreenRecording_06-19-2026 21-33-55_1.MP4,ScreenRecording_06-19-2026_21-33-55_1,3384,56381,7.28,False
ScreenRecording_06-19-2026_21-33-55_1_003390.jpg,ScreenRecording_06-19-2026 21-33-55_1.MP4,ScreenRecording_06-19-2026_21-33-55_1,3390,56481,7.78,False
ScreenRecording_06-19-2026_21-33-55_1_003396.jpg,ScreenRecording_06-19-2026 21-33-55_1.MP4,ScreenRecording_06-19-2026_21-33-55_1,3396,56581,7.79,False
ScreenRecording_06-19-2026_21-33-55_1_003402.jpg,ScreenRecording_06-19-2026 21-33-55_1.MP4,ScreenRecording_06-19-2026_21-33-55_1,3402,56681,6.62,False
ScreenRecording_06-19-2026_21-33-55_1_003408.jpg,ScreenRecording_06-19-2026 21-33-55_1.MP4,ScreenRecording_06-19-2026_21-33-55_1,3408,56781,4.61,False
ScreenRecording_06-19-2026_21-33-55_1_003414.jpg,ScreenRecording_06-19-2026 21-33-55_1.MP4,ScreenRecording_06-19-2026_21-33-55_1,3414,56881,5.78,False
ScreenRecording_06-19-2026_21-33-55_1_003420.jpg,ScreenRecording_06-19-2026 21-33-55_1.MP4,ScreenRecording_06-19-2026_21-33-55_1,3420,56981,6.32,False
ScreenRecording_06-19-2026_21-33-55_1_003426.jpg,ScreenRecording_06-19-2026 21-33-55_1.MP4,ScreenRecording_06-19-2026_21-33-55_1,3426,57081,6.96,False
ScreenRecording_06-19-2026_21-33-55_1_003432.jpg,ScreenRecording_06-19-2026 21-33-55_1.MP4,ScreenRecording_06-19-2026_21-33-55_1,3432,57181,6.82,False
ScreenRecording_06-19-2026_21-33-55_1_003438.jpg,ScreenRecording_06-19-2026 21-33-55_1.MP4,ScreenRecording_06-19-2026_21-33-55_1,3438,57281,6.31,False
ScreenRecording_06-19-2026_21-33-55_1_003444.jpg,ScreenRecording_06-19-2026 21-33-55_1.MP4,ScreenRecording_06-19-2026_21-33-55_1,3444,57381,5.42,False
ScreenRecording_06-19-2026_21-33-55_1_003450.jpg,ScreenRecording_06-19-2026 21-33-55_1.MP4,ScreenRecording_06-19-2026_21-33-55_1,3450,57480,5.06,False
ScreenRecording_06-19-2026_21-33-55_1_003456.jpg,ScreenRecording_06-19-2026 21-33-55_1.MP4,ScreenRecording_06-19-2026_21-33-55_1,3456,57580,4.51,False
ScreenRecording_06-19-2026_21-33-55_1_003462.jpg,ScreenRecording_06-19-2026 21-33-55_1.MP4,ScreenRecording_06-19-2026_21-33-55_1,3462,57680,4.14,False
ScreenRecording_06-19-2026_21-33-55_1_003468.jpg,ScreenRecording_06-19-2026 21-33-55_1.MP4,ScreenRecording_06-19-2026_21-33-55_1,3468,57780,4.76,False
ScreenRecording_06-19-2026_21-33-55_1_003474.jpg,ScreenRecording_06-19-2026 21-33-55_1.MP4,ScreenRecording_06-19-2026_21-33-55_1,3474,57880,5.72,False
ScreenRecording_06-19-2026_21-33-55_1_003480.jpg,ScreenRecording_06-19-2026 21-33-55_1.MP4,ScreenRecording_06-19-2026_21-33-55_1,3480,57980,6.21,False
ScreenRecording_06-19-2026_21-33-55_1_003486.jpg,ScreenRecording_06-19-2026 21-33-55_1.MP4,ScreenRecording_06-19-2026_21-33-55_1,3486,58080,6.54,False
ScreenRecording_06-19-2026_21-33-55_1_003492.jpg,ScreenRecording_06-19-2026 21-33-55_1.MP4,ScreenRecording_06-19-2026_21-33-55_1,3492,58180,6.77,False
ScreenRecording_06-19-2026_21-33-55_1_003498.jpg,ScreenRecording_06-19-2026 21-33-55_1.MP4,ScreenRecording_06-19-2026_21-33-55_1,3498,58280,6.7,False
ScreenRecording_06-19-2026_21-33-55_1_003504.jpg,ScreenRecording_06-19-2026 21-33-55_1.MP4,ScreenRecording_06-19-2026_21-33-55_1,3504,58380,6.5,False
ScreenRecording_06-19-2026_21-33-55_1_003510.jpg,ScreenRecording_06-19-2026 21-33-55_1.MP4,ScreenRecording_06-19-2026_21-33-55_1,3510,58480,6.29,False
ScreenRecording_06-19-2026_21-33-55_1_003516.jpg,ScreenRecording_06-19-2026 21-33-55_1.MP4,ScreenRecording_06-19-2026_21-33-55_1,3516,58580,6.12,False
ScreenRecording_06-19-2026_21-33-55_1_003522.jpg,ScreenRecording_06-19-2026 21-33-55_1.MP4,ScreenRecording_06-19-2026_21-33-55_1,3522,58680,6.0,False
ScreenRecording_06-19-2026_21-33-55_1_003528.jpg,ScreenRecording_06-19-2026 21-33-55_1.MP4,ScreenRecording_06-19-2026_21-33-55_1,3528,58780,5.96,False
ScreenRecording_06-19-2026_21-33-55_1_003534.jpg,ScreenRecording_06-19-2026 21-33-55_1.MP4,ScreenRecording_06-19-2026_21-33-55_1,3534,58878,6.29,False
ScreenRecording_06-19-2026_21-33-55_1_003540.jpg,ScreenRecording_06-19-2026 21-33-55_1.MP4,ScreenRecording_06-19-2026_21-33-55_1,3540,58978,6.34,False
ScreenRecording_06-19-2026_21-33-55_1_003546.jpg,ScreenRecording_06-19-2026 21-33-55_1.MP4,ScreenRecording_06-19-2026_21-33-55_1,3546,59078,5.62,False
ScreenRecording_06-19-2026_21-33-55_1_003552.jpg,ScreenRecording_06-19-2026 21-33-55_1.MP4,ScreenRecording_06-19-2026_21-33-55_1,3552,59178,5.33,False
ScreenRecording_06-19-2026_21-33-55_1_003558.jpg,ScreenRecording_06-19-2026 21-33-55_1.MP4,ScreenRecording_06-19-2026_21-33-55_1,3558,59278,5.9,False
ScreenRecording_06-19-2026_21-33-55_1_003564.jpg,ScreenRecording_06-19-2026 21-33-55_1.MP4,ScreenRecording_06-19-2026_21-33-55_1,3564,59378,3.42,False
ScreenRecording_06-19-2026_21-33-55_1_003570.jpg,ScreenRecording_06-19-2026 21-33-55_1.MP4,ScreenRecording_06-19-2026_21-33-55_1,3570,59478,5.19,False
ScreenRecording_06-19-2026_21-33-55_1_003576.jpg,ScreenRecording_06-19-2026 21-33-55_1.MP4,ScreenRecording_06-19-2026_21-33-55_1,3576,59578,6.31,False
ScreenRecording_06-19-2026_21-33-55_1_003582.jpg,ScreenRecording_06-19-2026 21-33-55_1.MP4,ScreenRecording_06-19-2026_21-33-55_1,3582,59678,6.9,False
ScreenRecording_06-19-2026_21-33-55_1_003588.jpg,ScreenRecording_06-19-2026 21-33-55_1.MP4,ScreenRecording_06-19-2026_21-33-55_1,3588,59778,7.16,False
ScreenRecording_06-19-2026_21-33-55_1_003594.jpg,ScreenRecording_06-19-2026 21-33-55_1.MP4,ScreenRecording_06-19-2026_21-33-55_1,3594,59878,7.3,False
ScreenRecording_06-19-2026_21-33-55_1_003600.jpg,ScreenRecording_06-19-2026 21-33-55_1.MP4,ScreenRecording_06-19-2026_21-33-55_1,3600,59978,7.79,False
ScreenRecording_06-19-2026_21-33-55_1_003606.jpg,ScreenRecording_06-19-2026 21-33-55_1.MP4,ScreenRecording_06-19-2026_21-33-55_1,3606,60078,6.88,False
ScreenRecording_06-19-2026_21-33-55_1_003612.jpg,ScreenRecording_06-19-2026 21-33-55_1.MP4,ScreenRecording_06-19-2026_21-33-55_1,3612,60178,7.53,False
ScreenRecording_06-19-2026_21-33-55_1_003618.jpg,ScreenRecording_06-19-2026 21-33-55_1.MP4,ScreenRecording_06-19-2026_21-33-55_1,3618,60276,8.26,True
ScreenRecording_06-19-2026_21-33-55_1_003624.jpg,ScreenRecording_06-19-2026 21-33-55_1.MP4,ScreenRecording_06-19-2026_21-33-55_1,3624,60376,3.89,False
ScreenRecording_06-19-2026_21-33-55_1_003630.jpg,ScreenRecording_06-19-2026 21-33-55_1.MP4,ScreenRecording_06-19-2026_21-33-55_1,3630,60476,5.37,False
ScreenRecording_06-19-2026_21-33-55_1_003636.jpg,ScreenRecording_06-19-2026 21-33-55_1.MP4,ScreenRecording_06-19-2026_21-33-55_1,3636,60576,5.77,False
ScreenRecording_06-19-2026_21-33-55_1_003642.jpg,ScreenRecording_06-19-2026 21-33-55_1.MP4,ScreenRecording_06-19-2026_21-33-55_1,3642,60676,4.97,False
ScreenRecording_06-19-2026_21-33-55_1_003648.jpg,ScreenRecording_06-19-2026 21-33-55_1.MP4,ScreenRecording_06-19-2026_21-33-55_1,3648,60776,4.08,False
ScreenRecording_06-19-2026_21-33-55_1_003654.jpg,ScreenRecording_06-19-2026 21-33-55_1.MP4,ScreenRecording_06-19-2026_21-33-55_1,3654,60876,3.59,False
ScreenRecording_06-19-2026_21-33-55_1_003660.jpg,ScreenRecording_06-19-2026 21-33-55_1.MP4,ScreenRecording_06-19-2026_21-33-55_1,3660,60976,3.55,False
ScreenRecording_06-19-2026_21-33-55_1_003666.jpg,ScreenRecording_06-19-2026 21-33-55_1.MP4,ScreenRecording_06-19-2026_21-33-55_1,3666,61076,4.27,False
ScreenRecording_06-19-2026_21-33-55_1_003672.jpg,ScreenRecording_06-19-2026 21-33-55_1.MP4,ScreenRecording_06-19-2026_21-33-55_1,3672,61176,4.76,False
ScreenRecording_06-19-2026_21-33-55_1_003678.jpg,ScreenRecording_06-19-2026 21-33-55_1.MP4,ScreenRecording_06-19-2026_21-33-55_1,3678,61276,4.97,False
ScreenRecording_06-19-2026_21-33-55_1_003684.jpg,ScreenRecording_06-19-2026 21-33-55_1.MP4,ScreenRecording_06-19-2026_21-33-55_1,3684,61376,4.52,False
ScreenRecording_06-19-2026_21-33-55_1_003690.jpg,ScreenRecording_06-19-2026 21-33-55_1.MP4,ScreenRecording_06-19-2026_21-33-55_1,3690,61476,4.99,False
ScreenRecording_06-19-2026_21-33-55_1_003696.jpg,ScreenRecording_06-19-2026 21-33-55_1.MP4,ScreenRecording_06-19-2026_21-33-55_1,3696,61576,5.52,False
ScreenRecording_06-19-2026_21-33-55_1_003702.jpg,ScreenRecording_06-19-2026 21-33-55_1.MP4,ScreenRecording_06-19-2026_21-33-55_1,3702,61675,5.86,False
ScreenRecording_06-19-2026_21-33-55_1_003708.jpg,ScreenRecording_06-19-2026 21-33-55_1.MP4,ScreenRecording_06-19-2026_21-33-55_1,3708,61775,6.36,False
ScreenRecording_06-19-2026_21-33-55_1_003714.jpg,ScreenRecording_06-19-2026 21-33-55_1.MP4,ScreenRecording_06-19-2026_21-33-55_1,3714,61875,6.94,False
ScreenRecording_06-19-2026_21-33-55_1_003720.jpg,ScreenRecording_06-19-2026 21-33-55_1.MP4,ScreenRecording_06-19-2026_21-33-55_1,3720,61975,7.41,False
ScreenRecording_06-19-2026_21-33-55_1_003726.jpg,ScreenRecording_06-19-2026 21-33-55_1.MP4,ScreenRecording_06-19-2026_21-33-55_1,3726,62075,7.54,False
ScreenRecording_06-19-2026_21-33-55_1_003732.jpg,ScreenRecording_06-19-2026 21-33-55_1.MP4,ScreenRecording_06-19-2026_21-33-55_1,3732,62175,7.62,False
ScreenRecording_06-19-2026_21-33-55_1_003738.jpg,ScreenRecording_06-19-2026 21-33-55_1.MP4,ScreenRecording_06-19-2026_21-33-55_1,3738,62275,7.44,False
ScreenRecording_06-19-2026_21-33-55_1_003744.jpg,ScreenRecording_06-19-2026 21-33-55_1.MP4,ScreenRecording_06-19-2026_21-33-55_1,3744,62375,7.06,False
ScreenRecording_06-19-2026_21-33-55_1_003750.jpg,ScreenRecording_06-19-2026 21-33-55_1.MP4,ScreenRecording_06-19-2026_21-33-55_1,3750,62475,6.95,False
ScreenRecording_06-19-2026_21-33-55_1_003756.jpg,ScreenRecording_06-19-2026 21-33-55_1.MP4,ScreenRecording_06-19-2026_21-33-55_1,3756,62575,6.79,False
ScreenRecording_06-19-2026_21-33-55_1_003762.jpg,ScreenRecording_06-19-2026 21-33-55_1.MP4,ScreenRecording_06-19-2026_21-33-55_1,3762,62675,7.33,False
ScreenRecording_06-19-2026_21-33-55_1_003768.jpg,ScreenRecording_06-19-2026 21-33-55_1.MP4,ScreenRecording_06-19-2026_21-33-55_1,3768,62775,7.21,False
ScreenRecording_06-19-2026_21-33-55_1_003774.jpg,ScreenRecording_06-19-2026 21-33-55_1.MP4,ScreenRecording_06-19-2026_21-33-55_1,3774,62875,7.21,False
ScreenRecording_06-19-2026_21-33-55_1_003780.jpg,ScreenRecording_06-19-2026 21-33-55_1.MP4,ScreenRecording_06-19-2026_21-33-55_1,3780,62975,7.24,False
ScreenRecording_06-19-2026_21-33-55_1_003786.jpg,ScreenRecording_06-19-2026 21-33-55_1.MP4,ScreenRecording_06-19-2026_21-33-55_1,3786,63075,6.86,False
ScreenRecording_06-19-2026_21-33-55_1_003792.jpg,ScreenRecording_06-19-2026 21-33-55_1.MP4,ScreenRecording_06-19-2026_21-33-55_1,3792,63173,7.95,False
ScreenRecording_06-19-2026_21-33-55_1_003798.jpg,ScreenRecording_06-19-2026 21-33-55_1.MP4,ScreenRecording_06-19-2026_21-33-55_1,3798,63273,8.16,True
ScreenRecording_06-19-2026_21-33-55_1_003804.jpg,ScreenRecording_06-19-2026 21-33-55_1.MP4,ScreenRecording_06-19-2026_21-33-55_1,3804,63373,3.08,False
ScreenRecording_06-19-2026_21-33-55_1_003810.jpg,ScreenRecording_06-19-2026 21-33-55_1.MP4,ScreenRecording_06-19-2026_21-33-55_1,3810,63473,5.1,False
ScreenRecording_06-19-2026_21-33-55_1_003816.jpg,ScreenRecording_06-19-2026 21-33-55_1.MP4,ScreenRecording_06-19-2026_21-33-55_1,3816,63573,5.28,False
ScreenRecording_06-19-2026_21-33-55_1_003822.jpg,ScreenRecording_06-19-2026 21-33-55_1.MP4,ScreenRecording_06-19-2026_21-33-55_1,3822,63673,5.69,False
ScreenRecording_06-19-2026_21-33-55_1_003828.jpg,ScreenRecording_06-19-2026 21-33-55_1.MP4,ScreenRecording_06-19-2026_21-33-55_1,3828,63773,6.43,False
ScreenRecording_06-19-2026_21-33-55_1_003834.jpg,ScreenRecording_06-19-2026 21-33-55_1.MP4,ScreenRecording_06-19-2026_21-33-55_1,3834,63873,4.37,False
ScreenRecording_06-19-2026_21-33-55_1_003840.jpg,ScreenRecording_06-19-2026 21-33-55_1.MP4,ScreenRecording_06-19-2026_21-33-55_1,3840,63973,3.8,False
ScreenRecording_06-19-2026_21-33-55_1_003846.jpg,ScreenRecording_06-19-2026 21-33-55_1.MP4,ScreenRecording_06-19-2026_21-33-55_1,3846,64073,4.97,False
ScreenRecording_06-19-2026_21-33-55_1_003852.jpg,ScreenRecording_06-19-2026 21-33-55_1.MP4,ScreenRecording_06-19-2026_21-33-55_1,3852,64173,5.18,False
ScreenRecording_06-19-2026_21-33-55_1_003858.jpg,ScreenRecording_06-19-2026 21-33-55_1.MP4,ScreenRecording_06-19-2026_21-33-55_1,3858,64273,4.98,False
ScreenRecording_06-19-2026_21-33-55_1_003864.jpg,ScreenRecording_06-19-2026 21-33-55_1.MP4,ScreenRecording_06-19-2026_21-33-55_1,3864,64373,4.81,False
ScreenRecording_06-19-2026_21-33-55_1_003870.jpg,ScreenRecording_06-19-2026 21-33-55_1.MP4,ScreenRecording_06-19-2026_21-33-55_1,3870,64471,3.75,False
ScreenRecording_06-19-2026_21-33-55_1_003876.jpg,ScreenRecording_06-19-2026 21-33-55_1.MP4,ScreenRecording_06-19-2026_21-33-55_1,3876,64571,2.98,False
ScreenRecording_06-19-2026_21-33-55_1_003882.jpg,ScreenRecording_06-19-2026 21-33-55_1.MP4,ScreenRecording_06-19-2026_21-33-55_1,3882,64671,3.49,False
ScreenRecording_06-19-2026_21-33-55_1_003888.jpg,ScreenRecording_06-19-2026 21-33-55_1.MP4,ScreenRecording_06-19-2026_21-33-55_1,3888,64771,5.9,False
ScreenRecording_06-19-2026_21-33-55_1_003894.jpg,ScreenRecording_06-19-2026 21-33-55_1.MP4,ScreenRecording_06-19-2026_21-33-55_1,3894,64871,6.86,False
ScreenRecording_06-19-2026_21-33-55_1_003900.jpg,ScreenRecording_06-19-2026 21-33-55_1.MP4,ScreenRecording_06-19-2026_21-33-55_1,3900,64971,7.0,False
ScreenRecording_06-19-2026_21-33-55_1_003906.jpg,ScreenRecording_06-19-2026 21-33-55_1.MP4,ScreenRecording_06-19-2026_21-33-55_1,3906,65071,6.81,False
ScreenRecording_06-19-2026_21-33-55_1_003912.jpg,ScreenRecording_06-19-2026 21-33-55_1.MP4,ScreenRecording_06-19-2026_21-33-55_1,3912,65171,6.41,False
ScreenRecording_06-19-2026_21-33-55_1_003918.jpg,ScreenRecording_06-19-2026 21-33-55_1.MP4,ScreenRecording_06-19-2026_21-33-55_1,3918,65271,4.95,False
ScreenRecording_06-19-2026_21-33-55_1_003924.jpg,ScreenRecording_06-19-2026 21-33-55_1.MP4,ScreenRecording_06-19-2026_21-33-55_1,3924,65371,2.88,False
ScreenRecording_06-19-2026_21-33-55_1_003930.jpg,ScreenRecording_06-19-2026 21-33-55_1.MP4,ScreenRecording_06-19-2026_21-33-55_1,3930,65471,4.19,False
ScreenRecording_06-19-2026_21-33-55_1_003936.jpg,ScreenRecording_06-19-2026 21-33-55_1.MP4,ScreenRecording_06-19-2026_21-33-55_1,3936,65571,4.76,False
ScreenRecording_06-19-2026_21-33-55_1_003942.jpg,ScreenRecording_06-19-2026 21-33-55_1.MP4,ScreenRecording_06-19-2026_21-33-55_1,3942,65671,4.81,False
ScreenRecording_06-19-2026_21-33-55_1_003948.jpg,ScreenRecording_06-19-2026 21-33-55_1.MP4,ScreenRecording_06-19-2026_21-33-55_1,3948,65771,4.98,False
ScreenRecording_06-19-2026_21-33-55_1_003954.jpg,ScreenRecording_06-19-2026 21-33-55_1.MP4,ScreenRecording_06-19-2026_21-33-55_1,3954,65870,4.86,False
ScreenRecording_06-19-2026_21-33-55_1_003960.jpg,ScreenRecording_06-19-2026 21-33-55_1.MP4,ScreenRecording_06-19-2026_21-33-55_1,3960,65970,5.25,False
ScreenRecording_06-19-2026_21-33-55_1_003966.jpg,ScreenRecording_06-19-2026 21-33-55_1.MP4,ScreenRecording_06-19-2026_21-33-55_1,3966,66070,5.5,False
ScreenRecording_06-19-2026_21-33-55_1_003972.jpg,ScreenRecording_06-19-2026 21-33-55_1.MP4,ScreenRecording_06-19-2026_21-33-55_1,3972,66170,5.65,False
ScreenRecording_06-19-2026_21-33-55_1_003978.jpg,ScreenRecording_06-19-2026 21-33-55_1.MP4,ScreenRecording_06-19-2026_21-33-55_1,3978,66270,5.91,False
ScreenRecording_06-19-2026_21-33-55_1_003984.jpg,ScreenRecording_06-19-2026 21-33-55_1.MP4,ScreenRecording_06-19-2026_21-33-55_1,3984,66370,7.55,False
ScreenRecording_06-19-2026_21-33-55_1_003990.jpg,ScreenRecording_06-19-2026 21-33-55_1.MP4,ScreenRecording_06-19-2026_21-33-55_1,3990,66470,7.23,False
ScreenRecording_06-19-2026_21-33-55_1_003996.jpg,ScreenRecording_06-19-2026 21-33-55_1.MP4,ScreenRecording_06-19-2026_21-33-55_1,3996,66570,6.95,False
ScreenRecording_06-19-2026_21-33-55_1_004002.jpg,ScreenRecording_06-19-2026 21-33-55_1.MP4,ScreenRecording_06-19-2026_21-33-55_1,4002,66670,6.06,False
ScreenRecording_06-19-2026_21-33-55_1_004008.jpg,ScreenRecording_06-19-2026 21-33-55_1.MP4,ScreenRecording_06-19-2026_21-33-55_1,4008,66770,5.43,False
ScreenRecording_06-19-2026_21-33-55_1_004014.jpg,ScreenRecording_06-19-2026 21-33-55_1.MP4,ScreenRecording_06-19-2026_21-33-55_1,4014,66870,4.6,False
ScreenRecording_06-19-2026_21-33-55_1_004020.jpg,ScreenRecording_06-19-2026 21-33-55_1.MP4,ScreenRecording_06-19-2026_21-33-55_1,4020,66970,5.15,False
ScreenRecording_06-19-2026_21-33-55_1_004026.jpg,ScreenRecording_06-19-2026 21-33-55_1.MP4,ScreenRecording_06-19-2026_21-33-55_1,4026,67070,8.8,True
ScreenRecording_06-19-2026_21-33-55_1_004032.jpg,ScreenRecording_06-19-2026 21-33-55_1.MP4,ScreenRecording_06-19-2026_21-33-55_1,4032,67168,2.87,False
ScreenRecording_06-19-2026_21-33-55_1_004038.jpg,ScreenRecording_06-19-2026 21-33-55_1.MP4,ScreenRecording_06-19-2026_21-33-55_1,4038,67268,2.92,False
ScreenRecording_06-19-2026_21-33-55_1_004044.jpg,ScreenRecording_06-19-2026 21-33-55_1.MP4,ScreenRecording_06-19-2026_21-33-55_1,4044,67368,2.99,False
ScreenRecording_06-19-2026_21-33-55_1_004050.jpg,ScreenRecording_06-19-2026 21-33-55_1.MP4,ScreenRecording_06-19-2026_21-33-55_1,4050,67468,3.07,False
ScreenRecording_06-19-2026_21-33-55_1_004056.jpg,ScreenRecording_06-19-2026 21-33-55_1.MP4,ScreenRecording_06-19-2026_21-33-55_1,4056,67568,2.29,False
ScreenRecording_06-19-2026_21-33-55_1_004062.jpg,ScreenRecording_06-19-2026 21-33-55_1.MP4,ScreenRecording_06-19-2026_21-33-55_1,4062,67668,4.68,False
ScreenRecording_06-19-2026_21-33-55_1_004068.jpg,ScreenRecording_06-19-2026 21-33-55_1.MP4,ScreenRecording_06-19-2026_21-33-55_1,4068,67768,6.87,False
ScreenRecording_06-19-2026_21-33-55_1_004074.jpg,ScreenRecording_06-19-2026 21-33-55_1.MP4,ScreenRecording_06-19-2026_21-33-55_1,4074,67868,8.08,True
ScreenRecording_06-19-2026_21-33-55_1_004080.jpg,ScreenRecording_06-19-2026 21-33-55_1.MP4,ScreenRecording_06-19-2026_21-33-55_1,4080,67968,4.06,False
ScreenRecording_06-19-2026_21-33-55_1_004086.jpg,ScreenRecording_06-19-2026 21-33-55_1.MP4,ScreenRecording_06-19-2026_21-33-55_1,4086,68068,4.76,False
ScreenRecording_06-19-2026_21-33-55_1_004092.jpg,ScreenRecording_06-19-2026 21-33-55_1.MP4,ScreenRecording_06-19-2026_21-33-55_1,4092,68168,5.23,False
ScreenRecording_06-19-2026_21-33-55_1_004098.jpg,ScreenRecording_06-19-2026 21-33-55_1.MP4,ScreenRecording_06-19-2026_21-33-55_1,4098,68268,4.1,False
ScreenRecording_06-19-2026_21-33-55_1_004104.jpg,ScreenRecording_06-19-2026 21-33-55_1.MP4,ScreenRecording_06-19-2026_21-33-55_1,4104,68368,5.5,False
ScreenRecording_06-19-2026_21-33-55_1_004110.jpg,ScreenRecording_06-19-2026 21-33-55_1.MP4,ScreenRecording_06-19-2026_21-33-55_1,4110,68468,5.89,False
ScreenRecording_06-19-2026_21-33-55_1_004116.jpg,ScreenRecording_06-19-2026 21-33-55_1.MP4,ScreenRecording_06-19-2026_21-33-55_1,4116,68566,6.42,False
ScreenRecording_06-19-2026_21-33-55_1_004122.jpg,ScreenRecording_06-19-2026 21-33-55_1.MP4,ScreenRecording_06-19-2026_21-33-55_1,4122,68666,6.94,False
ScreenRecording_06-19-2026_21-33-55_1_004128.jpg,ScreenRecording_06-19-2026 21-33-55_1.MP4,ScreenRecording_06-19-2026_21-33-55_1,4128,68766,6.93,False
ScreenRecording_06-19-2026_21-33-55_1_004134.jpg,ScreenRecording_06-19-2026 21-33-55_1.MP4,ScreenRecording_06-19-2026_21-33-55_1,4134,68866,6.65,False
ScreenRecording_06-19-2026_21-33-55_1_004140.jpg,ScreenRecording_06-19-2026 21-33-55_1.MP4,ScreenRecording_06-19-2026_21-33-55_1,4140,68966,5.99,False
ScreenRecording_06-19-2026_21-33-55_1_004146.jpg,ScreenRecording_06-19-2026 21-33-55_1.MP4,ScreenRecording_06-19-2026_21-33-55_1,4146,69066,6.12,False
ScreenRecording_06-19-2026_21-33-55_1_004152.jpg,ScreenRecording_06-19-2026 21-33-55_1.MP4,ScreenRecording_06-19-2026_21-33-55_1,4152,69166,5.63,False
ScreenRecording_06-19-2026_21-33-55_1_004158.jpg,ScreenRecording_06-19-2026 21-33-55_1.MP4,ScreenRecording_06-19-2026_21-33-55_1,4158,69266,5.31,False
ScreenRecording_06-19-2026_21-33-55_1_004164.jpg,ScreenRecording_06-19-2026 21-33-55_1.MP4,ScreenRecording_06-19-2026_21-33-55_1,4164,69366,4.98,False
ScreenRecording_06-19-2026_21-33-55_1_004170.jpg,ScreenRecording_06-19-2026 21-33-55_1.MP4,ScreenRecording_06-19-2026_21-33-55_1,4170,69466,5.13,False
ScreenRecording_06-19-2026_21-33-55_1_004176.jpg,ScreenRecording_06-19-2026 21-33-55_1.MP4,ScreenRecording_06-19-2026_21-33-55_1,4176,69566,5.26,False
ScreenRecording_06-19-2026_21-33-55_1_004182.jpg,ScreenRecording_06-19-2026 21-33-55_1.MP4,ScreenRecording_06-19-2026_21-33-55_1,4182,69666,3.98,False
ScreenRecording_06-19-2026_21-33-55_1_004188.jpg,ScreenRecording_06-19-2026 21-33-55_1.MP4,ScreenRecording_06-19-2026_21-33-55_1,4188,69766,4.74,False
ScreenRecording_06-19-2026_21-33-55_1_004194.jpg,ScreenRecording_06-19-2026 21-33-55_1.MP4,ScreenRecording_06-19-2026_21-33-55_1,4194,69866,5.91,False
ScreenRecording_06-19-2026_21-33-55_1_004200.jpg,ScreenRecording_06-19-2026 21-33-55_1.MP4,ScreenRecording_06-19-2026_21-33-55_1,4200,69965,6.25,False
ScreenRecording_06-19-2026_21-33-55_1_004206.jpg,ScreenRecording_06-19-2026 21-33-55_1.MP4,ScreenRecording_06-19-2026_21-33-55_1,4206,70065,6.64,False
ScreenRecording_06-19-2026_21-33-55_1_004212.jpg,ScreenRecording_06-19-2026 21-33-55_1.MP4,ScreenRecording_06-19-2026_21-33-55_1,4212,70165,7.22,False
ScreenRecording_06-19-2026_21-33-55_1_004218.jpg,ScreenRecording_06-19-2026 21-33-55_1.MP4,ScreenRecording_06-19-2026_21-33-55_1,4218,70265,7.28,False
ScreenRecording_06-19-2026_21-33-55_1_004224.jpg,ScreenRecording_06-19-2026 21-33-55_1.MP4,ScreenRecording_06-19-2026_21-33-55_1,4224,70365,7.67,False
ScreenRecording_06-19-2026_21-33-55_1_004230.jpg,ScreenRecording_06-19-2026 21-33-55_1.MP4,ScreenRecording_06-19-2026_21-33-55_1,4230,70465,7.51,False
ScreenRecording_06-19-2026_21-33-55_1_004236.jpg,ScreenRecording_06-19-2026 21-33-55_1.MP4,ScreenRecording_06-19-2026_21-33-55_1,4236,70565,7.33,False
ScreenRecording_06-19-2026_21-33-55_1_004242.jpg,ScreenRecording_06-19-2026 21-33-55_1.MP4,ScreenRecording_06-19-2026_21-33-55_1,4242,70665,6.81,False
ScreenRecording_06-19-2026_21-33-55_1_004248.jpg,ScreenRecording_06-19-2026 21-33-55_1.MP4,ScreenRecording_06-19-2026_21-33-55_1,4248,70765,47.4,True
ScreenRecording_06-19-2026_21-33-55_1_004254.jpg,ScreenRecording_06-19-2026 21-33-55_1.MP4,ScreenRecording_06-19-2026_21-33-55_1,4254,70865,44.6,True
ScreenRecording_06-19-2026_21-33-55_1_004260.jpg,ScreenRecording_06-19-2026 21-33-55_1.MP4,ScreenRecording_06-19-2026_21-33-55_1,4260,70965,12.43,True
ScreenRecording_06-19-2026_21-33-55_1_004266.jpg,ScreenRecording_06-19-2026 21-33-55_1.MP4,ScreenRecording_06-19-2026_21-33-55_1,4266,71065,1.79,False
ScreenRecording_06-19-2026_21-33-55_1_004272.jpg,ScreenRecording_06-19-2026 21-33-55_1.MP4,ScreenRecording_06-19-2026_21-33-55_1,4272,71165,1.93,False
ScreenRecording_06-19-2026_21-33-55_1_004278.jpg,ScreenRecording_06-19-2026 21-33-55_1.MP4,ScreenRecording_06-19-2026_21-33-55_1,4278,71263,2.05,False
ScreenRecording_06-19-2026_21-33-55_1_004284.jpg,ScreenRecording_06-19-2026 21-33-55_1.MP4,ScreenRecording_06-19-2026_21-33-55_1,4284,71363,2.19,False
ScreenRecording_06-19-2026_21-33-55_1_004290.jpg,ScreenRecording_06-19-2026 21-33-55_1.MP4,ScreenRecording_06-19-2026_21-33-55_1,4290,71463,2.19,False
ScreenRecording_06-19-2026_21-33-55_1_004296.jpg,ScreenRecording_06-19-2026 21-33-55_1.MP4,ScreenRecording_06-19-2026_21-33-55_1,4296,71563,15.32,True
ScreenRecording_06-19-2026_21-33-55_1_004302.jpg,ScreenRecording_06-19-2026 21-33-55_1.MP4,ScreenRecording_06-19-2026_21-33-55_1,4302,71663,43.03,True
ScreenRecording_06-19-2026_21-33-55_1_004308.jpg,ScreenRecording_06-19-2026 21-33-55_1.MP4,ScreenRecording_06-19-2026_21-33-55_1,4308,71763,26.67,True
ScreenRecording_06-19-2026_21-33-55_1_004314.jpg,ScreenRecording_06-19-2026 21-33-55_1.MP4,ScreenRecording_06-19-2026_21-33-55_1,4314,71863,6.41,False
ScreenRecording_06-19-2026_21-33-55_1_004320.jpg,ScreenRecording_06-19-2026 21-33-55_1.MP4,ScreenRecording_06-19-2026_21-33-55_1,4320,71963,8.42,True
ScreenRecording_06-19-2026_21-33-55_1_004326.jpg,ScreenRecording_06-19-2026 21-33-55_1.MP4,ScreenRecording_06-19-2026_21-33-55_1,4326,72063,3.88,False
ScreenRecording_06-19-2026_21-33-55_1_004332.jpg,ScreenRecording_06-19-2026 21-33-55_1.MP4,ScreenRecording_06-19-2026_21-33-55_1,4332,72163,8.0,True
ScreenRecording_06-19-2026_21-33-55_1_004338.jpg,ScreenRecording_06-19-2026 21-33-55_1.MP4,ScreenRecording_06-19-2026_21-33-55_1,4338,72263,6.37,False
ScreenRecording_06-19-2026_21-33-55_1_004344.jpg,ScreenRecording_06-19-2026 21-33-55_1.MP4,ScreenRecording_06-19-2026_21-33-55_1,4344,72363,15.92,True
ScreenRecording_06-19-2026_21-33-55_1_004350.jpg,ScreenRecording_06-19-2026 21-33-55_1.MP4,ScreenRecording_06-19-2026_21-33-55_1,4350,72463,15.21,True
ScreenRecording_06-19-2026_21-33-55_1_004356.jpg,ScreenRecording_06-19-2026 21-33-55_1.MP4,ScreenRecording_06-19-2026_21-33-55_1,4356,72561,14.82,True
ScreenRecording_06-19-2026_21-33-55_1_004362.jpg,ScreenRecording_06-19-2026 21-33-55_1.MP4,ScreenRecording_06-19-2026_21-33-55_1,4362,72661,14.69,True
ScreenRecording_06-19-2026_21-33-55_1_004368.jpg,ScreenRecording_06-19-2026 21-33-55_1.MP4,ScreenRecording_06-19-2026_21-33-55_1,4368,72761,11.1,True
ScreenRecording_06-19-2026_21-33-55_1_004374.jpg,ScreenRecording_06-19-2026 21-33-55_1.MP4,ScreenRecording_06-19-2026_21-33-55_1,4374,72861,16.68,True
ScreenRecording_06-19-2026_21-33-55_1_004380.jpg,ScreenRecording_06-19-2026 21-33-55_1.MP4,ScreenRecording_06-19-2026_21-33-55_1,4380,72961,15.18,True
ScreenRecording_06-19-2026_21-33-55_1_004386.jpg,ScreenRecording_06-19-2026 21-33-55_1.MP4,ScreenRecording_06-19-2026_21-33-55_1,4386,73061,20.96,True
ScreenRecording_06-19-2026_21-33-55_1_004392.jpg,ScreenRecording_06-19-2026 21-33-55_1.MP4,ScreenRecording_06-19-2026_21-33-55_1,4392,73161,16.3,True
ScreenRecording_06-19-2026_21-33-55_1_004398.jpg,ScreenRecording_06-19-2026 21-33-55_1.MP4,ScreenRecording_06-19-2026_21-33-55_1,4398,73261,15.57,True
ScreenRecording_06-19-2026_21-33-55_1_004404.jpg,ScreenRecording_06-19-2026 21-33-55_1.MP4,ScreenRecording_06-19-2026_21-33-55_1,4404,73361,12.28,True
ScreenRecording_06-19-2026_21-33-55_1_004410.jpg,ScreenRecording_06-19-2026 21-33-55_1.MP4,ScreenRecording_06-19-2026_21-33-55_1,4410,73461,9.01,True
ScreenRecording_06-19-2026_21-33-55_1_004416.jpg,ScreenRecording_06-19-2026 21-33-55_1.MP4,ScreenRecording_06-19-2026_21-33-55_1,4416,73561,10.79,True
ScreenRecording_06-19-2026_21-33-55_1_004422.jpg,ScreenRecording_06-19-2026 21-33-55_1.MP4,ScreenRecording_06-19-2026_21-33-55_1,4422,73661,14.01,True
ScreenRecording_06-19-2026_21-33-55_1_004428.jpg,ScreenRecording_06-19-2026 21-33-55_1.MP4,ScreenRecording_06-19-2026_21-33-55_1,4428,73761,13.24,True
ScreenRecording_06-19-2026_21-33-55_1_004434.jpg,ScreenRecording_06-19-2026 21-33-55_1.MP4,ScreenRecording_06-19-2026_21-33-55_1,4434,73860,15.41,True
ScreenRecording_06-19-2026_21-33-55_1_004440.jpg,ScreenRecording_06-19-2026 21-33-55_1.MP4,ScreenRecording_06-19-2026_21-33-55_1,4440,73960,15.88,True
ScreenRecording_06-19-2026_21-33-55_1_004446.jpg,ScreenRecording_06-19-2026 21-33-55_1.MP4,ScreenRecording_06-19-2026_21-33-55_1,4446,74060,12.33,True
ScreenRecording_06-19-2026_21-33-55_1_004452.jpg,ScreenRecording_06-19-2026 21-33-55_1.MP4,ScreenRecording_06-19-2026_21-33-55_1,4452,74160,15.63,True
ScreenRecording_06-19-2026_21-33-55_1_004458.jpg,ScreenRecording_06-19-2026 21-33-55_1.MP4,ScreenRecording_06-19-2026_21-33-55_1,4458,74260,18.13,True
ScreenRecording_06-19-2026_21-33-55_1_004464.jpg,ScreenRecording_06-19-2026 21-33-55_1.MP4,ScreenRecording_06-19-2026_21-33-55_1,4464,74360,14.38,True
ScreenRecording_06-19-2026_21-33-55_1_004470.jpg,ScreenRecording_06-19-2026 21-33-55_1.MP4,ScreenRecording_06-19-2026_21-33-55_1,4470,74460,10.92,True
ScreenRecording_06-19-2026_21-33-55_1_004476.jpg,ScreenRecording_06-19-2026 21-33-55_1.MP4,ScreenRecording_06-19-2026_21-33-55_1,4476,74560,12.7,True
ScreenRecording_06-19-2026_21-33-55_1_004482.jpg,ScreenRecording_06-19-2026 21-33-55_1.MP4,ScreenRecording_06-19-2026_21-33-55_1,4482,74660,11.54,True
ScreenRecording_06-19-2026_21-33-55_1_004488.jpg,ScreenRecording_06-19-2026 21-33-55_1.MP4,ScreenRecording_06-19-2026_21-33-55_1,4488,74760,12.92,True
ScreenRecording_06-19-2026_21-33-55_1_004494.jpg,ScreenRecording_06-19-2026 21-33-55_1.MP4,ScreenRecording_06-19-2026_21-33-55_1,4494,74860,10.52,True
ScreenRecording_06-19-2026_21-33-55_1_004500.jpg,ScreenRecording_06-19-2026 21-33-55_1.MP4,ScreenRecording_06-19-2026_21-33-55_1,4500,74960,5.19,False
ScreenRecording_06-19-2026_21-33-55_1_004506.jpg,ScreenRecording_06-19-2026 21-33-55_1.MP4,ScreenRecording_06-19-2026_21-33-55_1,4506,75058,9.37,True
ScreenRecording_06-19-2026_21-33-55_1_004512.jpg,ScreenRecording_06-19-2026 21-33-55_1.MP4,ScreenRecording_06-19-2026_21-33-55_1,4512,75158,5.7,False
ScreenRecording_06-19-2026_21-33-55_1_004518.jpg,ScreenRecording_06-19-2026 21-33-55_1.MP4,ScreenRecording_06-19-2026_21-33-55_1,4518,75258,5.64,False
ScreenRecording_06-19-2026_21-33-55_1_004524.jpg,ScreenRecording_06-19-2026 21-33-55_1.MP4,ScreenRecording_06-19-2026_21-33-55_1,4524,75358,9.22,True
ScreenRecording_06-19-2026_21-33-55_1_004530.jpg,ScreenRecording_06-19-2026 21-33-55_1.MP4,ScreenRecording_06-19-2026_21-33-55_1,4530,75458,6.21,False
ScreenRecording_06-19-2026_21-33-55_1_004536.jpg,ScreenRecording_06-19-2026 21-33-55_1.MP4,ScreenRecording_06-19-2026_21-33-55_1,4536,75558,10.9,True
ScreenRecording_06-19-2026_21-33-55_1_004542.jpg,ScreenRecording_06-19-2026 21-33-55_1.MP4,ScreenRecording_06-19-2026_21-33-55_1,4542,75658,7.13,False
ScreenRecording_06-19-2026_21-33-55_1_004548.jpg,ScreenRecording_06-19-2026 21-33-55_1.MP4,ScreenRecording_06-19-2026_21-33-55_1,4548,75758,9.86,True
ScreenRecording_06-19-2026_21-33-55_1_004554.jpg,ScreenRecording_06-19-2026 21-33-55_1.MP4,ScreenRecording_06-19-2026_21-33-55_1,4554,75858,6.86,False
ScreenRecording_06-19-2026_21-33-55_1_004560.jpg,ScreenRecording_06-19-2026 21-33-55_1.MP4,ScreenRecording_06-19-2026_21-33-55_1,4560,75958,11.13,True
ScreenRecording_06-19-2026_21-33-55_1_004566.jpg,ScreenRecording_06-19-2026 21-33-55_1.MP4,ScreenRecording_06-19-2026_21-33-55_1,4566,76058,8.57,True
ScreenRecording_06-19-2026_21-33-55_1_004572.jpg,ScreenRecording_06-19-2026 21-33-55_1.MP4,ScreenRecording_06-19-2026_21-33-55_1,4572,76158,11.63,True
ScreenRecording_06-19-2026_21-33-55_1_004578.jpg,ScreenRecording_06-19-2026 21-33-55_1.MP4,ScreenRecording_06-19-2026_21-33-55_1,4578,76258,9.74,True
ScreenRecording_06-19-2026_21-33-55_1_004584.jpg,ScreenRecording_06-19-2026 21-33-55_1.MP4,ScreenRecording_06-19-2026_21-33-55_1,4584,76356,9.43,True
ScreenRecording_06-19-2026_21-33-55_1_004590.jpg,ScreenRecording_06-19-2026 21-33-55_1.MP4,ScreenRecording_06-19-2026_21-33-55_1,4590,76456,10.17,True
ScreenRecording_06-19-2026_21-33-55_1_004596.jpg,ScreenRecording_06-19-2026 21-33-55_1.MP4,ScreenRecording_06-19-2026_21-33-55_1,4596,76556,8.88,True
ScreenRecording_06-19-2026_21-33-55_1_004602.jpg,ScreenRecording_06-19-2026 21-33-55_1.MP4,ScreenRecording_06-19-2026_21-33-55_1,4602,76656,5.25,False
ScreenRecording_06-19-2026_21-33-55_1_004608.jpg,ScreenRecording_06-19-2026 21-33-55_1.MP4,ScreenRecording_06-19-2026_21-33-55_1,4608,76756,6.83,False
ScreenRecording_06-19-2026_21-33-55_1_004614.jpg,ScreenRecording_06-19-2026 21-33-55_1.MP4,ScreenRecording_06-19-2026_21-33-55_1,4614,76856,12.5,True
ScreenRecording_06-19-2026_21-33-55_1_004620.jpg,ScreenRecording_06-19-2026 21-33-55_1.MP4,ScreenRecording_06-19-2026_21-33-55_1,4620,76956,13.64,True
ScreenRecording_06-19-2026_21-33-55_1_004626.jpg,ScreenRecording_06-19-2026 21-33-55_1.MP4,ScreenRecording_06-19-2026_21-33-55_1,4626,77056,13.53,True
ScreenRecording_06-19-2026_21-33-55_1_004632.jpg,ScreenRecording_06-19-2026 21-33-55_1.MP4,ScreenRecording_06-19-2026_21-33-55_1,4632,77156,11.59,True
ScreenRecording_06-19-2026_21-33-55_1_004638.jpg,ScreenRecording_06-19-2026 21-33-55_1.MP4,ScreenRecording_06-19-2026_21-33-55_1,4638,77256,14.15,True
ScreenRecording_06-19-2026_21-33-55_1_004644.jpg,ScreenRecording_06-19-2026 21-33-55_1.MP4,ScreenRecording_06-19-2026_21-33-55_1,4644,77356,14.68,True
ScreenRecording_06-19-2026_21-33-55_1_004650.jpg,ScreenRecording_06-19-2026 21-33-55_1.MP4,ScreenRecording_06-19-2026_21-33-55_1,4650,77456,11.81,True
ScreenRecording_06-19-2026_21-33-55_1_004656.jpg,ScreenRecording_06-19-2026 21-33-55_1.MP4,ScreenRecording_06-19-2026_21-33-55_1,4656,77555,7.25,False
ScreenRecording_06-19-2026_21-33-55_1_004662.jpg,ScreenRecording_06-19-2026 21-33-55_1.MP4,ScreenRecording_06-19-2026_21-33-55_1,4662,77655,10.25,True
ScreenRecording_06-19-2026_21-33-55_1_004668.jpg,ScreenRecording_06-19-2026 21-33-55_1.MP4,ScreenRecording_06-19-2026_21-33-55_1,4668,77755,5.45,False
ScreenRecording_06-19-2026_21-33-55_1_004674.jpg,ScreenRecording_06-19-2026 21-33-55_1.MP4,ScreenRecording_06-19-2026_21-33-55_1,4674,77855,7.88,False
ScreenRecording_06-19-2026_21-33-55_1_004680.jpg,ScreenRecording_06-19-2026 21-33-55_1.MP4,ScreenRecording_06-19-2026_21-33-55_1,4680,77955,11.06,True
ScreenRecording_06-19-2026_21-33-55_1_004686.jpg,ScreenRecording_06-19-2026 21-33-55_1.MP4,ScreenRecording_06-19-2026_21-33-55_1,4686,78055,4.54,False
ScreenRecording_06-19-2026_21-33-55_1_004692.jpg,ScreenRecording_06-19-2026 21-33-55_1.MP4,ScreenRecording_06-19-2026_21-33-55_1,4692,78155,5.73,False
ScreenRecording_06-19-2026_21-33-55_1_004698.jpg,ScreenRecording_06-19-2026 21-33-55_1.MP4,ScreenRecording_06-19-2026_21-33-55_1,4698,78255,5.98,False
ScreenRecording_06-19-2026_21-33-55_1_004704.jpg,ScreenRecording_06-19-2026 21-33-55_1.MP4,ScreenRecording_06-19-2026_21-33-55_1,4704,78355,8.54,True
ScreenRecording_06-19-2026_21-33-55_1_004710.jpg,ScreenRecording_06-19-2026 21-33-55_1.MP4,ScreenRecording_06-19-2026_21-33-55_1,4710,78455,6.93,False
ScreenRecording_06-19-2026_21-33-55_1_004716.jpg,ScreenRecording_06-19-2026 21-33-55_1.MP4,ScreenRecording_06-19-2026_21-33-55_1,4716,78555,9.82,True
ScreenRecording_06-19-2026_21-33-55_1_004722.jpg,ScreenRecording_06-19-2026 21-33-55_1.MP4,ScreenRecording_06-19-2026_21-33-55_1,4722,78655,6.84,False
ScreenRecording_06-19-2026_21-33-55_1_004728.jpg,ScreenRecording_06-19-2026 21-33-55_1.MP4,ScreenRecording_06-19-2026_21-33-55_1,4728,78755,9.18,True
ScreenRecording_06-19-2026_21-33-55_1_004734.jpg,ScreenRecording_06-19-2026 21-33-55_1.MP4,ScreenRecording_06-19-2026_21-33-55_1,4734,78853,8.73,True
ScreenRecording_06-19-2026_21-33-55_1_004740.jpg,ScreenRecording_06-19-2026 21-33-55_1.MP4,ScreenRecording_06-19-2026_21-33-55_1,4740,78953,7.11,False
ScreenRecording_06-19-2026_21-33-55_1_004746.jpg,ScreenRecording_06-19-2026 21-33-55_1.MP4,ScreenRecording_06-19-2026_21-33-55_1,4746,79053,10.58,True
ScreenRecording_06-19-2026_21-33-55_1_004752.jpg,ScreenRecording_06-19-2026 21-33-55_1.MP4,ScreenRecording_06-19-2026_21-33-55_1,4752,79153,4.88,False
ScreenRecording_06-19-2026_21-33-55_1_004758.jpg,ScreenRecording_06-19-2026 21-33-55_1.MP4,ScreenRecording_06-19-2026_21-33-55_1,4758,79253,6.37,False
ScreenRecording_06-19-2026_21-33-55_1_004764.jpg,ScreenRecording_06-19-2026 21-33-55_1.MP4,ScreenRecording_06-19-2026_21-33-55_1,4764,79353,7.74,False
ScreenRecording_06-19-2026_21-33-55_1_004770.jpg,ScreenRecording_06-19-2026 21-33-55_1.MP4,ScreenRecording_06-19-2026_21-33-55_1,4770,79453,8.17,True
ScreenRecording_06-19-2026_21-33-55_1_004776.jpg,ScreenRecording_06-19-2026 21-33-55_1.MP4,ScreenRecording_06-19-2026_21-33-55_1,4776,79553,3.83,False
ScreenRecording_06-19-2026_21-33-55_1_004782.jpg,ScreenRecording_06-19-2026 21-33-55_1.MP4,ScreenRecording_06-19-2026_21-33-55_1,4782,79653,5.04,False
ScreenRecording_06-19-2026_21-33-55_1_004788.jpg,ScreenRecording_06-19-2026 21-33-55_1.MP4,ScreenRecording_06-19-2026_21-33-55_1,4788,79753,7.6,False
ScreenRecording_06-19-2026_21-33-55_1_004794.jpg,ScreenRecording_06-19-2026 21-33-55_1.MP4,ScreenRecording_06-19-2026_21-33-55_1,4794,79853,11.0,True
ScreenRecording_06-19-2026_21-33-55_1_004800.jpg,ScreenRecording_06-19-2026 21-33-55_1.MP4,ScreenRecording_06-19-2026_21-33-55_1,4800,79953,7.35,False
ScreenRecording_06-19-2026_21-33-55_1_004806.jpg,ScreenRecording_06-19-2026 21-33-55_1.MP4,ScreenRecording_06-19-2026_21-33-55_1,4806,80053,8.6,True
ScreenRecording_06-19-2026_21-33-55_1_004812.jpg,ScreenRecording_06-19-2026 21-33-55_1.MP4,ScreenRecording_06-19-2026_21-33-55_1,4812,80151,5.73,False
ScreenRecording_06-19-2026_21-33-55_1_004818.jpg,ScreenRecording_06-19-2026 21-33-55_1.MP4,ScreenRecording_06-19-2026_21-33-55_1,4818,80251,7.62,False
ScreenRecording_06-19-2026_21-33-55_1_004824.jpg,ScreenRecording_06-19-2026 21-33-55_1.MP4,ScreenRecording_06-19-2026_21-33-55_1,4824,80351,9.32,True
ScreenRecording_06-19-2026_21-33-55_1_004830.jpg,ScreenRecording_06-19-2026 21-33-55_1.MP4,ScreenRecording_06-19-2026_21-33-55_1,4830,80451,5.67,False
ScreenRecording_06-19-2026_21-33-55_1_004836.jpg,ScreenRecording_06-19-2026 21-33-55_1.MP4,ScreenRecording_06-19-2026_21-33-55_1,4836,80551,7.92,False
ScreenRecording_06-19-2026_21-33-55_1_004842.jpg,ScreenRecording_06-19-2026 21-33-55_1.MP4,ScreenRecording_06-19-2026_21-33-55_1,4842,80651,9.8,True
ScreenRecording_06-19-2026_21-33-55_1_004848.jpg,ScreenRecording_06-19-2026 21-33-55_1.MP4,ScreenRecording_06-19-2026_21-33-55_1,4848,80751,4.32,False
ScreenRecording_06-19-2026_21-33-55_1_004854.jpg,ScreenRecording_06-19-2026 21-33-55_1.MP4,ScreenRecording_06-19-2026_21-33-55_1,4854,80851,5.07,False
ScreenRecording_06-19-2026_21-33-55_1_004860.jpg,ScreenRecording_06-19-2026 21-33-55_1.MP4,ScreenRecording_06-19-2026_21-33-55_1,4860,80951,5.67,False
ScreenRecording_06-19-2026_21-33-55_1_004866.jpg,ScreenRecording_06-19-2026 21-33-55_1.MP4,ScreenRecording_06-19-2026_21-33-55_1,4866,81051,5.94,False
ScreenRecording_06-19-2026_21-33-55_1_004872.jpg,ScreenRecording_06-19-2026 21-33-55_1.MP4,ScreenRecording_06-19-2026_21-33-55_1,4872,81151,6.91,False
ScreenRecording_06-19-2026_21-33-55_1_004878.jpg,ScreenRecording_06-19-2026 21-33-55_1.MP4,ScreenRecording_06-19-2026_21-33-55_1,4878,81250,8.11,True
ScreenRecording_06-19-2026_21-33-55_1_004884.jpg,ScreenRecording_06-19-2026 21-33-55_1.MP4,ScreenRecording_06-19-2026_21-33-55_1,4884,81350,5.01,False
ScreenRecording_06-19-2026_21-33-55_1_004890.jpg,ScreenRecording_06-19-2026 21-33-55_1.MP4,ScreenRecording_06-19-2026_21-33-55_1,4890,81450,8.27,True
ScreenRecording_06-19-2026_21-33-55_1_004896.jpg,ScreenRecording_06-19-2026 21-33-55_1.MP4,ScreenRecording_06-19-2026_21-33-55_1,4896,81550,4.92,False
ScreenRecording_06-19-2026_21-33-55_1_004902.jpg,ScreenRecording_06-19-2026 21-33-55_1.MP4,ScreenRecording_06-19-2026_21-33-55_1,4902,81650,7.38,False
ScreenRecording_06-19-2026_21-33-55_1_004908.jpg,ScreenRecording_06-19-2026 21-33-55_1.MP4,ScreenRecording_06-19-2026_21-33-55_1,4908,81750,8.95,True
ScreenRecording_06-19-2026_21-33-55_1_004914.jpg,ScreenRecording_06-19-2026 21-33-55_1.MP4,ScreenRecording_06-19-2026_21-33-55_1,4914,81850,6.92,False
ScreenRecording_06-19-2026_21-33-55_1_004920.jpg,ScreenRecording_06-19-2026 21-33-55_1.MP4,ScreenRecording_06-19-2026_21-33-55_1,4920,81950,9.09,True
ScreenRecording_06-19-2026_21-33-55_1_004926.jpg,ScreenRecording_06-19-2026 21-33-55_1.MP4,ScreenRecording_06-19-2026_21-33-55_1,4926,82050,5.47,False
ScreenRecording_06-19-2026_21-33-55_1_004932.jpg,ScreenRecording_06-19-2026 21-33-55_1.MP4,ScreenRecording_06-19-2026_21-33-55_1,4932,82150,7.24,False
ScreenRecording_06-19-2026_21-33-55_1_004938.jpg,ScreenRecording_06-19-2026 21-33-55_1.MP4,ScreenRecording_06-19-2026_21-33-55_1,4938,82250,10.48,True
ScreenRecording_06-19-2026_21-33-55_1_004944.jpg,ScreenRecording_06-19-2026 21-33-55_1.MP4,ScreenRecording_06-19-2026_21-33-55_1,4944,82350,4.5,False
ScreenRecording_06-19-2026_21-33-55_1_004950.jpg,ScreenRecording_06-19-2026 21-33-55_1.MP4,ScreenRecording_06-19-2026_21-33-55_1,4950,82450,8.61,True
ScreenRecording_06-19-2026_21-33-55_1_004956.jpg,ScreenRecording_06-19-2026 21-33-55_1.MP4,ScreenRecording_06-19-2026_21-33-55_1,4956,82548,8.8,True
ScreenRecording_06-19-2026_21-33-55_1_004962.jpg,ScreenRecording_06-19-2026 21-33-55_1.MP4,ScreenRecording_06-19-2026_21-33-55_1,4962,82648,8.04,True
ScreenRecording_06-19-2026_21-33-55_1_004968.jpg,ScreenRecording_06-19-2026 21-33-55_1.MP4,ScreenRecording_06-19-2026_21-33-55_1,4968,82748,9.93,True
ScreenRecording_06-19-2026_21-33-55_1_004974.jpg,ScreenRecording_06-19-2026 21-33-55_1.MP4,ScreenRecording_06-19-2026_21-33-55_1,4974,82848,11.27,True
ScreenRecording_06-19-2026_21-33-55_1_004980.jpg,ScreenRecording_06-19-2026 21-33-55_1.MP4,ScreenRecording_06-19-2026_21-33-55_1,4980,82948,9.68,True
ScreenRecording_06-19-2026_21-33-55_1_004986.jpg,ScreenRecording_06-19-2026 21-33-55_1.MP4,ScreenRecording_06-19-2026_21-33-55_1,4986,83048,7.69,False
ScreenRecording_06-19-2026_21-33-55_1_004992.jpg,ScreenRecording_06-19-2026 21-33-55_1.MP4,ScreenRecording_06-19-2026_21-33-55_1,4992,83148,13.04,True
ScreenRecording_06-19-2026_21-33-55_1_004998.jpg,ScreenRecording_06-19-2026 21-33-55_1.MP4,ScreenRecording_06-19-2026_21-33-55_1,4998,83248,10.21,True
ScreenRecording_06-19-2026_21-33-55_1_005004.jpg,ScreenRecording_06-19-2026 21-33-55_1.MP4,ScreenRecording_06-19-2026_21-33-55_1,5004,83348,10.88,True
ScreenRecording_06-19-2026_21-33-55_1_005010.jpg,ScreenRecording_06-19-2026 21-33-55_1.MP4,ScreenRecording_06-19-2026_21-33-55_1,5010,83448,9.86,True
ScreenRecording_06-19-2026_21-33-55_1_005016.jpg,ScreenRecording_06-19-2026 21-33-55_1.MP4,ScreenRecording_06-19-2026_21-33-55_1,5016,83548,8.74,True
ScreenRecording_06-19-2026_21-33-55_1_005022.jpg,ScreenRecording_06-19-2026 21-33-55_1.MP4,ScreenRecording_06-19-2026_21-33-55_1,5022,83648,5.63,False
ScreenRecording_06-19-2026_21-33-55_1_005028.jpg,ScreenRecording_06-19-2026 21-33-55_1.MP4,ScreenRecording_06-19-2026_21-33-55_1,5028,83748,6.1,False
ScreenRecording_06-19-2026_21-33-55_1_005034.jpg,ScreenRecording_06-19-2026 21-33-55_1.MP4,ScreenRecording_06-19-2026_21-33-55_1,5034,83846,7.81,False
ScreenRecording_06-19-2026_21-33-55_1_005040.jpg,ScreenRecording_06-19-2026 21-33-55_1.MP4,ScreenRecording_06-19-2026_21-33-55_1,5040,83946,10.96,True
ScreenRecording_06-19-2026_21-33-55_1_005046.jpg,ScreenRecording_06-19-2026 21-33-55_1.MP4,ScreenRecording_06-19-2026_21-33-55_1,5046,84046,6.43,False
ScreenRecording_06-19-2026_21-33-55_1_005052.jpg,ScreenRecording_06-19-2026 21-33-55_1.MP4,ScreenRecording_06-19-2026_21-33-55_1,5052,84146,9.15,True
ScreenRecording_06-19-2026_21-33-55_1_005058.jpg,ScreenRecording_06-19-2026 21-33-55_1.MP4,ScreenRecording_06-19-2026_21-33-55_1,5058,84246,4.13,False
ScreenRecording_06-19-2026_21-33-55_1_005064.jpg,ScreenRecording_06-19-2026 21-33-55_1.MP4,ScreenRecording_06-19-2026_21-33-55_1,5064,84346,3.94,False
ScreenRecording_06-19-2026_21-33-55_1_005070.jpg,ScreenRecording_06-19-2026 21-33-55_1.MP4,ScreenRecording_06-19-2026_21-33-55_1,5070,84446,8.36,True
ScreenRecording_06-19-2026_21-33-55_1_005076.jpg,ScreenRecording_06-19-2026 21-33-55_1.MP4,ScreenRecording_06-19-2026_21-33-55_1,5076,84546,7.43,False
ScreenRecording_06-19-2026_21-33-55_1_005082.jpg,ScreenRecording_06-19-2026 21-33-55_1.MP4,ScreenRecording_06-19-2026_21-33-55_1,5082,84646,9.69,True
ScreenRecording_06-19-2026_21-33-55_1_005088.jpg,ScreenRecording_06-19-2026 21-33-55_1.MP4,ScreenRecording_06-19-2026_21-33-55_1,5088,84746,3.36,False
ScreenRecording_06-19-2026_21-33-55_1_005094.jpg,ScreenRecording_06-19-2026 21-33-55_1.MP4,ScreenRecording_06-19-2026_21-33-55_1,5094,84846,5.79,False
ScreenRecording_06-19-2026_21-33-55_1_005100.jpg,ScreenRecording_06-19-2026 21-33-55_1.MP4,ScreenRecording_06-19-2026_21-33-55_1,5100,84946,6.37,False
ScreenRecording_06-19-2026_21-33-55_1_005106.jpg,ScreenRecording_06-19-2026 21-33-55_1.MP4,ScreenRecording_06-19-2026_21-33-55_1,5106,85045,6.82,False
ScreenRecording_06-19-2026_21-33-55_1_005112.jpg,ScreenRecording_06-19-2026 21-33-55_1.MP4,ScreenRecording_06-19-2026_21-33-55_1,5112,85145,7.79,False
ScreenRecording_06-19-2026_21-33-55_1_005118.jpg,ScreenRecording_06-19-2026 21-33-55_1.MP4,ScreenRecording_06-19-2026_21-33-55_1,5118,85245,8.75,True
ScreenRecording_06-19-2026_21-33-55_1_005124.jpg,ScreenRecording_06-19-2026 21-33-55_1.MP4,ScreenRecording_06-19-2026_21-33-55_1,5124,85345,3.06,False
ScreenRecording_06-19-2026_21-33-55_1_005130.jpg,ScreenRecording_06-19-2026 21-33-55_1.MP4,ScreenRecording_06-19-2026_21-33-55_1,5130,85445,5.46,False
ScreenRecording_06-19-2026_21-33-55_1_005136.jpg,ScreenRecording_06-19-2026 21-33-55_1.MP4,ScreenRecording_06-19-2026_21-33-55_1,5136,85545,7.35,False
ScreenRecording_06-19-2026_21-33-55_1_005142.jpg,ScreenRecording_06-19-2026 21-33-55_1.MP4,ScreenRecording_06-19-2026_21-33-55_1,5142,85645,10.34,True
ScreenRecording_06-19-2026_21-33-55_1_005148.jpg,ScreenRecording_06-19-2026 21-33-55_1.MP4,ScreenRecording_06-19-2026_21-33-55_1,5148,85745,9.14,True
ScreenRecording_06-19-2026_21-33-55_1_005154.jpg,ScreenRecording_06-19-2026 21-33-55_1.MP4,ScreenRecording_06-19-2026_21-33-55_1,5154,85845,10.85,True
ScreenRecording_06-19-2026_21-33-55_1_005160.jpg,ScreenRecording_06-19-2026 21-33-55_1.MP4,ScreenRecording_06-19-2026_21-33-55_1,5160,85945,11.19,True
ScreenRecording_06-19-2026_21-33-55_1_005166.jpg,ScreenRecording_06-19-2026 21-33-55_1.MP4,ScreenRecording_06-19-2026_21-33-55_1,5166,86045,9.57,True
ScreenRecording_06-19-2026_21-33-55_1_005172.jpg,ScreenRecording_06-19-2026 21-33-55_1.MP4,ScreenRecording_06-19-2026_21-33-55_1,5172,86145,8.0,True
ScreenRecording_06-19-2026_21-33-55_1_005178.jpg,ScreenRecording_06-19-2026 21-33-55_1.MP4,ScreenRecording_06-19-2026_21-33-55_1,5178,86245,6.99,False
ScreenRecording_06-19-2026_21-33-55_1_005184.jpg,ScreenRecording_06-19-2026 21-33-55_1.MP4,ScreenRecording_06-19-2026_21-33-55_1,5184,86343,10.73,True
ScreenRecording_06-19-2026_21-33-55_1_005190.jpg,ScreenRecording_06-19-2026 21-33-55_1.MP4,ScreenRecording_06-19-2026_21-33-55_1,5190,86443,6.47,False
ScreenRecording_06-19-2026_21-33-55_1_005196.jpg,ScreenRecording_06-19-2026 21-33-55_1.MP4,ScreenRecording_06-19-2026_21-33-55_1,5196,86543,10.38,True
ScreenRecording_06-19-2026_21-33-55_1_005202.jpg,ScreenRecording_06-19-2026 21-33-55_1.MP4,ScreenRecording_06-19-2026_21-33-55_1,5202,86643,11.22,True
ScreenRecording_06-19-2026_21-33-55_1_005208.jpg,ScreenRecording_06-19-2026 21-33-55_1.MP4,ScreenRecording_06-19-2026_21-33-55_1,5208,86743,18.07,True
ScreenRecording_06-19-2026_21-33-55_1_005214.jpg,ScreenRecording_06-19-2026 21-33-55_1.MP4,ScreenRecording_06-19-2026_21-33-55_1,5214,86843,15.64,True
ScreenRecording_06-19-2026_21-33-55_1_005220.jpg,ScreenRecording_06-19-2026 21-33-55_1.MP4,ScreenRecording_06-19-2026_21-33-55_1,5220,86943,11.54,True
ScreenRecording_06-19-2026_21-33-55_1_005226.jpg,ScreenRecording_06-19-2026 21-33-55_1.MP4,ScreenRecording_06-19-2026_21-33-55_1,5226,87043,6.32,False
ScreenRecording_06-19-2026_21-33-55_1_005232.jpg,ScreenRecording_06-19-2026 21-33-55_1.MP4,ScreenRecording_06-19-2026_21-33-55_1,5232,87143,12.76,True
ScreenRecording_06-19-2026_21-33-55_1_005238.jpg,ScreenRecording_06-19-2026 21-33-55_1.MP4,ScreenRecording_06-19-2026_21-33-55_1,5238,87243,9.6,True
ScreenRecording_06-19-2026_21-33-55_1_005244.jpg,ScreenRecording_06-19-2026 21-33-55_1.MP4,ScreenRecording_06-19-2026_21-33-55_1,5244,87343,8.17,True
ScreenRecording_06-19-2026_21-33-55_1_005250.jpg,ScreenRecording_06-19-2026 21-33-55_1.MP4,ScreenRecording_06-19-2026_21-33-55_1,5250,87443,7.68,False
ScreenRecording_06-19-2026_21-33-55_1_005256.jpg,ScreenRecording_06-19-2026 21-33-55_1.MP4,ScreenRecording_06-19-2026_21-33-55_1,5256,87541,10.06,True
ScreenRecording_06-19-2026_21-33-55_1_005262.jpg,ScreenRecording_06-19-2026 21-33-55_1.MP4,ScreenRecording_06-19-2026_21-33-55_1,5262,87641,4.32,False
ScreenRecording_06-19-2026_21-33-55_1_005268.jpg,ScreenRecording_06-19-2026 21-33-55_1.MP4,ScreenRecording_06-19-2026_21-33-55_1,5268,87741,6.05,False
ScreenRecording_06-19-2026_21-33-55_1_005274.jpg,ScreenRecording_06-19-2026 21-33-55_1.MP4,ScreenRecording_06-19-2026_21-33-55_1,5274,87841,8.47,True
ScreenRecording_06-19-2026_21-33-55_1_005280.jpg,ScreenRecording_06-19-2026 21-33-55_1.MP4,ScreenRecording_06-19-2026_21-33-55_1,5280,87941,3.68,False
ScreenRecording_06-19-2026_21-33-55_1_005286.jpg,ScreenRecording_06-19-2026 21-33-55_1.MP4,ScreenRecording_06-19-2026_21-33-55_1,5286,88041,9.4,True
ScreenRecording_06-19-2026_21-33-55_1_005292.jpg,ScreenRecording_06-19-2026 21-33-55_1.MP4,ScreenRecording_06-19-2026_21-33-55_1,5292,88141,7.86,False
ScreenRecording_06-19-2026_21-33-55_1_005298.jpg,ScreenRecording_06-19-2026 21-33-55_1.MP4,ScreenRecording_06-19-2026_21-33-55_1,5298,88241,10.93,True
ScreenRecording_06-19-2026_21-33-55_1_005304.jpg,ScreenRecording_06-19-2026 21-33-55_1.MP4,ScreenRecording_06-19-2026_21-33-55_1,5304,88341,4.79,False
ScreenRecording_06-19-2026_21-33-55_1_005310.jpg,ScreenRecording_06-19-2026 21-33-55_1.MP4,ScreenRecording_06-19-2026_21-33-55_1,5310,88441,6.15,False
ScreenRecording_06-19-2026_21-33-55_1_005316.jpg,ScreenRecording_06-19-2026 21-33-55_1.MP4,ScreenRecording_06-19-2026_21-33-55_1,5316,88541,8.38,True
ScreenRecording_06-19-2026_21-33-55_1_005322.jpg,ScreenRecording_06-19-2026 21-33-55_1.MP4,ScreenRecording_06-19-2026_21-33-55_1,5322,88641,5.78,False
ScreenRecording_06-19-2026_21-33-55_1_005328.jpg,ScreenRecording_06-19-2026 21-33-55_1.MP4,ScreenRecording_06-19-2026_21-33-55_1,5328,88741,9.29,True
ScreenRecording_06-19-2026_21-33-55_1_005334.jpg,ScreenRecording_06-19-2026 21-33-55_1.MP4,ScreenRecording_06-19-2026_21-33-55_1,5334,88841,5.37,False
ScreenRecording_06-19-2026_21-33-55_1_005340.jpg,ScreenRecording_06-19-2026 21-33-55_1.MP4,ScreenRecording_06-19-2026_21-33-55_1,5340,88940,10.59,True
ScreenRecording_06-19-2026_21-33-55_1_005346.jpg,ScreenRecording_06-19-2026 21-33-55_1.MP4,ScreenRecording_06-19-2026_21-33-55_1,5346,89040,8.49,True
ScreenRecording_06-19-2026_21-33-55_1_005352.jpg,ScreenRecording_06-19-2026 21-33-55_1.MP4,ScreenRecording_06-19-2026_21-33-55_1,5352,89140,7.32,False
ScreenRecording_06-19-2026_21-33-55_1_005358.jpg,ScreenRecording_06-19-2026 21-33-55_1.MP4,ScreenRecording_06-19-2026_21-33-55_1,5358,89240,7.56,False
ScreenRecording_06-19-2026_21-33-55_1_005364.jpg,ScreenRecording_06-19-2026 21-33-55_1.MP4,ScreenRecording_06-19-2026_21-33-55_1,5364,89340,8.34,True
ScreenRecording_06-19-2026_21-33-55_1_005370.jpg,ScreenRecording_06-19-2026 21-33-55_1.MP4,ScreenRecording_06-19-2026_21-33-55_1,5370,89440,10.11,True
ScreenRecording_06-19-2026_21-33-55_1_005376.jpg,ScreenRecording_06-19-2026 21-33-55_1.MP4,ScreenRecording_06-19-2026_21-33-55_1,5376,89540,9.15,True
ScreenRecording_06-19-2026_21-33-55_1_005382.jpg,ScreenRecording_06-19-2026 21-33-55_1.MP4,ScreenRecording_06-19-2026_21-33-55_1,5382,89640,6.24,False
ScreenRecording_06-19-2026_21-33-55_1_005388.jpg,ScreenRecording_06-19-2026 21-33-55_1.MP4,ScreenRecording_06-19-2026_21-33-55_1,5388,89740,8.58,True
ScreenRecording_06-19-2026_21-33-55_1_005394.jpg,ScreenRecording_06-19-2026 21-33-55_1.MP4,ScreenRecording_06-19-2026_21-33-55_1,5394,89840,12.02,True
ScreenRecording_06-19-2026_21-33-55_1_005400.jpg,ScreenRecording_06-19-2026 21-33-55_1.MP4,ScreenRecording_06-19-2026_21-33-55_1,5400,89940,9.93,True
ScreenRecording_06-19-2026_21-33-55_1_005406.jpg,ScreenRecording_06-19-2026 21-33-55_1.MP4,ScreenRecording_06-19-2026_21-33-55_1,5406,90040,5.36,False
ScreenRecording_06-19-2026_21-33-55_1_005412.jpg,ScreenRecording_06-19-2026 21-33-55_1.MP4,ScreenRecording_06-19-2026_21-33-55_1,5412,90140,11.26,True
ScreenRecording_06-19-2026_21-33-55_1_005418.jpg,ScreenRecording_06-19-2026 21-33-55_1.MP4,ScreenRecording_06-19-2026_21-33-55_1,5418,90238,8.48,True
ScreenRecording_06-19-2026_21-33-55_1_005424.jpg,ScreenRecording_06-19-2026 21-33-55_1.MP4,ScreenRecording_06-19-2026_21-33-55_1,5424,90338,6.88,False
ScreenRecording_06-19-2026_21-33-55_1_005430.jpg,ScreenRecording_06-19-2026 21-33-55_1.MP4,ScreenRecording_06-19-2026_21-33-55_1,5430,90438,11.08,True
ScreenRecording_06-19-2026_21-33-55_1_005436.jpg,ScreenRecording_06-19-2026 21-33-55_1.MP4,ScreenRecording_06-19-2026_21-33-55_1,5436,90538,4.54,False
ScreenRecording_06-19-2026_21-33-55_1_005442.jpg,ScreenRecording_06-19-2026 21-33-55_1.MP4,ScreenRecording_06-19-2026_21-33-55_1,5442,90638,7.26,False
ScreenRecording_06-19-2026_21-33-55_1_005448.jpg,ScreenRecording_06-19-2026 21-33-55_1.MP4,ScreenRecording_06-19-2026_21-33-55_1,5448,90738,9.71,True
ScreenRecording_06-19-2026_21-33-55_1_005454.jpg,ScreenRecording_06-19-2026 21-33-55_1.MP4,ScreenRecording_06-19-2026_21-33-55_1,5454,90838,7.15,False
ScreenRecording_06-19-2026_21-33-55_1_005460.jpg,ScreenRecording_06-19-2026 21-33-55_1.MP4,ScreenRecording_06-19-2026_21-33-55_1,5460,90938,10.71,True
ScreenRecording_06-19-2026_21-33-55_1_005466.jpg,ScreenRecording_06-19-2026 21-33-55_1.MP4,ScreenRecording_06-19-2026_21-33-55_1,5466,91038,5.18,False
ScreenRecording_06-19-2026_21-33-55_1_005472.jpg,ScreenRecording_06-19-2026 21-33-55_1.MP4,ScreenRecording_06-19-2026_21-33-55_1,5472,91138,6.95,False
ScreenRecording_06-19-2026_21-33-55_1_005478.jpg,ScreenRecording_06-19-2026 21-33-55_1.MP4,ScreenRecording_06-19-2026_21-33-55_1,5478,91238,9.49,True
ScreenRecording_06-19-2026_21-33-55_1_005484.jpg,ScreenRecording_06-19-2026 21-33-55_1.MP4,ScreenRecording_06-19-2026_21-33-55_1,5484,91338,7.25,False
ScreenRecording_06-19-2026_21-33-55_1_005490.jpg,ScreenRecording_06-19-2026 21-33-55_1.MP4,ScreenRecording_06-19-2026_21-33-55_1,5490,91438,10.87,True
ScreenRecording_06-19-2026_21-33-55_1_005496.jpg,ScreenRecording_06-19-2026 21-33-55_1.MP4,ScreenRecording_06-19-2026_21-33-55_1,5496,91538,6.6,False
ScreenRecording_06-19-2026_21-33-55_1_005502.jpg,ScreenRecording_06-19-2026 21-33-55_1.MP4,ScreenRecording_06-19-2026_21-33-55_1,5502,91636,9.91,True
ScreenRecording_06-19-2026_21-33-55_1_005508.jpg,ScreenRecording_06-19-2026 21-33-55_1.MP4,ScreenRecording_06-19-2026_21-33-55_1,5508,91736,3.27,False
ScreenRecording_06-19-2026_21-33-55_1_005514.jpg,ScreenRecording_06-19-2026 21-33-55_1.MP4,ScreenRecording_06-19-2026_21-33-55_1,5514,91836,4.44,False
ScreenRecording_06-19-2026_21-33-55_1_005520.jpg,ScreenRecording_06-19-2026 21-33-55_1.MP4,ScreenRecording_06-19-2026_21-33-55_1,5520,91936,4.16,False
ScreenRecording_06-19-2026_21-33-55_1_005526.jpg,ScreenRecording_06-19-2026 21-33-55_1.MP4,ScreenRecording_06-19-2026_21-33-55_1,5526,92036,5.37,False
ScreenRecording_06-19-2026_21-33-55_1_005532.jpg,ScreenRecording_06-19-2026 21-33-55_1.MP4,ScreenRecording_06-19-2026_21-33-55_1,5532,92136,6.92,False
ScreenRecording_06-19-2026_21-33-55_1_005538.jpg,ScreenRecording_06-19-2026 21-33-55_1.MP4,ScreenRecording_06-19-2026_21-33-55_1,5538,92236,7.09,False
ScreenRecording_06-19-2026_21-33-55_1_005544.jpg,ScreenRecording_06-19-2026 21-33-55_1.MP4,ScreenRecording_06-19-2026_21-33-55_1,5544,92336,8.19,True
ScreenRecording_06-19-2026_21-33-55_1_005550.jpg,ScreenRecording_06-19-2026 21-33-55_1.MP4,ScreenRecording_06-19-2026_21-33-55_1,5550,92436,4.6,False
ScreenRecording_06-19-2026_21-33-55_1_005556.jpg,ScreenRecording_06-19-2026 21-33-55_1.MP4,ScreenRecording_06-19-2026_21-33-55_1,5556,92536,9.64,True
ScreenRecording_06-19-2026_21-33-55_1_005562.jpg,ScreenRecording_06-19-2026 21-33-55_1.MP4,ScreenRecording_06-19-2026_21-33-55_1,5562,92636,8.3,True
ScreenRecording_06-19-2026_21-33-55_1_005568.jpg,ScreenRecording_06-19-2026 21-33-55_1.MP4,ScreenRecording_06-19-2026_21-33-55_1,5568,92736,6.69,False
ScreenRecording_06-19-2026_21-33-55_1_005574.jpg,ScreenRecording_06-19-2026 21-33-55_1.MP4,ScreenRecording_06-19-2026_21-33-55_1,5574,92836,10.79,True
ScreenRecording_06-19-2026_21-33-55_1_005580.jpg,ScreenRecording_06-19-2026 21-33-55_1.MP4,ScreenRecording_06-19-2026_21-33-55_1,5580,92935,5.51,False
ScreenRecording_06-19-2026_21-33-55_1_005586.jpg,ScreenRecording_06-19-2026 21-33-55_1.MP4,ScreenRecording_06-19-2026_21-33-55_1,5586,93035,8.55,True
ScreenRecording_06-19-2026_21-33-55_1_005592.jpg,ScreenRecording_06-19-2026 21-33-55_1.MP4,ScreenRecording_06-19-2026_21-33-55_1,5592,93135,5.94,False
ScreenRecording_06-19-2026_21-33-55_1_005598.jpg,ScreenRecording_06-19-2026 21-33-55_1.MP4,ScreenRecording_06-19-2026_21-33-55_1,5598,93235,8.91,True
ScreenRecording_06-19-2026_21-33-55_1_005604.jpg,ScreenRecording_06-19-2026 21-33-55_1.MP4,ScreenRecording_06-19-2026_21-33-55_1,5604,93335,7.8,False
ScreenRecording_06-19-2026_21-33-55_1_005610.jpg,ScreenRecording_06-19-2026 21-33-55_1.MP4,ScreenRecording_06-19-2026_21-33-55_1,5610,93435,12.03,True
ScreenRecording_06-19-2026_21-33-55_1_005616.jpg,ScreenRecording_06-19-2026 21-33-55_1.MP4,ScreenRecording_06-19-2026_21-33-55_1,5616,93535,6.38,False
ScreenRecording_06-19-2026_21-33-55_1_005622.jpg,ScreenRecording_06-19-2026 21-33-55_1.MP4,ScreenRecording_06-19-2026_21-33-55_1,5622,93635,10.55,True
ScreenRecording_06-19-2026_21-33-55_1_005628.jpg,ScreenRecording_06-19-2026 21-33-55_1.MP4,ScreenRecording_06-19-2026_21-33-55_1,5628,93735,7.52,False
ScreenRecording_06-19-2026_21-33-55_1_005634.jpg,ScreenRecording_06-19-2026 21-33-55_1.MP4,ScreenRecording_06-19-2026_21-33-55_1,5634,93835,11.78,True
ScreenRecording_06-19-2026_21-33-55_1_005640.jpg,ScreenRecording_06-19-2026 21-33-55_1.MP4,ScreenRecording_06-19-2026_21-33-55_1,5640,93935,10.51,True
ScreenRecording_06-19-2026_21-33-55_1_005646.jpg,ScreenRecording_06-19-2026 21-33-55_1.MP4,ScreenRecording_06-19-2026_21-33-55_1,5646,94035,8.95,True
ScreenRecording_06-19-2026_21-33-55_1_005652.jpg,ScreenRecording_06-19-2026 21-33-55_1.MP4,ScreenRecording_06-19-2026_21-33-55_1,5652,94135,9.36,True
ScreenRecording_06-19-2026_21-33-55_1_005658.jpg,ScreenRecording_06-19-2026 21-33-55_1.MP4,ScreenRecording_06-19-2026_21-33-55_1,5658,94233,9.78,True
ScreenRecording_06-19-2026_21-33-55_1_005664.jpg,ScreenRecording_06-19-2026 21-33-55_1.MP4,ScreenRecording_06-19-2026_21-33-55_1,5664,94333,6.41,False
ScreenRecording_06-19-2026_21-33-55_1_005670.jpg,ScreenRecording_06-19-2026 21-33-55_1.MP4,ScreenRecording_06-19-2026_21-33-55_1,5670,94433,8.4,True
ScreenRecording_06-19-2026_21-33-55_1_005676.jpg,ScreenRecording_06-19-2026 21-33-55_1.MP4,ScreenRecording_06-19-2026_21-33-55_1,5676,94533,5.66,False
ScreenRecording_06-19-2026_21-33-55_1_005682.jpg,ScreenRecording_06-19-2026 21-33-55_1.MP4,ScreenRecording_06-19-2026_21-33-55_1,5682,94633,6.38,False
ScreenRecording_06-19-2026_21-33-55_1_005688.jpg,ScreenRecording_06-19-2026 21-33-55_1.MP4,ScreenRecording_06-19-2026_21-33-55_1,5688,94733,9.64,True
ScreenRecording_06-19-2026_21-33-55_1_005694.jpg,ScreenRecording_06-19-2026 21-33-55_1.MP4,ScreenRecording_06-19-2026_21-33-55_1,5694,94833,9.45,True
ScreenRecording_06-19-2026_21-33-55_1_005700.jpg,ScreenRecording_06-19-2026 21-33-55_1.MP4,ScreenRecording_06-19-2026_21-33-55_1,5700,94933,8.58,True
ScreenRecording_06-19-2026_21-33-55_1_005706.jpg,ScreenRecording_06-19-2026 21-33-55_1.MP4,ScreenRecording_06-19-2026_21-33-55_1,5706,95033,7.09,False
ScreenRecording_06-19-2026_21-33-55_1_005712.jpg,ScreenRecording_06-19-2026 21-33-55_1.MP4,ScreenRecording_06-19-2026_21-33-55_1,5712,95133,9.78,True
ScreenRecording_06-19-2026_21-33-55_1_005718.jpg,ScreenRecording_06-19-2026 21-33-55_1.MP4,ScreenRecording_06-19-2026_21-33-55_1,5718,95233,8.39,True
ScreenRecording_06-19-2026_21-33-55_1_005724.jpg,ScreenRecording_06-19-2026 21-33-55_1.MP4,ScreenRecording_06-19-2026_21-33-55_1,5724,95333,13.38,True
ScreenRecording_06-19-2026_21-33-55_1_005730.jpg,ScreenRecording_06-19-2026 21-33-55_1.MP4,ScreenRecording_06-19-2026_21-33-55_1,5730,95433,13.53,True
ScreenRecording_06-19-2026_21-33-55_1_005736.jpg,ScreenRecording_06-19-2026 21-33-55_1.MP4,ScreenRecording_06-19-2026_21-33-55_1,5736,95533,11.25,True
ScreenRecording_06-19-2026_21-33-55_1_005742.jpg,ScreenRecording_06-19-2026 21-33-55_1.MP4,ScreenRecording_06-19-2026_21-33-55_1,5742,95633,9.31,True
ScreenRecording_06-19-2026_21-33-55_1_005748.jpg,ScreenRecording_06-19-2026 21-33-55_1.MP4,ScreenRecording_06-19-2026_21-33-55_1,5748,95731,6.62,False
ScreenRecording_06-19-2026_21-33-55_1_005754.jpg,ScreenRecording_06-19-2026 21-33-55_1.MP4,ScreenRecording_06-19-2026_21-33-55_1,5754,95831,10.4,True
ScreenRecording_06-19-2026_21-33-55_1_005760.jpg,ScreenRecording_06-19-2026 21-33-55_1.MP4,ScreenRecording_06-19-2026_21-33-55_1,5760,95931,6.47,False
ScreenRecording_06-19-2026_21-33-55_1_005766.jpg,ScreenRecording_06-19-2026 21-33-55_1.MP4,ScreenRecording_06-19-2026_21-33-55_1,5766,96031,9.4,True
ScreenRecording_06-19-2026_21-33-55_1_005772.jpg,ScreenRecording_06-19-2026 21-33-55_1.MP4,ScreenRecording_06-19-2026_21-33-55_1,5772,96131,6.79,False
ScreenRecording_06-19-2026_21-33-55_1_005778.jpg,ScreenRecording_06-19-2026 21-33-55_1.MP4,ScreenRecording_06-19-2026_21-33-55_1,5778,96231,9.85,True
ScreenRecording_06-19-2026_21-33-55_1_005784.jpg,ScreenRecording_06-19-2026 21-33-55_1.MP4,ScreenRecording_06-19-2026_21-33-55_1,5784,96331,6.1,False
ScreenRecording_06-19-2026_21-33-55_1_005790.jpg,ScreenRecording_06-19-2026 21-33-55_1.MP4,ScreenRecording_06-19-2026_21-33-55_1,5790,96431,10.24,True
ScreenRecording_06-19-2026_21-33-55_1_005796.jpg,ScreenRecording_06-19-2026 21-33-55_1.MP4,ScreenRecording_06-19-2026_21-33-55_1,5796,96531,8.39,True
ScreenRecording_06-19-2026_21-33-55_1_005802.jpg,ScreenRecording_06-19-2026 21-33-55_1.MP4,ScreenRecording_06-19-2026_21-33-55_1,5802,96631,9.31,True
ScreenRecording_06-19-2026_21-33-55_1_005808.jpg,ScreenRecording_06-19-2026 21-33-55_1.MP4,ScreenRecording_06-19-2026_21-33-55_1,5808,96731,4.35,False
ScreenRecording_06-19-2026_21-33-55_1_005814.jpg,ScreenRecording_06-19-2026 21-33-55_1.MP4,ScreenRecording_06-19-2026_21-33-55_1,5814,96831,10.0,True
ScreenRecording_06-19-2026_21-33-55_1_005820.jpg,ScreenRecording_06-19-2026 21-33-55_1.MP4,ScreenRecording_06-19-2026_21-33-55_1,5820,96931,9.88,True
ScreenRecording_06-19-2026_21-33-55_1_005826.jpg,ScreenRecording_06-19-2026 21-33-55_1.MP4,ScreenRecording_06-19-2026_21-33-55_1,5826,97030,7.74,False
ScreenRecording_06-19-2026_21-33-55_1_005832.jpg,ScreenRecording_06-19-2026 21-33-55_1.MP4,ScreenRecording_06-19-2026_21-33-55_1,5832,97130,11.27,True
ScreenRecording_06-19-2026_21-33-55_1_005838.jpg,ScreenRecording_06-19-2026 21-33-55_1.MP4,ScreenRecording_06-19-2026_21-33-55_1,5838,97230,5.94,False
ScreenRecording_06-19-2026_21-33-55_1_005844.jpg,ScreenRecording_06-19-2026 21-33-55_1.MP4,ScreenRecording_06-19-2026_21-33-55_1,5844,97330,8.76,True
ScreenRecording_06-19-2026_21-33-55_1_005850.jpg,ScreenRecording_06-19-2026 21-33-55_1.MP4,ScreenRecording_06-19-2026_21-33-55_1,5850,97430,5.91,False
ScreenRecording_06-19-2026_21-33-55_1_005856.jpg,ScreenRecording_06-19-2026 21-33-55_1.MP4,ScreenRecording_06-19-2026_21-33-55_1,5856,97530,8.68,True
ScreenRecording_06-19-2026_21-33-55_1_005862.jpg,ScreenRecording_06-19-2026 21-33-55_1.MP4,ScreenRecording_06-19-2026_21-33-55_1,5862,97630,6.31,False
ScreenRecording_06-19-2026_21-33-55_1_005868.jpg,ScreenRecording_06-19-2026 21-33-55_1.MP4,ScreenRecording_06-19-2026_21-33-55_1,5868,97730,10.43,True
ScreenRecording_06-19-2026_21-33-55_1_005874.jpg,ScreenRecording_06-19-2026 21-33-55_1.MP4,ScreenRecording_06-19-2026_21-33-55_1,5874,97830,4.53,False
ScreenRecording_06-19-2026_21-33-55_1_005880.jpg,ScreenRecording_06-19-2026 21-33-55_1.MP4,ScreenRecording_06-19-2026_21-33-55_1,5880,97930,7.97,False
ScreenRecording_06-19-2026_21-33-55_1_005886.jpg,ScreenRecording_06-19-2026 21-33-55_1.MP4,ScreenRecording_06-19-2026_21-33-55_1,5886,98030,9.6,True
ScreenRecording_06-19-2026_21-33-55_1_005892.jpg,ScreenRecording_06-19-2026 21-33-55_1.MP4,ScreenRecording_06-19-2026_21-33-55_1,5892,98130,2.72,False
ScreenRecording_06-19-2026_21-33-55_1_005898.jpg,ScreenRecording_06-19-2026 21-33-55_1.MP4,ScreenRecording_06-19-2026_21-33-55_1,5898,98230,4.06,False
ScreenRecording_06-19-2026_21-33-55_1_005904.jpg,ScreenRecording_06-19-2026 21-33-55_1.MP4,ScreenRecording_06-19-2026_21-33-55_1,5904,98328,7.89,False
ScreenRecording_06-19-2026_21-33-55_1_005910.jpg,ScreenRecording_06-19-2026 21-33-55_1.MP4,ScreenRecording_06-19-2026_21-33-55_1,5910,98428,12.82,True
ScreenRecording_06-19-2026_21-33-55_1_005916.jpg,ScreenRecording_06-19-2026 21-33-55_1.MP4,ScreenRecording_06-19-2026_21-33-55_1,5916,98528,11.03,True
ScreenRecording_06-19-2026_21-33-55_1_005922.jpg,ScreenRecording_06-19-2026 21-33-55_1.MP4,ScreenRecording_06-19-2026_21-33-55_1,5922,98628,14.02,True
ScreenRecording_06-19-2026_21-33-55_1_005928.jpg,ScreenRecording_06-19-2026 21-33-55_1.MP4,ScreenRecording_06-19-2026_21-33-55_1,5928,98728,15.34,True
ScreenRecording_06-19-2026_21-33-55_1_005934.jpg,ScreenRecording_06-19-2026 21-33-55_1.MP4,ScreenRecording_06-19-2026_21-33-55_1,5934,98828,13.59,True
ScreenRecording_06-19-2026_21-33-55_1_005940.jpg,ScreenRecording_06-19-2026 21-33-55_1.MP4,ScreenRecording_06-19-2026_21-33-55_1,5940,98928,11.36,True
ScreenRecording_06-19-2026_21-33-55_1_005946.jpg,ScreenRecording_06-19-2026 21-33-55_1.MP4,ScreenRecording_06-19-2026_21-33-55_1,5946,99028,10.14,True
ScreenRecording_06-19-2026_21-33-55_1_005952.jpg,ScreenRecording_06-19-2026 21-33-55_1.MP4,ScreenRecording_06-19-2026_21-33-55_1,5952,99128,11.56,True
ScreenRecording_06-19-2026_21-33-55_1_005958.jpg,ScreenRecording_06-19-2026 21-33-55_1.MP4,ScreenRecording_06-19-2026_21-33-55_1,5958,99228,12.7,True
ScreenRecording_06-19-2026_21-33-55_1_005964.jpg,ScreenRecording_06-19-2026 21-33-55_1.MP4,ScreenRecording_06-19-2026_21-33-55_1,5964,99328,12.85,True
ScreenRecording_06-19-2026_21-33-55_1_005970.jpg,ScreenRecording_06-19-2026 21-33-55_1.MP4,ScreenRecording_06-19-2026_21-33-55_1,5970,99428,10.36,True
ScreenRecording_06-19-2026_21-33-55_1_005976.jpg,ScreenRecording_06-19-2026 21-33-55_1.MP4,ScreenRecording_06-19-2026_21-33-55_1,5976,99528,7.1,False
ScreenRecording_06-19-2026_21-33-55_1_005982.jpg,ScreenRecording_06-19-2026 21-33-55_1.MP4,ScreenRecording_06-19-2026_21-33-55_1,5982,99628,9.28,True
ScreenRecording_06-19-2026_21-33-55_1_005988.jpg,ScreenRecording_06-19-2026 21-33-55_1.MP4,ScreenRecording_06-19-2026_21-33-55_1,5988,99726,4.58,False
ScreenRecording_06-19-2026_21-33-55_1_005994.jpg,ScreenRecording_06-19-2026 21-33-55_1.MP4,ScreenRecording_06-19-2026_21-33-55_1,5994,99826,7.57,False
ScreenRecording_06-19-2026_21-33-55_1_006000.jpg,ScreenRecording_06-19-2026 21-33-55_1.MP4,ScreenRecording_06-19-2026_21-33-55_1,6000,99926,12.26,True
ScreenRecording_06-19-2026_21-33-55_1_006006.jpg,ScreenRecording_06-19-2026 21-33-55_1.MP4,ScreenRecording_06-19-2026_21-33-55_1,6006,100026,8.06,True
ScreenRecording_06-19-2026_21-33-55_1_006012.jpg,ScreenRecording_06-19-2026 21-33-55_1.MP4,ScreenRecording_06-19-2026_21-33-55_1,6012,100126,10.51,True
ScreenRecording_06-19-2026_21-33-55_1_006018.jpg,ScreenRecording_06-19-2026 21-33-55_1.MP4,ScreenRecording_06-19-2026_21-33-55_1,6018,100226,8.02,True
ScreenRecording_06-19-2026_21-33-55_1_006024.jpg,ScreenRecording_06-19-2026 21-33-55_1.MP4,ScreenRecording_06-19-2026_21-33-55_1,6024,100326,5.66,False
ScreenRecording_06-19-2026_21-33-55_1_006030.jpg,ScreenRecording_06-19-2026 21-33-55_1.MP4,ScreenRecording_06-19-2026_21-33-55_1,6030,100426,8.19,True
ScreenRecording_06-19-2026_21-33-55_1_006036.jpg,ScreenRecording_06-19-2026 21-33-55_1.MP4,ScreenRecording_06-19-2026_21-33-55_1,6036,100526,5.45,False
ScreenRecording_06-19-2026_21-33-55_1_006042.jpg,ScreenRecording_06-19-2026 21-33-55_1.MP4,ScreenRecording_06-19-2026_21-33-55_1,6042,100626,7.21,False
ScreenRecording_06-19-2026_21-33-55_1_006048.jpg,ScreenRecording_06-19-2026 21-33-55_1.MP4,ScreenRecording_06-19-2026_21-33-55_1,6048,100726,9.61,True
ScreenRecording_06-19-2026_21-33-55_1_006054.jpg,ScreenRecording_06-19-2026 21-33-55_1.MP4,ScreenRecording_06-19-2026_21-33-55_1,6054,100826,5.25,False
ScreenRecording_06-19-2026_21-33-55_1_006060.jpg,ScreenRecording_06-19-2026 21-33-55_1.MP4,ScreenRecording_06-19-2026_21-33-55_1,6060,100925,9.3,True
ScreenRecording_06-19-2026_21-33-55_1_006066.jpg,ScreenRecording_06-19-2026 21-33-55_1.MP4,ScreenRecording_06-19-2026_21-33-55_1,6066,101025,8.39,True
ScreenRecording_06-19-2026_21-33-55_1_006072.jpg,ScreenRecording_06-19-2026 21-33-55_1.MP4,ScreenRecording_06-19-2026_21-33-55_1,6072,101125,8.5,True
ScreenRecording_06-19-2026_21-33-55_1_006078.jpg,ScreenRecording_06-19-2026 21-33-55_1.MP4,ScreenRecording_06-19-2026_21-33-55_1,6078,101225,8.88,True
ScreenRecording_06-19-2026_21-33-55_1_006084.jpg,ScreenRecording_06-19-2026 21-33-55_1.MP4,ScreenRecording_06-19-2026_21-33-55_1,6084,101325,7.98,False
ScreenRecording_06-19-2026_21-33-55_1_006090.jpg,ScreenRecording_06-19-2026 21-33-55_1.MP4,ScreenRecording_06-19-2026_21-33-55_1,6090,101425,11.21,True
ScreenRecording_06-19-2026_21-33-55_1_006096.jpg,ScreenRecording_06-19-2026 21-33-55_1.MP4,ScreenRecording_06-19-2026_21-33-55_1,6096,101525,4.88,False
ScreenRecording_06-19-2026_21-33-55_1_006102.jpg,ScreenRecording_06-19-2026 21-33-55_1.MP4,ScreenRecording_06-19-2026_21-33-55_1,6102,101625,7.86,False
ScreenRecording_06-19-2026_21-33-55_1_006108.jpg,ScreenRecording_06-19-2026 21-33-55_1.MP4,ScreenRecording_06-19-2026_21-33-55_1,6108,101725,8.6,True
ScreenRecording_06-19-2026_21-33-55_1_006114.jpg,ScreenRecording_06-19-2026 21-33-55_1.MP4,ScreenRecording_06-19-2026_21-33-55_1,6114,101825,6.75,False
ScreenRecording_06-19-2026_21-33-55_1_006120.jpg,ScreenRecording_06-19-2026 21-33-55_1.MP4,ScreenRecording_06-19-2026_21-33-55_1,6120,101925,11.32,True
ScreenRecording_06-19-2026_21-33-55_1_006126.jpg,ScreenRecording_06-19-2026 21-33-55_1.MP4,ScreenRecording_06-19-2026_21-33-55_1,6126,102025,5.79,False
ScreenRecording_06-19-2026_21-33-55_1_006132.jpg,ScreenRecording_06-19-2026 21-33-55_1.MP4,ScreenRecording_06-19-2026_21-33-55_1,6132,102125,7.99,False
ScreenRecording_06-19-2026_21-33-55_1_006138.jpg,ScreenRecording_06-19-2026 21-33-55_1.MP4,ScreenRecording_06-19-2026_21-33-55_1,6138,102223,9.36,True
ScreenRecording_06-19-2026_21-33-55_1_006144.jpg,ScreenRecording_06-19-2026 21-33-55_1.MP4,ScreenRecording_06-19-2026_21-33-55_1,6144,102323,8.82,True
ScreenRecording_06-19-2026_21-33-55_1_006150.jpg,ScreenRecording_06-19-2026 21-33-55_1.MP4,ScreenRecording_06-19-2026_21-33-55_1,6150,102423,5.75,False
ScreenRecording_06-19-2026_21-33-55_1_006156.jpg,ScreenRecording_06-19-2026 21-33-55_1.MP4,ScreenRecording_06-19-2026_21-33-55_1,6156,102523,7.76,False
ScreenRecording_06-19-2026_21-33-55_1_006162.jpg,ScreenRecording_06-19-2026 21-33-55_1.MP4,ScreenRecording_06-19-2026_21-33-55_1,6162,102623,8.65,True
ScreenRecording_06-19-2026_21-33-55_1_006168.jpg,ScreenRecording_06-19-2026 21-33-55_1.MP4,ScreenRecording_06-19-2026_21-33-55_1,6168,102723,6.22,False
ScreenRecording_06-19-2026_21-33-55_1_006174.jpg,ScreenRecording_06-19-2026 21-33-55_1.MP4,ScreenRecording_06-19-2026_21-33-55_1,6174,102823,10.03,True
ScreenRecording_06-19-2026_21-33-55_1_006180.jpg,ScreenRecording_06-19-2026 21-33-55_1.MP4,ScreenRecording_06-19-2026_21-33-55_1,6180,102923,7.4,False
ScreenRecording_06-19-2026_21-33-55_1_006186.jpg,ScreenRecording_06-19-2026 21-33-55_1.MP4,ScreenRecording_06-19-2026_21-33-55_1,6186,103023,9.43,True
ScreenRecording_06-19-2026_21-33-55_1_006192.jpg,ScreenRecording_06-19-2026 21-33-55_1.MP4,ScreenRecording_06-19-2026_21-33-55_1,6192,103123,5.87,False
ScreenRecording_06-19-2026_21-33-55_1_006198.jpg,ScreenRecording_06-19-2026 21-33-55_1.MP4,ScreenRecording_06-19-2026_21-33-55_1,6198,103223,8.66,True
ScreenRecording_06-19-2026_21-33-55_1_006204.jpg,ScreenRecording_06-19-2026 21-33-55_1.MP4,ScreenRecording_06-19-2026_21-33-55_1,6204,103323,3.09,False
ScreenRecording_06-19-2026_21-33-55_1_006210.jpg,ScreenRecording_06-19-2026 21-33-55_1.MP4,ScreenRecording_06-19-2026_21-33-55_1,6210,103423,6.54,False
ScreenRecording_06-19-2026_21-33-55_1_006216.jpg,ScreenRecording_06-19-2026 21-33-55_1.MP4,ScreenRecording_06-19-2026_21-33-55_1,6216,103521,8.65,True
ScreenRecording_06-19-2026_21-33-55_1_006222.jpg,ScreenRecording_06-19-2026 21-33-55_1.MP4,ScreenRecording_06-19-2026_21-33-55_1,6222,103621,4.92,False
ScreenRecording_06-19-2026_21-33-55_1_006228.jpg,ScreenRecording_06-19-2026 21-33-55_1.MP4,ScreenRecording_06-19-2026_21-33-55_1,6228,103721,7.36,False
ScreenRecording_06-19-2026_21-33-55_1_006234.jpg,ScreenRecording_06-19-2026 21-33-55_1.MP4,ScreenRecording_06-19-2026_21-33-55_1,6234,103821,6.03,False
ScreenRecording_06-19-2026_21-33-55_1_006240.jpg,ScreenRecording_06-19-2026 21-33-55_1.MP4,ScreenRecording_06-19-2026_21-33-55_1,6240,103921,4.64,False
ScreenRecording_06-19-2026_21-33-55_1_006246.jpg,ScreenRecording_06-19-2026 21-33-55_1.MP4,ScreenRecording_06-19-2026_21-33-55_1,6246,104021,6.43,False
ScreenRecording_06-19-2026_21-33-55_1_006252.jpg,ScreenRecording_06-19-2026 21-33-55_1.MP4,ScreenRecording_06-19-2026_21-33-55_1,6252,104121,8.53,True
ScreenRecording_06-19-2026_21-33-55_1_006258.jpg,ScreenRecording_06-19-2026 21-33-55_1.MP4,ScreenRecording_06-19-2026_21-33-55_1,6258,104221,3.26,False
ScreenRecording_06-19-2026_21-33-55_1_006264.jpg,ScreenRecording_06-19-2026 21-33-55_1.MP4,ScreenRecording_06-19-2026_21-33-55_1,6264,104321,5.88,False
ScreenRecording_06-19-2026_21-33-55_1_006270.jpg,ScreenRecording_06-19-2026 21-33-55_1.MP4,ScreenRecording_06-19-2026_21-33-55_1,6270,104421,8.81,True
ScreenRecording_06-19-2026_21-33-55_1_006276.jpg,ScreenRecording_06-19-2026 21-33-55_1.MP4,ScreenRecording_06-19-2026_21-33-55_1,6276,104521,7.95,False
ScreenRecording_06-19-2026_21-33-55_1_006282.jpg,ScreenRecording_06-19-2026 21-33-55_1.MP4,ScreenRecording_06-19-2026_21-33-55_1,6282,104621,12.63,True
ScreenRecording_06-19-2026_21-33-55_1_006288.jpg,ScreenRecording_06-19-2026 21-33-55_1.MP4,ScreenRecording_06-19-2026_21-33-55_1,6288,104721,9.54,True
ScreenRecording_06-19-2026_21-33-55_1_006294.jpg,ScreenRecording_06-19-2026 21-33-55_1.MP4,ScreenRecording_06-19-2026_21-33-55_1,6294,104820,4.68,False
ScreenRecording_06-19-2026_21-33-55_1_006300.jpg,ScreenRecording_06-19-2026 21-33-55_1.MP4,ScreenRecording_06-19-2026_21-33-55_1,6300,104920,9.34,True
ScreenRecording_06-19-2026_21-33-55_1_006306.jpg,ScreenRecording_06-19-2026 21-33-55_1.MP4,ScreenRecording_06-19-2026_21-33-55_1,6306,105020,8.84,True
ScreenRecording_06-19-2026_21-33-55_1_006312.jpg,ScreenRecording_06-19-2026 21-33-55_1.MP4,ScreenRecording_06-19-2026_21-33-55_1,6312,105120,5.52,False
ScreenRecording_06-19-2026_21-33-55_1_006318.jpg,ScreenRecording_06-19-2026 21-33-55_1.MP4,ScreenRecording_06-19-2026_21-33-55_1,6318,105220,6.79,False
ScreenRecording_06-19-2026_21-33-55_1_006324.jpg,ScreenRecording_06-19-2026 21-33-55_1.MP4,ScreenRecording_06-19-2026_21-33-55_1,6324,105320,8.04,True
ScreenRecording_06-19-2026_21-33-55_1_006330.jpg,ScreenRecording_06-19-2026 21-33-55_1.MP4,ScreenRecording_06-19-2026_21-33-55_1,6330,105420,4.41,False
ScreenRecording_06-19-2026_21-33-55_1_006336.jpg,ScreenRecording_06-19-2026 21-33-55_1.MP4,ScreenRecording_06-19-2026_21-33-55_1,6336,105520,8.79,True
ScreenRecording_06-19-2026_21-33-55_1_006342.jpg,ScreenRecording_06-19-2026 21-33-55_1.MP4,ScreenRecording_06-19-2026_21-33-55_1,6342,105620,3.65,False
ScreenRecording_06-19-2026_21-33-55_1_006348.jpg,ScreenRecording_06-19-2026 21-33-55_1.MP4,ScreenRecording_06-19-2026_21-33-55_1,6348,105720,8.73,True
ScreenRecording_06-19-2026_21-33-55_1_006354.jpg,ScreenRecording_06-19-2026 21-33-55_1.MP4,ScreenRecording_06-19-2026_21-33-55_1,6354,105820,6.71,False
ScreenRecording_06-19-2026_21-33-55_1_006360.jpg,ScreenRecording_06-19-2026 21-33-55_1.MP4,ScreenRecording_06-19-2026_21-33-55_1,6360,105920,11.67,True
ScreenRecording_06-19-2026_21-33-55_1_006366.jpg,ScreenRecording_06-19-2026 21-33-55_1.MP4,ScreenRecording_06-19-2026_21-33-55_1,6366,106020,8.86,True
ScreenRecording_06-19-2026_21-33-55_1_006372.jpg,ScreenRecording_06-19-2026 21-33-55_1.MP4,ScreenRecording_06-19-2026_21-33-55_1,6372,106118,7.69,False
ScreenRecording_06-19-2026_21-33-55_1_006378.jpg,ScreenRecording_06-19-2026 21-33-55_1.MP4,ScreenRecording_06-19-2026_21-33-55_1,6378,106218,12.65,True
ScreenRecording_06-19-2026_21-33-55_1_006384.jpg,ScreenRecording_06-19-2026 21-33-55_1.MP4,ScreenRecording_06-19-2026_21-33-55_1,6384,106318,10.25,True
ScreenRecording_06-19-2026_21-33-55_1_006390.jpg,ScreenRecording_06-19-2026 21-33-55_1.MP4,ScreenRecording_06-19-2026_21-33-55_1,6390,106418,9.71,True
ScreenRecording_06-19-2026_21-33-55_1_006396.jpg,ScreenRecording_06-19-2026 21-33-55_1.MP4,ScreenRecording_06-19-2026_21-33-55_1,6396,106518,9.03,True
ScreenRecording_06-19-2026_21-33-55_1_006402.jpg,ScreenRecording_06-19-2026 21-33-55_1.MP4,ScreenRecording_06-19-2026_21-33-55_1,6402,106618,6.41,False
ScreenRecording_06-19-2026_21-33-55_1_006408.jpg,ScreenRecording_06-19-2026 21-33-55_1.MP4,ScreenRecording_06-19-2026_21-33-55_1,6408,106718,8.6,True
ScreenRecording_06-19-2026_21-33-55_1_006414.jpg,ScreenRecording_06-19-2026 21-33-55_1.MP4,ScreenRecording_06-19-2026_21-33-55_1,6414,106818,8.43,True
ScreenRecording_06-19-2026_21-33-55_1_006420.jpg,ScreenRecording_06-19-2026 21-33-55_1.MP4,ScreenRecording_06-19-2026_21-33-55_1,6420,106918,10.03,True
ScreenRecording_06-19-2026_21-33-55_1_006426.jpg,ScreenRecording_06-19-2026 21-33-55_1.MP4,ScreenRecording_06-19-2026_21-33-55_1,6426,107018,11.72,True
ScreenRecording_06-19-2026_21-33-55_1_006432.jpg,ScreenRecording_06-19-2026 21-33-55_1.MP4,ScreenRecording_06-19-2026_21-33-55_1,6432,107118,12.26,True
ScreenRecording_06-19-2026_21-33-55_1_006438.jpg,ScreenRecording_06-19-2026 21-33-55_1.MP4,ScreenRecording_06-19-2026_21-33-55_1,6438,107218,7.91,False
ScreenRecording_06-19-2026_21-33-55_1_006444.jpg,ScreenRecording_06-19-2026 21-33-55_1.MP4,ScreenRecording_06-19-2026_21-33-55_1,6444,107318,9.05,True
ScreenRecording_06-19-2026_21-33-55_1_006450.jpg,ScreenRecording_06-19-2026 21-33-55_1.MP4,ScreenRecording_06-19-2026_21-33-55_1,6450,107416,7.67,False
ScreenRecording_06-19-2026_21-33-55_1_006456.jpg,ScreenRecording_06-19-2026 21-33-55_1.MP4,ScreenRecording_06-19-2026_21-33-55_1,6456,107516,13.55,True
ScreenRecording_06-19-2026_21-33-55_1_006462.jpg,ScreenRecording_06-19-2026 21-33-55_1.MP4,ScreenRecording_06-19-2026_21-33-55_1,6462,107616,7.82,False
ScreenRecording_06-19-2026_21-33-55_1_006468.jpg,ScreenRecording_06-19-2026 21-33-55_1.MP4,ScreenRecording_06-19-2026_21-33-55_1,6468,107716,10.19,True
ScreenRecording_06-19-2026_21-33-55_1_006474.jpg,ScreenRecording_06-19-2026 21-33-55_1.MP4,ScreenRecording_06-19-2026_21-33-55_1,6474,107816,3.27,False
ScreenRecording_06-19-2026_21-33-55_1_006480.jpg,ScreenRecording_06-19-2026 21-33-55_1.MP4,ScreenRecording_06-19-2026_21-33-55_1,6480,107916,7.16,False
ScreenRecording_06-19-2026_21-33-55_1_006486.jpg,ScreenRecording_06-19-2026 21-33-55_1.MP4,ScreenRecording_06-19-2026_21-33-55_1,6486,108016,9.15,True
ScreenRecording_06-19-2026_21-33-55_1_006492.jpg,ScreenRecording_06-19-2026 21-33-55_1.MP4,ScreenRecording_06-19-2026_21-33-55_1,6492,108116,5.43,False
ScreenRecording_06-19-2026_21-33-55_1_006498.jpg,ScreenRecording_06-19-2026 21-33-55_1.MP4,ScreenRecording_06-19-2026_21-33-55_1,6498,108216,7.97,False
ScreenRecording_06-19-2026_21-33-55_1_006504.jpg,ScreenRecording_06-19-2026 21-33-55_1.MP4,ScreenRecording_06-19-2026_21-33-55_1,6504,108316,10.85,True
ScreenRecording_06-19-2026_21-33-55_1_006510.jpg,ScreenRecording_06-19-2026 21-33-55_1.MP4,ScreenRecording_06-19-2026_21-33-55_1,6510,108416,3.61,False
ScreenRecording_06-19-2026_21-33-55_1_006516.jpg,ScreenRecording_06-19-2026 21-33-55_1.MP4,ScreenRecording_06-19-2026_21-33-55_1,6516,108516,5.08,False
ScreenRecording_06-19-2026_21-33-55_1_006522.jpg,ScreenRecording_06-19-2026 21-33-55_1.MP4,ScreenRecording_06-19-2026_21-33-55_1,6522,108616,6.64,False
ScreenRecording_06-19-2026_21-33-55_1_006528.jpg,ScreenRecording_06-19-2026 21-33-55_1.MP4,ScreenRecording_06-19-2026_21-33-55_1,6528,108715,7.93,False
ScreenRecording_06-19-2026_21-33-55_1_006534.jpg,ScreenRecording_06-19-2026 21-33-55_1.MP4,ScreenRecording_06-19-2026_21-33-55_1,6534,108815,8.35,True
ScreenRecording_06-19-2026_21-33-55_1_006540.jpg,ScreenRecording_06-19-2026 21-33-55_1.MP4,ScreenRecording_06-19-2026_21-33-55_1,6540,108915,5.4,False
ScreenRecording_06-19-2026_21-33-55_1_006546.jpg,ScreenRecording_06-19-2026 21-33-55_1.MP4,ScreenRecording_06-19-2026_21-33-55_1,6546,109015,8.48,True
ScreenRecording_06-19-2026_21-33-55_1_006552.jpg,ScreenRecording_06-19-2026 21-33-55_1.MP4,ScreenRecording_06-19-2026_21-33-55_1,6552,109115,7.09,False
ScreenRecording_06-19-2026_21-33-55_1_006558.jpg,ScreenRecording_06-19-2026 21-33-55_1.MP4,ScreenRecording_06-19-2026_21-33-55_1,6558,109215,10.66,True
ScreenRecording_06-19-2026_21-33-55_1_006564.jpg,ScreenRecording_06-19-2026 21-33-55_1.MP4,ScreenRecording_06-19-2026_21-33-55_1,6564,109315,5.4,False
ScreenRecording_06-19-2026_21-33-55_1_006570.jpg,ScreenRecording_06-19-2026 21-33-55_1.MP4,ScreenRecording_06-19-2026_21-33-55_1,6570,109415,8.63,True
ScreenRecording_06-19-2026_21-33-55_1_006576.jpg,ScreenRecording_06-19-2026 21-33-55_1.MP4,ScreenRecording_06-19-2026_21-33-55_1,6576,109515,9.63,True
ScreenRecording_06-19-2026_21-33-55_1_006582.jpg,ScreenRecording_06-19-2026 21-33-55_1.MP4,ScreenRecording_06-19-2026_21-33-55_1,6582,109615,11.29,True
ScreenRecording_06-19-2026_21-33-55_1_006588.jpg,ScreenRecording_06-19-2026 21-33-55_1.MP4,ScreenRecording_06-19-2026_21-33-55_1,6588,109715,7.33,False
ScreenRecording_06-19-2026_21-33-55_1_006594.jpg,ScreenRecording_06-19-2026 21-33-55_1.MP4,ScreenRecording_06-19-2026_21-33-55_1,6594,109815,9.07,True
ScreenRecording_06-19-2026_21-33-55_1_006600.jpg,ScreenRecording_06-19-2026 21-33-55_1.MP4,ScreenRecording_06-19-2026_21-33-55_1,6600,109915,6.76,False
ScreenRecording_06-19-2026_21-33-55_1_006606.jpg,ScreenRecording_06-19-2026 21-33-55_1.MP4,ScreenRecording_06-19-2026_21-33-55_1,6606,110013,12.84,True
ScreenRecording_06-19-2026_21-33-55_1_006612.jpg,ScreenRecording_06-19-2026 21-33-55_1.MP4,ScreenRecording_06-19-2026_21-33-55_1,6612,110113,7.92,False
ScreenRecording_06-19-2026_21-33-55_1_006618.jpg,ScreenRecording_06-19-2026 21-33-55_1.MP4,ScreenRecording_06-19-2026_21-33-55_1,6618,110213,9.59,True
ScreenRecording_06-19-2026_21-33-55_1_006624.jpg,ScreenRecording_06-19-2026 21-33-55_1.MP4,ScreenRecording_06-19-2026_21-33-55_1,6624,110313,6.38,False
ScreenRecording_06-19-2026_21-33-55_1_006630.jpg,ScreenRecording_06-19-2026 21-33-55_1.MP4,ScreenRecording_06-19-2026_21-33-55_1,6630,110413,11.31,True
ScreenRecording_06-19-2026_21-33-55_1_006636.jpg,ScreenRecording_06-19-2026 21-33-55_1.MP4,ScreenRecording_06-19-2026_21-33-55_1,6636,110513,9.06,True
ScreenRecording_06-19-2026_21-33-55_1_006642.jpg,ScreenRecording_06-19-2026 21-33-55_1.MP4,ScreenRecording_06-19-2026_21-33-55_1,6642,110613,8.41,True
ScreenRecording_06-19-2026_21-33-55_1_006648.jpg,ScreenRecording_06-19-2026 21-33-55_1.MP4,ScreenRecording_06-19-2026_21-33-55_1,6648,110713,7.73,False
ScreenRecording_06-19-2026_21-33-55_1_006654.jpg,ScreenRecording_06-19-2026 21-33-55_1.MP4,ScreenRecording_06-19-2026_21-33-55_1,6654,110813,11.11,True
ScreenRecording_06-19-2026_21-33-55_1_006660.jpg,ScreenRecording_06-19-2026 21-33-55_1.MP4,ScreenRecording_06-19-2026_21-33-55_1,6660,110913,5.55,False
ScreenRecording_06-19-2026_21-33-55_1_006666.jpg,ScreenRecording_06-19-2026 21-33-55_1.MP4,ScreenRecording_06-19-2026_21-33-55_1,6666,111013,8.43,True
ScreenRecording_06-19-2026_21-33-55_1_006672.jpg,ScreenRecording_06-19-2026 21-33-55_1.MP4,ScreenRecording_06-19-2026_21-33-55_1,6672,111113,6.27,False
ScreenRecording_06-19-2026_21-33-55_1_006678.jpg,ScreenRecording_06-19-2026 21-33-55_1.MP4,ScreenRecording_06-19-2026_21-33-55_1,6678,111213,9.98,True
ScreenRecording_06-19-2026_21-33-55_1_006684.jpg,ScreenRecording_06-19-2026 21-33-55_1.MP4,ScreenRecording_06-19-2026_21-33-55_1,6684,111313,7.14,False
ScreenRecording_06-19-2026_21-33-55_1_006690.jpg,ScreenRecording_06-19-2026 21-33-55_1.MP4,ScreenRecording_06-19-2026_21-33-55_1,6690,111413,11.08,True
ScreenRecording_06-19-2026_21-33-55_1_006696.jpg,ScreenRecording_06-19-2026 21-33-55_1.MP4,ScreenRecording_06-19-2026_21-33-55_1,6696,111511,7.88,False
ScreenRecording_06-19-2026_21-33-55_1_006702.jpg,ScreenRecording_06-19-2026 21-33-55_1.MP4,ScreenRecording_06-19-2026_21-33-55_1,6702,111611,11.61,True
ScreenRecording_06-19-2026_21-33-55_1_006708.jpg,ScreenRecording_06-19-2026 21-33-55_1.MP4,ScreenRecording_06-19-2026_21-33-55_1,6708,111711,7.9,False
ScreenRecording_06-19-2026_21-33-55_1_006714.jpg,ScreenRecording_06-19-2026 21-33-55_1.MP4,ScreenRecording_06-19-2026_21-33-55_1,6714,111811,11.86,True
ScreenRecording_06-19-2026_21-33-55_1_006720.jpg,ScreenRecording_06-19-2026 21-33-55_1.MP4,ScreenRecording_06-19-2026_21-33-55_1,6720,111911,8.65,True
ScreenRecording_06-19-2026_21-33-55_1_006726.jpg,ScreenRecording_06-19-2026 21-33-55_1.MP4,ScreenRecording_06-19-2026_21-33-55_1,6726,112011,10.49,True
ScreenRecording_06-19-2026_21-33-55_1_006732.jpg,ScreenRecording_06-19-2026 21-33-55_1.MP4,ScreenRecording_06-19-2026_21-33-55_1,6732,112111,6.63,False
ScreenRecording_06-19-2026_21-33-55_1_006738.jpg,ScreenRecording_06-19-2026 21-33-55_1.MP4,ScreenRecording_06-19-2026_21-33-55_1,6738,112211,8.53,True
ScreenRecording_06-19-2026_21-33-55_1_006744.jpg,ScreenRecording_06-19-2026 21-33-55_1.MP4,ScreenRecording_06-19-2026_21-33-55_1,6744,112311,6.34,False
ScreenRecording_06-19-2026_21-33-55_1_006750.jpg,ScreenRecording_06-19-2026 21-33-55_1.MP4,ScreenRecording_06-19-2026_21-33-55_1,6750,112411,9.04,True
ScreenRecording_06-19-2026_21-33-55_1_006756.jpg,ScreenRecording_06-19-2026 21-33-55_1.MP4,ScreenRecording_06-19-2026_21-33-55_1,6756,112511,11.05,True
ScreenRecording_06-19-2026_21-33-55_1_006762.jpg,ScreenRecording_06-19-2026 21-33-55_1.MP4,ScreenRecording_06-19-2026_21-33-55_1,6762,112611,8.25,True
ScreenRecording_06-19-2026_21-33-55_1_006768.jpg,ScreenRecording_06-19-2026 21-33-55_1.MP4,ScreenRecording_06-19-2026_21-33-55_1,6768,112711,6.4,False
ScreenRecording_06-19-2026_21-33-55_1_006774.jpg,ScreenRecording_06-19-2026 21-33-55_1.MP4,ScreenRecording_06-19-2026_21-33-55_1,6774,112810,9.41,True
ScreenRecording_06-19-2026_21-33-55_1_006780.jpg,ScreenRecording_06-19-2026 21-33-55_1.MP4,ScreenRecording_06-19-2026_21-33-55_1,6780,112910,7.48,False
ScreenRecording_06-19-2026_21-33-55_1_006786.jpg,ScreenRecording_06-19-2026 21-33-55_1.MP4,ScreenRecording_06-19-2026_21-33-55_1,6786,113010,12.06,True
ScreenRecording_06-19-2026_21-33-55_1_006792.jpg,ScreenRecording_06-19-2026 21-33-55_1.MP4,ScreenRecording_06-19-2026_21-33-55_1,6792,113110,8.48,True
ScreenRecording_06-19-2026_21-33-55_1_006798.jpg,ScreenRecording_06-19-2026 21-33-55_1.MP4,ScreenRecording_06-19-2026_21-33-55_1,6798,113210,11.04,True
ScreenRecording_06-19-2026_21-33-55_1_006804.jpg,ScreenRecording_06-19-2026 21-33-55_1.MP4,ScreenRecording_06-19-2026_21-33-55_1,6804,113310,10.44,True
ScreenRecording_06-19-2026_21-33-55_1_006810.jpg,ScreenRecording_06-19-2026 21-33-55_1.MP4,ScreenRecording_06-19-2026_21-33-55_1,6810,113410,7.55,False
ScreenRecording_06-19-2026_21-33-55_1_006816.jpg,ScreenRecording_06-19-2026 21-33-55_1.MP4,ScreenRecording_06-19-2026_21-33-55_1,6816,113510,10.87,True
ScreenRecording_06-19-2026_21-33-55_1_006822.jpg,ScreenRecording_06-19-2026 21-33-55_1.MP4,ScreenRecording_06-19-2026_21-33-55_1,6822,113610,7.4,False
ScreenRecording_06-19-2026_21-33-55_1_006828.jpg,ScreenRecording_06-19-2026 21-33-55_1.MP4,ScreenRecording_06-19-2026_21-33-55_1,6828,113710,8.44,True
ScreenRecording_06-19-2026_21-33-55_1_006834.jpg,ScreenRecording_06-19-2026 21-33-55_1.MP4,ScreenRecording_06-19-2026_21-33-55_1,6834,113810,6.5,False
ScreenRecording_06-19-2026_21-33-55_1_006840.jpg,ScreenRecording_06-19-2026 21-33-55_1.MP4,ScreenRecording_06-19-2026_21-33-55_1,6840,113910,7.75,False
ScreenRecording_06-19-2026_21-33-55_1_006846.jpg,ScreenRecording_06-19-2026 21-33-55_1.MP4,ScreenRecording_06-19-2026_21-33-55_1,6846,114010,8.76,True
ScreenRecording_06-19-2026_21-33-55_1_006852.jpg,ScreenRecording_06-19-2026 21-33-55_1.MP4,ScreenRecording_06-19-2026_21-33-55_1,6852,114108,5.63,False
ScreenRecording_06-19-2026_21-33-55_1_006858.jpg,ScreenRecording_06-19-2026 21-33-55_1.MP4,ScreenRecording_06-19-2026_21-33-55_1,6858,114208,9.36,True
ScreenRecording_06-19-2026_21-33-55_1_006864.jpg,ScreenRecording_06-19-2026 21-33-55_1.MP4,ScreenRecording_06-19-2026_21-33-55_1,6864,114308,7.52,False
ScreenRecording_06-19-2026_21-33-55_1_006870.jpg,ScreenRecording_06-19-2026 21-33-55_1.MP4,ScreenRecording_06-19-2026_21-33-55_1,6870,114408,11.42,True
ScreenRecording_06-19-2026_21-33-55_1_006876.jpg,ScreenRecording_06-19-2026 21-33-55_1.MP4,ScreenRecording_06-19-2026_21-33-55_1,6876,114508,7.38,False
ScreenRecording_06-19-2026_21-33-55_1_006882.jpg,ScreenRecording_06-19-2026 21-33-55_1.MP4,ScreenRecording_06-19-2026_21-33-55_1,6882,114608,9.95,True
ScreenRecording_06-19-2026_21-33-55_1_006888.jpg,ScreenRecording_06-19-2026 21-33-55_1.MP4,ScreenRecording_06-19-2026_21-33-55_1,6888,114708,7.77,False
ScreenRecording_06-19-2026_21-33-55_1_006894.jpg,ScreenRecording_06-19-2026 21-33-55_1.MP4,ScreenRecording_06-19-2026_21-33-55_1,6894,114808,13.24,True
ScreenRecording_06-19-2026_21-33-55_1_006900.jpg,ScreenRecording_06-19-2026 21-33-55_1.MP4,ScreenRecording_06-19-2026_21-33-55_1,6900,114908,9.89,True
ScreenRecording_06-19-2026_21-33-55_1_006906.jpg,ScreenRecording_06-19-2026 21-33-55_1.MP4,ScreenRecording_06-19-2026_21-33-55_1,6906,115008,11.55,True
ScreenRecording_06-19-2026_21-33-55_1_006912.jpg,ScreenRecording_06-19-2026 21-33-55_1.MP4,ScreenRecording_06-19-2026_21-33-55_1,6912,115108,11.77,True
ScreenRecording_06-19-2026_21-33-55_1_006918.jpg,ScreenRecording_06-19-2026 21-33-55_1.MP4,ScreenRecording_06-19-2026_21-33-55_1,6918,115208,12.96,True
ScreenRecording_06-19-2026_21-33-55_1_006924.jpg,ScreenRecording_06-19-2026 21-33-55_1.MP4,ScreenRecording_06-19-2026_21-33-55_1,6924,115308,12.45,True
ScreenRecording_06-19-2026_21-33-55_1_006930.jpg,ScreenRecording_06-19-2026 21-33-55_1.MP4,ScreenRecording_06-19-2026_21-33-55_1,6930,115406,11.69,True
ScreenRecording_06-19-2026_21-33-55_1_006936.jpg,ScreenRecording_06-19-2026 21-33-55_1.MP4,ScreenRecording_06-19-2026_21-33-55_1,6936,115506,11.52,True
ScreenRecording_06-19-2026_21-33-55_1_006942.jpg,ScreenRecording_06-19-2026 21-33-55_1.MP4,ScreenRecording_06-19-2026_21-33-55_1,6942,115606,7.24,False
ScreenRecording_06-19-2026_21-33-55_1_006948.jpg,ScreenRecording_06-19-2026 21-33-55_1.MP4,ScreenRecording_06-19-2026_21-33-55_1,6948,115706,10.64,True
ScreenRecording_06-19-2026_21-33-55_1_006954.jpg,ScreenRecording_06-19-2026 21-33-55_1.MP4,ScreenRecording_06-19-2026_21-33-55_1,6954,115806,6.5,False
ScreenRecording_06-19-2026_21-33-55_1_006960.jpg,ScreenRecording_06-19-2026 21-33-55_1.MP4,ScreenRecording_06-19-2026_21-33-55_1,6960,115906,7.39,False
ScreenRecording_06-19-2026_21-33-55_1_006966.jpg,ScreenRecording_06-19-2026 21-33-55_1.MP4,ScreenRecording_06-19-2026_21-33-55_1,6966,116006,8.95,True
ScreenRecording_06-19-2026_21-33-55_1_006972.jpg,ScreenRecording_06-19-2026 21-33-55_1.MP4,ScreenRecording_06-19-2026_21-33-55_1,6972,116106,3.13,False
ScreenRecording_06-19-2026_21-33-55_1_006978.jpg,ScreenRecording_06-19-2026 21-33-55_1.MP4,ScreenRecording_06-19-2026_21-33-55_1,6978,116206,5.6,False
ScreenRecording_06-19-2026_21-33-55_1_006984.jpg,ScreenRecording_06-19-2026 21-33-55_1.MP4,ScreenRecording_06-19-2026_21-33-55_1,6984,116306,6.94,False
ScreenRecording_06-19-2026_21-33-55_1_006990.jpg,ScreenRecording_06-19-2026 21-33-55_1.MP4,ScreenRecording_06-19-2026_21-33-55_1,6990,116406,9.05,True
ScreenRecording_06-19-2026_21-33-55_1_006996.jpg,ScreenRecording_06-19-2026 21-33-55_1.MP4,ScreenRecording_06-19-2026_21-33-55_1,6996,116506,6.63,False
ScreenRecording_06-19-2026_21-33-55_1_007002.jpg,ScreenRecording_06-19-2026 21-33-55_1.MP4,ScreenRecording_06-19-2026_21-33-55_1,7002,116605,11.04,True
ScreenRecording_06-19-2026_21-33-55_1_007008.jpg,ScreenRecording_06-19-2026 21-33-55_1.MP4,ScreenRecording_06-19-2026_21-33-55_1,7008,116705,5.24,False
ScreenRecording_06-19-2026_21-33-55_1_007014.jpg,ScreenRecording_06-19-2026 21-33-55_1.MP4,ScreenRecording_06-19-2026_21-33-55_1,7014,116805,7.02,False
ScreenRecording_06-19-2026_21-33-55_1_007020.jpg,ScreenRecording_06-19-2026 21-33-55_1.MP4,ScreenRecording_06-19-2026_21-33-55_1,7020,116905,10.42,True
ScreenRecording_06-19-2026_21-33-55_1_007026.jpg,ScreenRecording_06-19-2026 21-33-55_1.MP4,ScreenRecording_06-19-2026_21-33-55_1,7026,117005,9.75,True
ScreenRecording_06-19-2026_21-33-55_1_007032.jpg,ScreenRecording_06-19-2026 21-33-55_1.MP4,ScreenRecording_06-19-2026_21-33-55_1,7032,117105,5.9,False
ScreenRecording_06-19-2026_21-33-55_1_007038.jpg,ScreenRecording_06-19-2026 21-33-55_1.MP4,ScreenRecording_06-19-2026_21-33-55_1,7038,117205,6.87,False
ScreenRecording_06-19-2026_21-33-55_1_007044.jpg,ScreenRecording_06-19-2026 21-33-55_1.MP4,ScreenRecording_06-19-2026_21-33-55_1,7044,117305,10.87,True
ScreenRecording_06-19-2026_21-33-55_1_007050.jpg,ScreenRecording_06-19-2026 21-33-55_1.MP4,ScreenRecording_06-19-2026_21-33-55_1,7050,117405,3.63,False
ScreenRecording_06-19-2026_21-33-55_1_007056.jpg,ScreenRecording_06-19-2026 21-33-55_1.MP4,ScreenRecording_06-19-2026_21-33-55_1,7056,117505,8.1,True
ScreenRecording_06-19-2026_21-33-55_1_007062.jpg,ScreenRecording_06-19-2026 21-33-55_1.MP4,ScreenRecording_06-19-2026_21-33-55_1,7062,117605,6.55,False
ScreenRecording_06-19-2026_21-33-55_1_007068.jpg,ScreenRecording_06-19-2026 21-33-55_1.MP4,ScreenRecording_06-19-2026_21-33-55_1,7068,117705,9.98,True
ScreenRecording_06-19-2026_21-33-55_1_007074.jpg,ScreenRecording_06-19-2026 21-33-55_1.MP4,ScreenRecording_06-19-2026_21-33-55_1,7074,117805,6.42,False
ScreenRecording_06-19-2026_21-33-55_1_007080.jpg,ScreenRecording_06-19-2026 21-33-55_1.MP4,ScreenRecording_06-19-2026_21-33-55_1,7080,117903,8.59,True
ScreenRecording_06-19-2026_21-33-55_1_007086.jpg,ScreenRecording_06-19-2026 21-33-55_1.MP4,ScreenRecording_06-19-2026_21-33-55_1,7086,118003,5.13,False
ScreenRecording_06-19-2026_21-33-55_1_007092.jpg,ScreenRecording_06-19-2026 21-33-55_1.MP4,ScreenRecording_06-19-2026_21-33-55_1,7092,118103,9.26,True
ScreenRecording_06-19-2026_21-33-55_1_007098.jpg,ScreenRecording_06-19-2026 21-33-55_1.MP4,ScreenRecording_06-19-2026_21-33-55_1,7098,118203,6.74,False
ScreenRecording_06-19-2026_21-33-55_1_007104.jpg,ScreenRecording_06-19-2026 21-33-55_1.MP4,ScreenRecording_06-19-2026_21-33-55_1,7104,118303,10.28,True
ScreenRecording_06-19-2026_21-33-55_1_007110.jpg,ScreenRecording_06-19-2026 21-33-55_1.MP4,ScreenRecording_06-19-2026_21-33-55_1,7110,118403,8.18,True
ScreenRecording_06-19-2026_21-33-55_1_007116.jpg,ScreenRecording_06-19-2026 21-33-55_1.MP4,ScreenRecording_06-19-2026_21-33-55_1,7116,118503,9.02,True
ScreenRecording_06-19-2026_21-33-55_1_007122.jpg,ScreenRecording_06-19-2026 21-33-55_1.MP4,ScreenRecording_06-19-2026_21-33-55_1,7122,118603,6.53,False
ScreenRecording_06-19-2026_21-33-55_1_007128.jpg,ScreenRecording_06-19-2026 21-33-55_1.MP4,ScreenRecording_06-19-2026_21-33-55_1,7128,118703,8.64,True
ScreenRecording_06-19-2026_21-33-55_1_007134.jpg,ScreenRecording_06-19-2026 21-33-55_1.MP4,ScreenRecording_06-19-2026_21-33-55_1,7134,118803,2.68,False
ScreenRecording_06-19-2026_21-33-55_1_007140.jpg,ScreenRecording_06-19-2026 21-33-55_1.MP4,ScreenRecording_06-19-2026_21-33-55_1,7140,118903,4.49,False
ScreenRecording_06-19-2026_21-33-55_1_007146.jpg,ScreenRecording_06-19-2026 21-33-55_1.MP4,ScreenRecording_06-19-2026_21-33-55_1,7146,119003,6.68,False
ScreenRecording_06-19-2026_21-33-55_1_007152.jpg,ScreenRecording_06-19-2026 21-33-55_1.MP4,ScreenRecording_06-19-2026_21-33-55_1,7152,119103,9.16,True
ScreenRecording_06-19-2026_21-33-55_1_007158.jpg,ScreenRecording_06-19-2026 21-33-55_1.MP4,ScreenRecording_06-19-2026_21-33-55_1,7158,119201,6.73,False
ScreenRecording_06-19-2026_21-33-55_1_007164.jpg,ScreenRecording_06-19-2026 21-33-55_1.MP4,ScreenRecording_06-19-2026_21-33-55_1,7164,119301,9.72,True
ScreenRecording_06-19-2026_21-33-55_1_007170.jpg,ScreenRecording_06-19-2026 21-33-55_1.MP4,ScreenRecording_06-19-2026_21-33-55_1,7170,119401,4.84,False
ScreenRecording_06-19-2026_21-33-55_1_007176.jpg,ScreenRecording_06-19-2026 21-33-55_1.MP4,ScreenRecording_06-19-2026_21-33-55_1,7176,119501,6.82,False
ScreenRecording_06-19-2026_21-33-55_1_007182.jpg,ScreenRecording_06-19-2026 21-33-55_1.MP4,ScreenRecording_06-19-2026_21-33-55_1,7182,119601,7.68,False
ScreenRecording_06-19-2026_21-33-55_1_007188.jpg,ScreenRecording_06-19-2026 21-33-55_1.MP4,ScreenRecording_06-19-2026_21-33-55_1,7188,119701,9.24,True
ScreenRecording_06-19-2026_21-33-55_1_007194.jpg,ScreenRecording_06-19-2026 21-33-55_1.MP4,ScreenRecording_06-19-2026_21-33-55_1,7194,119801,4.05,False
ScreenRecording_06-19-2026_21-33-55_1_007200.jpg,ScreenRecording_06-19-2026 21-33-55_1.MP4,ScreenRecording_06-19-2026_21-33-55_1,7200,119901,5.97,False
ScreenRecording_06-19-2026_21-33-55_1_007206.jpg,ScreenRecording_06-19-2026 21-33-55_1.MP4,ScreenRecording_06-19-2026_21-33-55_1,7206,120001,6.25,False
ScreenRecording_06-19-2026_21-33-55_1_007212.jpg,ScreenRecording_06-19-2026 21-33-55_1.MP4,ScreenRecording_06-19-2026_21-33-55_1,7212,120101,7.83,False
ScreenRecording_06-19-2026_21-33-55_1_007218.jpg,ScreenRecording_06-19-2026 21-33-55_1.MP4,ScreenRecording_06-19-2026_21-33-55_1,7218,120201,8.86,True
ScreenRecording_06-19-2026_21-33-55_1_007224.jpg,ScreenRecording_06-19-2026 21-33-55_1.MP4,ScreenRecording_06-19-2026_21-33-55_1,7224,120301,3.02,False
ScreenRecording_06-19-2026_21-33-55_1_007230.jpg,ScreenRecording_06-19-2026 21-33-55_1.MP4,ScreenRecording_06-19-2026_21-33-55_1,7230,120401,4.88,False
ScreenRecording_06-19-2026_21-33-55_1_007236.jpg,ScreenRecording_06-19-2026 21-33-55_1.MP4,ScreenRecording_06-19-2026_21-33-55_1,7236,120500,5.86,False
ScreenRecording_06-19-2026_21-33-55_1_007242.jpg,ScreenRecording_06-19-2026 21-33-55_1.MP4,ScreenRecording_06-19-2026_21-33-55_1,7242,120600,7.66,False
ScreenRecording_06-19-2026_21-33-55_1_007248.jpg,ScreenRecording_06-19-2026 21-33-55_1.MP4,ScreenRecording_06-19-2026_21-33-55_1,7248,120700,9.64,True
ScreenRecording_06-19-2026_21-33-55_1_007254.jpg,ScreenRecording_06-19-2026 21-33-55_1.MP4,ScreenRecording_06-19-2026_21-33-55_1,7254,120800,7.88,False
ScreenRecording_06-19-2026_21-33-55_1_007260.jpg,ScreenRecording_06-19-2026 21-33-55_1.MP4,ScreenRecording_06-19-2026_21-33-55_1,7260,120900,8.36,True
ScreenRecording_06-19-2026_21-33-55_1_007266.jpg,ScreenRecording_06-19-2026 21-33-55_1.MP4,ScreenRecording_06-19-2026_21-33-55_1,7266,121000,2.86,False
ScreenRecording_06-19-2026_21-33-55_1_007272.jpg,ScreenRecording_06-19-2026 21-33-55_1.MP4,ScreenRecording_06-19-2026_21-33-55_1,7272,121100,4.7,False
ScreenRecording_06-19-2026_21-33-55_1_007278.jpg,ScreenRecording_06-19-2026 21-33-55_1.MP4,ScreenRecording_06-19-2026_21-33-55_1,7278,121200,7.75,False
ScreenRecording_06-19-2026_21-33-55_1_007284.jpg,ScreenRecording_06-19-2026 21-33-55_1.MP4,ScreenRecording_06-19-2026_21-33-55_1,7284,121300,10.77,True
ScreenRecording_06-19-2026_21-33-55_1_007290.jpg,ScreenRecording_06-19-2026 21-33-55_1.MP4,ScreenRecording_06-19-2026_21-33-55_1,7290,121400,7.8,False
ScreenRecording_06-19-2026_21-33-55_1_007296.jpg,ScreenRecording_06-19-2026 21-33-55_1.MP4,ScreenRecording_06-19-2026_21-33-55_1,7296,121500,10.62,True
ScreenRecording_06-19-2026_21-33-55_1_007302.jpg,ScreenRecording_06-19-2026 21-33-55_1.MP4,ScreenRecording_06-19-2026_21-33-55_1,7302,121600,8.19,True
ScreenRecording_06-19-2026_21-33-55_1_007308.jpg,ScreenRecording_06-19-2026 21-33-55_1.MP4,ScreenRecording_06-19-2026_21-33-55_1,7308,121700,5.89,False
ScreenRecording_06-19-2026_21-33-55_1_007314.jpg,ScreenRecording_06-19-2026 21-33-55_1.MP4,ScreenRecording_06-19-2026_21-33-55_1,7314,121798,7.23,False
ScreenRecording_06-19-2026_21-33-55_1_007320.jpg,ScreenRecording_06-19-2026 21-33-55_1.MP4,ScreenRecording_06-19-2026_21-33-55_1,7320,121898,8.65,True
ScreenRecording_06-19-2026_21-33-55_1_007326.jpg,ScreenRecording_06-19-2026 21-33-55_1.MP4,ScreenRecording_06-19-2026_21-33-55_1,7326,121998,7.86,False
ScreenRecording_06-19-2026_21-33-55_1_007332.jpg,ScreenRecording_06-19-2026 21-33-55_1.MP4,ScreenRecording_06-19-2026_21-33-55_1,7332,122098,11.29,True
ScreenRecording_06-19-2026_21-33-55_1_007338.jpg,ScreenRecording_06-19-2026 21-33-55_1.MP4,ScreenRecording_06-19-2026_21-33-55_1,7338,122198,7.2,False
ScreenRecording_06-19-2026_21-33-55_1_007344.jpg,ScreenRecording_06-19-2026 21-33-55_1.MP4,ScreenRecording_06-19-2026_21-33-55_1,7344,122298,11.62,True
ScreenRecording_06-19-2026_21-33-55_1_007350.jpg,ScreenRecording_06-19-2026 21-33-55_1.MP4,ScreenRecording_06-19-2026_21-33-55_1,7350,122398,11.08,True
ScreenRecording_06-19-2026_21-33-55_1_007356.jpg,ScreenRecording_06-19-2026 21-33-55_1.MP4,ScreenRecording_06-19-2026_21-33-55_1,7356,122498,9.8,True
ScreenRecording_06-19-2026_21-33-55_1_007362.jpg,ScreenRecording_06-19-2026 21-33-55_1.MP4,ScreenRecording_06-19-2026_21-33-55_1,7362,122598,7.97,False
ScreenRecording_06-19-2026_21-33-55_1_007368.jpg,ScreenRecording_06-19-2026 21-33-55_1.MP4,ScreenRecording_06-19-2026_21-33-55_1,7368,122698,11.17,True
ScreenRecording_06-19-2026_21-33-55_1_007374.jpg,ScreenRecording_06-19-2026 21-33-55_1.MP4,ScreenRecording_06-19-2026_21-33-55_1,7374,122798,5.31,False
ScreenRecording_06-19-2026_21-33-55_1_007380.jpg,ScreenRecording_06-19-2026 21-33-55_1.MP4,ScreenRecording_06-19-2026_21-33-55_1,7380,122898,8.65,True
ScreenRecording_06-19-2026_21-33-55_1_007386.jpg,ScreenRecording_06-19-2026 21-33-55_1.MP4,ScreenRecording_06-19-2026_21-33-55_1,7386,122998,3.7,False
ScreenRecording_06-19-2026_21-33-55_1_007392.jpg,ScreenRecording_06-19-2026 21-33-55_1.MP4,ScreenRecording_06-19-2026_21-33-55_1,7392,123096,5.65,False
ScreenRecording_06-19-2026_21-33-55_1_007398.jpg,ScreenRecording_06-19-2026 21-33-55_1.MP4,ScreenRecording_06-19-2026_21-33-55_1,7398,123196,7.45,False
ScreenRecording_06-19-2026_21-33-55_1_007404.jpg,ScreenRecording_06-19-2026 21-33-55_1.MP4,ScreenRecording_06-19-2026_21-33-55_1,7404,123296,10.13,True
ScreenRecording_06-19-2026_21-33-55_1_007410.jpg,ScreenRecording_06-19-2026 21-33-55_1.MP4,ScreenRecording_06-19-2026_21-33-55_1,7410,123396,5.79,False
ScreenRecording_06-19-2026_21-33-55_1_007416.jpg,ScreenRecording_06-19-2026 21-33-55_1.MP4,ScreenRecording_06-19-2026_21-33-55_1,7416,123496,10.18,True
ScreenRecording_06-19-2026_21-33-55_1_007422.jpg,ScreenRecording_06-19-2026 21-33-55_1.MP4,ScreenRecording_06-19-2026_21-33-55_1,7422,123596,9.09,True
ScreenRecording_06-19-2026_21-33-55_1_007428.jpg,ScreenRecording_06-19-2026 21-33-55_1.MP4,ScreenRecording_06-19-2026_21-33-55_1,7428,123696,8.33,True
ScreenRecording_06-19-2026_21-33-55_1_007434.jpg,ScreenRecording_06-19-2026 21-33-55_1.MP4,ScreenRecording_06-19-2026_21-33-55_1,7434,123796,8.65,True
ScreenRecording_06-19-2026_21-33-55_1_007440.jpg,ScreenRecording_06-19-2026 21-33-55_1.MP4,ScreenRecording_06-19-2026_21-33-55_1,7440,123896,8.06,True
ScreenRecording_06-19-2026_21-33-55_1_007446.jpg,ScreenRecording_06-19-2026 21-33-55_1.MP4,ScreenRecording_06-19-2026_21-33-55_1,7446,123996,6.88,False
ScreenRecording_06-19-2026_21-33-55_1_007452.jpg,ScreenRecording_06-19-2026 21-33-55_1.MP4,ScreenRecording_06-19-2026_21-33-55_1,7452,124096,12.11,True
ScreenRecording_06-19-2026_21-33-55_1_007458.jpg,ScreenRecording_06-19-2026 21-33-55_1.MP4,ScreenRecording_06-19-2026_21-33-55_1,7458,124196,7.46,False
ScreenRecording_06-19-2026_21-33-55_1_007464.jpg,ScreenRecording_06-19-2026 21-33-55_1.MP4,ScreenRecording_06-19-2026_21-33-55_1,7464,124296,10.46,True
ScreenRecording_06-19-2026_21-33-55_1_007470.jpg,ScreenRecording_06-19-2026 21-33-55_1.MP4,ScreenRecording_06-19-2026_21-33-55_1,7470,124395,6.48,False
ScreenRecording_06-19-2026_21-33-55_1_007476.jpg,ScreenRecording_06-19-2026 21-33-55_1.MP4,ScreenRecording_06-19-2026_21-33-55_1,7476,124495,10.44,True
ScreenRecording_06-19-2026_21-33-55_1_007482.jpg,ScreenRecording_06-19-2026 21-33-55_1.MP4,ScreenRecording_06-19-2026_21-33-55_1,7482,124595,8.54,True
ScreenRecording_06-19-2026_21-33-55_1_007488.jpg,ScreenRecording_06-19-2026 21-33-55_1.MP4,ScreenRecording_06-19-2026_21-33-55_1,7488,124695,7.82,False
ScreenRecording_06-19-2026_21-33-55_1_007494.jpg,ScreenRecording_06-19-2026 21-33-55_1.MP4,ScreenRecording_06-19-2026_21-33-55_1,7494,124795,11.94,True
ScreenRecording_06-19-2026_21-33-55_1_007500.jpg,ScreenRecording_06-19-2026 21-33-55_1.MP4,ScreenRecording_06-19-2026_21-33-55_1,7500,124895,7.73,False
ScreenRecording_06-19-2026_21-33-55_1_007506.jpg,ScreenRecording_06-19-2026 21-33-55_1.MP4,ScreenRecording_06-19-2026_21-33-55_1,7506,124995,11.51,True
ScreenRecording_06-19-2026_21-33-55_1_007512.jpg,ScreenRecording_06-19-2026 21-33-55_1.MP4,ScreenRecording_06-19-2026_21-33-55_1,7512,125095,6.7,False
ScreenRecording_06-19-2026_21-33-55_1_007518.jpg,ScreenRecording_06-19-2026 21-33-55_1.MP4,ScreenRecording_06-19-2026_21-33-55_1,7518,125195,11.07,True
ScreenRecording_06-19-2026_21-33-55_1_007524.jpg,ScreenRecording_06-19-2026 21-33-55_1.MP4,ScreenRecording_06-19-2026_21-33-55_1,7524,125295,8.7,True
ScreenRecording_06-19-2026_21-33-55_1_007530.jpg,ScreenRecording_06-19-2026 21-33-55_1.MP4,ScreenRecording_06-19-2026_21-33-55_1,7530,125395,9.27,True
ScreenRecording_06-19-2026_21-33-55_1_007536.jpg,ScreenRecording_06-19-2026 21-33-55_1.MP4,ScreenRecording_06-19-2026_21-33-55_1,7536,125495,9.66,True
ScreenRecording_06-19-2026_21-33-55_1_007542.jpg,ScreenRecording_06-19-2026 21-33-55_1.MP4,ScreenRecording_06-19-2026_21-33-55_1,7542,125595,7.06,False
ScreenRecording_06-19-2026_21-33-55_1_007548.jpg,ScreenRecording_06-19-2026 21-33-55_1.MP4,ScreenRecording_06-19-2026_21-33-55_1,7548,125695,11.76,True
ScreenRecording_06-19-2026_21-33-55_1_007554.jpg,ScreenRecording_06-19-2026 21-33-55_1.MP4,ScreenRecording_06-19-2026_21-33-55_1,7554,125795,12.8,True
ScreenRecording_06-19-2026_21-33-55_1_007560.jpg,ScreenRecording_06-19-2026 21-33-55_1.MP4,ScreenRecording_06-19-2026_21-33-55_1,7560,125893,11.19,True
ScreenRecording_06-19-2026_21-33-55_1_007566.jpg,ScreenRecording_06-19-2026 21-33-55_1.MP4,ScreenRecording_06-19-2026_21-33-55_1,7566,125993,8.71,True
ScreenRecording_06-19-2026_21-33-55_1_007572.jpg,ScreenRecording_06-19-2026 21-33-55_1.MP4,ScreenRecording_06-19-2026_21-33-55_1,7572,126093,9.66,True
ScreenRecording_06-19-2026_21-33-55_1_007578.jpg,ScreenRecording_06-19-2026 21-33-55_1.MP4,ScreenRecording_06-19-2026_21-33-55_1,7578,126193,6.79,False
ScreenRecording_06-19-2026_21-33-55_1_007584.jpg,ScreenRecording_06-19-2026 21-33-55_1.MP4,ScreenRecording_06-19-2026_21-33-55_1,7584,126293,10.72,True
ScreenRecording_06-19-2026_21-33-55_1_007590.jpg,ScreenRecording_06-19-2026 21-33-55_1.MP4,ScreenRecording_06-19-2026_21-33-55_1,7590,126393,6.05,False
ScreenRecording_06-19-2026_21-33-55_1_007596.jpg,ScreenRecording_06-19-2026 21-33-55_1.MP4,ScreenRecording_06-19-2026_21-33-55_1,7596,126493,10.83,True
ScreenRecording_06-19-2026_21-33-55_1_007602.jpg,ScreenRecording_06-19-2026 21-33-55_1.MP4,ScreenRecording_06-19-2026_21-33-55_1,7602,126593,12.2,True
ScreenRecording_06-19-2026_21-33-55_1_007608.jpg,ScreenRecording_06-19-2026 21-33-55_1.MP4,ScreenRecording_06-19-2026_21-33-55_1,7608,126693,10.21,True
ScreenRecording_06-19-2026_21-33-55_1_007614.jpg,ScreenRecording_06-19-2026 21-33-55_1.MP4,ScreenRecording_06-19-2026_21-33-55_1,7614,126793,7.59,False
ScreenRecording_06-19-2026_21-33-55_1_007620.jpg,ScreenRecording_06-19-2026 21-33-55_1.MP4,ScreenRecording_06-19-2026_21-33-55_1,7620,126893,10.19,True
ScreenRecording_06-19-2026_21-33-55_1_007626.jpg,ScreenRecording_06-19-2026 21-33-55_1.MP4,ScreenRecording_06-19-2026_21-33-55_1,7626,126993,3.65,False
ScreenRecording_06-19-2026_21-33-55_1_007632.jpg,ScreenRecording_06-19-2026 21-33-55_1.MP4,ScreenRecording_06-19-2026_21-33-55_1,7632,127093,8.31,True
ScreenRecording_06-19-2026_21-33-55_1_007638.jpg,ScreenRecording_06-19-2026 21-33-55_1.MP4,ScreenRecording_06-19-2026_21-33-55_1,7638,127191,4.22,False
ScreenRecording_06-19-2026_21-33-55_1_007644.jpg,ScreenRecording_06-19-2026 21-33-55_1.MP4,ScreenRecording_06-19-2026_21-33-55_1,7644,127291,7.59,False
ScreenRecording_06-19-2026_21-33-55_1_007650.jpg,ScreenRecording_06-19-2026 21-33-55_1.MP4,ScreenRecording_06-19-2026_21-33-55_1,7650,127391,7.95,False
ScreenRecording_06-19-2026_21-33-55_1_007656.jpg,ScreenRecording_06-19-2026 21-33-55_1.MP4,ScreenRecording_06-19-2026_21-33-55_1,7656,127491,7.95,False
ScreenRecording_06-19-2026_21-33-55_1_007662.jpg,ScreenRecording_06-19-2026 21-33-55_1.MP4,ScreenRecording_06-19-2026_21-33-55_1,7662,127591,9.4,True
ScreenRecording_06-19-2026_21-33-55_1_007668.jpg,ScreenRecording_06-19-2026 21-33-55_1.MP4,ScreenRecording_06-19-2026_21-33-55_1,7668,127691,5.91,False
ScreenRecording_06-19-2026_21-33-55_1_007674.jpg,ScreenRecording_06-19-2026 21-33-55_1.MP4,ScreenRecording_06-19-2026_21-33-55_1,7674,127791,7.26,False
ScreenRecording_06-19-2026_21-33-55_1_007680.jpg,ScreenRecording_06-19-2026 21-33-55_1.MP4,ScreenRecording_06-19-2026_21-33-55_1,7680,127891,7.1,False
ScreenRecording_06-19-2026_21-33-55_1_007686.jpg,ScreenRecording_06-19-2026 21-33-55_1.MP4,ScreenRecording_06-19-2026_21-33-55_1,7686,127991,6.36,False
ScreenRecording_06-19-2026_21-33-55_1_007692.jpg,ScreenRecording_06-19-2026 21-33-55_1.MP4,ScreenRecording_06-19-2026_21-33-55_1,7692,128091,7.9,False
ScreenRecording_06-19-2026_21-33-55_1_007698.jpg,ScreenRecording_06-19-2026 21-33-55_1.MP4,ScreenRecording_06-19-2026_21-33-55_1,7698,128191,8.32,True
ScreenRecording_06-19-2026_21-33-55_1_007704.jpg,ScreenRecording_06-19-2026 21-33-55_1.MP4,ScreenRecording_06-19-2026_21-33-55_1,7704,128291,4.11,False
ScreenRecording_06-19-2026_21-33-55_1_007710.jpg,ScreenRecording_06-19-2026 21-33-55_1.MP4,ScreenRecording_06-19-2026_21-33-55_1,7710,128391,5.36,False
ScreenRecording_06-19-2026_21-33-55_1_007716.jpg,ScreenRecording_06-19-2026 21-33-55_1.MP4,ScreenRecording_06-19-2026_21-33-55_1,7716,128490,6.94,False
ScreenRecording_06-19-2026_21-33-55_1_007722.jpg,ScreenRecording_06-19-2026 21-33-55_1.MP4,ScreenRecording_06-19-2026_21-33-55_1,7722,128590,4.64,False
ScreenRecording_06-19-2026_21-33-55_1_007728.jpg,ScreenRecording_06-19-2026 21-33-55_1.MP4,ScreenRecording_06-19-2026_21-33-55_1,7728,128690,4.04,False
ScreenRecording_06-19-2026_21-33-55_1_007734.jpg,ScreenRecording_06-19-2026 21-33-55_1.MP4,ScreenRecording_06-19-2026_21-33-55_1,7734,128790,6.28,False
ScreenRecording_06-19-2026_21-33-55_1_007740.jpg,ScreenRecording_06-19-2026 21-33-55_1.MP4,ScreenRecording_06-19-2026_21-33-55_1,7740,128890,5.51,False
ScreenRecording_06-19-2026_21-33-55_1_007746.jpg,ScreenRecording_06-19-2026 21-33-55_1.MP4,ScreenRecording_06-19-2026_21-33-55_1,7746,128990,6.9,False
ScreenRecording_06-19-2026_21-33-55_1_007752.jpg,ScreenRecording_06-19-2026 21-33-55_1.MP4,ScreenRecording_06-19-2026_21-33-55_1,7752,129090,9.35,True
ScreenRecording_06-19-2026_21-33-55_1_007758.jpg,ScreenRecording_06-19-2026 21-33-55_1.MP4,ScreenRecording_06-19-2026_21-33-55_1,7758,129190,7.81,False
ScreenRecording_06-19-2026_21-33-55_1_007764.jpg,ScreenRecording_06-19-2026 21-33-55_1.MP4,ScreenRecording_06-19-2026_21-33-55_1,7764,129290,10.32,True
ScreenRecording_06-19-2026_21-33-55_1_007770.jpg,ScreenRecording_06-19-2026 21-33-55_1.MP4,ScreenRecording_06-19-2026_21-33-55_1,7770,129390,7.99,False
ScreenRecording_06-19-2026_21-33-55_1_007776.jpg,ScreenRecording_06-19-2026 21-33-55_1.MP4,ScreenRecording_06-19-2026_21-33-55_1,7776,129490,12.51,True
ScreenRecording_06-19-2026_21-33-55_1_007782.jpg,ScreenRecording_06-19-2026 21-33-55_1.MP4,ScreenRecording_06-19-2026_21-33-55_1,7782,129590,11.74,True
ScreenRecording_06-19-2026_21-33-55_1_007788.jpg,ScreenRecording_06-19-2026 21-33-55_1.MP4,ScreenRecording_06-19-2026_21-33-55_1,7788,129690,11.97,True
ScreenRecording_06-19-2026_21-33-55_1_007794.jpg,ScreenRecording_06-19-2026 21-33-55_1.MP4,ScreenRecording_06-19-2026_21-33-55_1,7794,129790,13.54,True
ScreenRecording_06-19-2026_21-33-55_1_007800.jpg,ScreenRecording_06-19-2026 21-33-55_1.MP4,ScreenRecording_06-19-2026_21-33-55_1,7800,129888,13.98,True
ScreenRecording_06-19-2026_21-33-55_1_007806.jpg,ScreenRecording_06-19-2026 21-33-55_1.MP4,ScreenRecording_06-19-2026_21-33-55_1,7806,129988,12.94,True
ScreenRecording_06-19-2026_21-33-55_1_007812.jpg,ScreenRecording_06-19-2026 21-33-55_1.MP4,ScreenRecording_06-19-2026_21-33-55_1,7812,130088,10.04,True
ScreenRecording_06-19-2026_21-33-55_1_007818.jpg,ScreenRecording_06-19-2026 21-33-55_1.MP4,ScreenRecording_06-19-2026_21-33-55_1,7818,130188,9.08,True
ScreenRecording_06-19-2026_21-33-55_1_007824.jpg,ScreenRecording_06-19-2026 21-33-55_1.MP4,ScreenRecording_06-19-2026_21-33-55_1,7824,130288,7.38,False
ScreenRecording_06-19-2026_21-33-55_1_007830.jpg,ScreenRecording_06-19-2026 21-33-55_1.MP4,ScreenRecording_06-19-2026_21-33-55_1,7830,130388,9.24,True
ScreenRecording_06-19-2026_21-33-55_1_007836.jpg,ScreenRecording_06-19-2026 21-33-55_1.MP4,ScreenRecording_06-19-2026_21-33-55_1,7836,130488,56.09,True
ScreenRecording_06-19-2026_21-33-55_1_007842.jpg,ScreenRecording_06-19-2026 21-33-55_1.MP4,ScreenRecording_06-19-2026_21-33-55_1,7842,130588,23.05,True
ScreenRecording_06-19-2026_21-33-55_1_007848.jpg,ScreenRecording_06-19-2026 21-33-55_1.MP4,ScreenRecording_06-19-2026_21-33-55_1,7848,130688,4.88,False
ScreenRecording_06-19-2026_21-33-55_1_007854.jpg,ScreenRecording_06-19-2026 21-33-55_1.MP4,ScreenRecording_06-19-2026_21-33-55_1,7854,130788,5.35,False
ScreenRecording_06-19-2026_21-33-55_1_007860.jpg,ScreenRecording_06-19-2026 21-33-55_1.MP4,ScreenRecording_06-19-2026_21-33-55_1,7860,130888,5.43,False
ScreenRecording_06-19-2026_21-33-55_1_007866.jpg,ScreenRecording_06-19-2026 21-33-55_1.MP4,ScreenRecording_06-19-2026_21-33-55_1,7866,130988,5.53,False
ScreenRecording_06-19-2026_21-33-55_1_007872.jpg,ScreenRecording_06-19-2026 21-33-55_1.MP4,ScreenRecording_06-19-2026_21-33-55_1,7872,131088,5.7,False
ScreenRecording_06-19-2026_21-33-55_1_007878.jpg,ScreenRecording_06-19-2026 21-33-55_1.MP4,ScreenRecording_06-19-2026_21-33-55_1,7878,131186,5.76,False
ScreenRecording_06-19-2026_21-33-55_1_007884.jpg,ScreenRecording_06-19-2026 21-33-55_1.MP4,ScreenRecording_06-19-2026_21-33-55_1,7884,131286,5.76,False
ScreenRecording_06-19-2026_21-33-55_1_007890.jpg,ScreenRecording_06-19-2026 21-33-55_1.MP4,ScreenRecording_06-19-2026_21-33-55_1,7890,131386,11.24,True
ScreenRecording_06-19-2026_21-33-55_1_007896.jpg,ScreenRecording_06-19-2026 21-33-55_1.MP4,ScreenRecording_06-19-2026_21-33-55_1,7896,131486,51.53,True
ScreenRecording_06-19-2026_21-33-55_1_007902.jpg,ScreenRecording_06-19-2026 21-33-55_1.MP4,ScreenRecording_06-19-2026_21-33-55_1,7902,131586,52.14,True
ScreenRecording_06-19-2026_21-33-55_1_007908.jpg,ScreenRecording_06-19-2026 21-33-55_1.MP4,ScreenRecording_06-19-2026_21-33-55_1,7908,131686,20.89,True
ScreenRecording_06-19-2026_21-33-55_1_007914.jpg,ScreenRecording_06-19-2026 21-33-55_1.MP4,ScreenRecording_06-19-2026_21-33-55_1,7914,131786,12.45,True
ScreenRecording_06-19-2026_21-33-55_1_007920.jpg,ScreenRecording_06-19-2026 21-33-55_1.MP4,ScreenRecording_06-19-2026_21-33-55_1,7920,131886,8.79,True
ScreenRecording_06-19-2026_21-33-55_1_007926.jpg,ScreenRecording_06-19-2026 21-33-55_1.MP4,ScreenRecording_06-19-2026_21-33-55_1,7926,131986,14.54,True
ScreenRecording_06-19-2026_21-33-55_1_007932.jpg,ScreenRecording_06-19-2026 21-33-55_1.MP4,ScreenRecording_06-19-2026_21-33-55_1,7932,132086,22.85,True
ScreenRecording_06-19-2026_21-33-55_1_007938.jpg,ScreenRecording_06-19-2026 21-33-55_1.MP4,ScreenRecording_06-19-2026_21-33-55_1,7938,132186,22.74,True
ScreenRecording_06-19-2026_21-33-55_1_007944.jpg,ScreenRecording_06-19-2026 21-33-55_1.MP4,ScreenRecording_06-19-2026_21-33-55_1,7944,132286,18.37,True
ScreenRecording_06-19-2026_21-33-55_1_007950.jpg,ScreenRecording_06-19-2026 21-33-55_1.MP4,ScreenRecording_06-19-2026_21-33-55_1,7950,132386,12.77,True
ScreenRecording_06-19-2026_21-33-55_1_007956.jpg,ScreenRecording_06-19-2026 21-33-55_1.MP4,ScreenRecording_06-19-2026_21-33-55_1,7956,132485,9.35,True
ScreenRecording_06-19-2026_21-33-55_1_007962.jpg,ScreenRecording_06-19-2026 21-33-55_1.MP4,ScreenRecording_06-19-2026_21-33-55_1,7962,132585,9.31,True
ScreenRecording_06-19-2026_21-33-55_1_007968.jpg,ScreenRecording_06-19-2026 21-33-55_1.MP4,ScreenRecording_06-19-2026_21-33-55_1,7968,132685,11.34,True
ScreenRecording_06-19-2026_21-33-55_1_007974.jpg,ScreenRecording_06-19-2026 21-33-55_1.MP4,ScreenRecording_06-19-2026_21-33-55_1,7974,132785,16.87,True
ScreenRecording_06-19-2026_21-33-55_1_007980.jpg,ScreenRecording_06-19-2026 21-33-55_1.MP4,ScreenRecording_06-19-2026_21-33-55_1,7980,132885,16.58,True
ScreenRecording_06-19-2026_21-33-55_1_007986.jpg,ScreenRecording_06-19-2026 21-33-55_1.MP4,ScreenRecording_06-19-2026_21-33-55_1,7986,132985,14.98,True
ScreenRecording_06-19-2026_21-33-55_1_007992.jpg,ScreenRecording_06-19-2026 21-33-55_1.MP4,ScreenRecording_06-19-2026_21-33-55_1,7992,133085,13.36,True
ScreenRecording_06-19-2026_21-33-55_1_007998.jpg,ScreenRecording_06-19-2026 21-33-55_1.MP4,ScreenRecording_06-19-2026_21-33-55_1,7998,133185,11.48,True
ScreenRecording_06-19-2026_21-33-55_1_008004.jpg,ScreenRecording_06-19-2026 21-33-55_1.MP4,ScreenRecording_06-19-2026_21-33-55_1,8004,133285,10.42,True
ScreenRecording_06-19-2026_21-33-55_1_008010.jpg,ScreenRecording_06-19-2026 21-33-55_1.MP4,ScreenRecording_06-19-2026_21-33-55_1,8010,133385,10.53,True
ScreenRecording_06-19-2026_21-33-55_1_008016.jpg,ScreenRecording_06-19-2026 21-33-55_1.MP4,ScreenRecording_06-19-2026_21-33-55_1,8016,133485,11.94,True
ScreenRecording_06-19-2026_21-33-55_1_008022.jpg,ScreenRecording_06-19-2026 21-33-55_1.MP4,ScreenRecording_06-19-2026_21-33-55_1,8022,133585,13.77,True
ScreenRecording_06-19-2026_21-33-55_1_008028.jpg,ScreenRecording_06-19-2026 21-33-55_1.MP4,ScreenRecording_06-19-2026_21-33-55_1,8028,133685,9.26,True
ScreenRecording_06-19-2026_21-33-55_1_008034.jpg,ScreenRecording_06-19-2026 21-33-55_1.MP4,ScreenRecording_06-19-2026_21-33-55_1,8034,133785,7.58,False
ScreenRecording_06-19-2026_21-33-55_1_008040.jpg,ScreenRecording_06-19-2026 21-33-55_1.MP4,ScreenRecording_06-19-2026_21-33-55_1,8040,133883,10.02,True
ScreenRecording_06-19-2026_21-33-55_1_008046.jpg,ScreenRecording_06-19-2026 21-33-55_1.MP4,ScreenRecording_06-19-2026_21-33-55_1,8046,133983,9.86,True
ScreenRecording_06-19-2026_21-33-55_1_008052.jpg,ScreenRecording_06-19-2026 21-33-55_1.MP4,ScreenRecording_06-19-2026_21-33-55_1,8052,134083,8.1,True
ScreenRecording_06-19-2026_21-33-55_1_008058.jpg,ScreenRecording_06-19-2026 21-33-55_1.MP4,ScreenRecording_06-19-2026_21-33-55_1,8058,134183,6.99,False
ScreenRecording_06-19-2026_21-33-55_1_008064.jpg,ScreenRecording_06-19-2026 21-33-55_1.MP4,ScreenRecording_06-19-2026_21-33-55_1,8064,134283,11.32,True
ScreenRecording_06-19-2026_21-33-55_1_008070.jpg,ScreenRecording_06-19-2026 21-33-55_1.MP4,ScreenRecording_06-19-2026_21-33-55_1,8070,134383,6.79,False
ScreenRecording_06-19-2026_21-33-55_1_008076.jpg,ScreenRecording_06-19-2026 21-33-55_1.MP4,ScreenRecording_06-19-2026_21-33-55_1,8076,134483,12.69,True
ScreenRecording_06-19-2026_21-33-55_1_008082.jpg,ScreenRecording_06-19-2026 21-33-55_1.MP4,ScreenRecording_06-19-2026_21-33-55_1,8082,134583,8.77,True
ScreenRecording_06-19-2026_21-33-55_1_008088.jpg,ScreenRecording_06-19-2026 21-33-55_1.MP4,ScreenRecording_06-19-2026_21-33-55_1,8088,134683,6.09,False
ScreenRecording_06-19-2026_21-33-55_1_008094.jpg,ScreenRecording_06-19-2026 21-33-55_1.MP4,ScreenRecording_06-19-2026_21-33-55_1,8094,134783,9.21,True
ScreenRecording_06-19-2026_21-33-55_1_008100.jpg,ScreenRecording_06-19-2026 21-33-55_1.MP4,ScreenRecording_06-19-2026_21-33-55_1,8100,134883,11.6,True
ScreenRecording_06-19-2026_21-33-55_1_008106.jpg,ScreenRecording_06-19-2026 21-33-55_1.MP4,ScreenRecording_06-19-2026_21-33-55_1,8106,134983,13.9,True
ScreenRecording_06-19-2026_21-33-55_1_008112.jpg,ScreenRecording_06-19-2026 21-33-55_1.MP4,ScreenRecording_06-19-2026_21-33-55_1,8112,135081,14.7,True
ScreenRecording_06-19-2026_21-33-55_1_008118.jpg,ScreenRecording_06-19-2026 21-33-55_1.MP4,ScreenRecording_06-19-2026_21-33-55_1,8118,135181,13.7,True
ScreenRecording_06-19-2026_21-33-55_1_008124.jpg,ScreenRecording_06-19-2026 21-33-55_1.MP4,ScreenRecording_06-19-2026_21-33-55_1,8124,135281,13.57,True
ScreenRecording_06-19-2026_21-33-55_1_008130.jpg,ScreenRecording_06-19-2026 21-33-55_1.MP4,ScreenRecording_06-19-2026_21-33-55_1,8130,135381,17.81,True
ScreenRecording_06-19-2026_21-33-55_1_008136.jpg,ScreenRecording_06-19-2026 21-33-55_1.MP4,ScreenRecording_06-19-2026_21-33-55_1,8136,135481,15.39,True
ScreenRecording_06-19-2026_21-33-55_1_008142.jpg,ScreenRecording_06-19-2026 21-33-55_1.MP4,ScreenRecording_06-19-2026_21-33-55_1,8142,135581,12.91,True
ScreenRecording_06-19-2026_21-33-55_1_008148.jpg,ScreenRecording_06-19-2026 21-33-55_1.MP4,ScreenRecording_06-19-2026_21-33-55_1,8148,135681,9.77,True
ScreenRecording_06-19-2026_21-33-55_1_008154.jpg,ScreenRecording_06-19-2026 21-33-55_1.MP4,ScreenRecording_06-19-2026_21-33-55_1,8154,135781,8.69,True
ScreenRecording_06-19-2026_21-33-55_1_008160.jpg,ScreenRecording_06-19-2026 21-33-55_1.MP4,ScreenRecording_06-19-2026_21-33-55_1,8160,135881,10.02,True
ScreenRecording_06-19-2026_21-33-55_1_008166.jpg,ScreenRecording_06-19-2026 21-33-55_1.MP4,ScreenRecording_06-19-2026_21-33-55_1,8166,135981,8.39,True
ScreenRecording_06-19-2026_21-33-55_1_008172.jpg,ScreenRecording_06-19-2026 21-33-55_1.MP4,ScreenRecording_06-19-2026_21-33-55_1,8172,136081,7.5,False
ScreenRecording_06-19-2026_21-33-55_1_008178.jpg,ScreenRecording_06-19-2026 21-33-55_1.MP4,ScreenRecording_06-19-2026_21-33-55_1,8178,136181,10.81,True
ScreenRecording_06-19-2026_21-33-55_1_008184.jpg,ScreenRecording_06-19-2026 21-33-55_1.MP4,ScreenRecording_06-19-2026_21-33-55_1,8184,136281,13.26,True
ScreenRecording_06-19-2026_21-33-55_1_008190.jpg,ScreenRecording_06-19-2026 21-33-55_1.MP4,ScreenRecording_06-19-2026_21-33-55_1,8190,136380,13.63,True
ScreenRecording_06-19-2026_21-33-55_1_008196.jpg,ScreenRecording_06-19-2026 21-33-55_1.MP4,ScreenRecording_06-19-2026_21-33-55_1,8196,136480,11.62,True
ScreenRecording_06-19-2026_21-33-55_1_008202.jpg,ScreenRecording_06-19-2026 21-33-55_1.MP4,ScreenRecording_06-19-2026_21-33-55_1,8202,136580,7.45,False
ScreenRecording_06-19-2026_21-33-55_1_008208.jpg,ScreenRecording_06-19-2026 21-33-55_1.MP4,ScreenRecording_06-19-2026_21-33-55_1,8208,136680,11.04,True
ScreenRecording_06-19-2026_21-33-55_1_008214.jpg,ScreenRecording_06-19-2026 21-33-55_1.MP4,ScreenRecording_06-19-2026_21-33-55_1,8214,136780,8.05,True
ScreenRecording_06-19-2026_21-33-55_1_008220.jpg,ScreenRecording_06-19-2026 21-33-55_1.MP4,ScreenRecording_06-19-2026_21-33-55_1,8220,136880,9.76,True
ScreenRecording_06-19-2026_21-33-55_1_008226.jpg,ScreenRecording_06-19-2026 21-33-55_1.MP4,ScreenRecording_06-19-2026_21-33-55_1,8226,136980,9.19,True
ScreenRecording_06-19-2026_21-33-55_1_008232.jpg,ScreenRecording_06-19-2026 21-33-55_1.MP4,ScreenRecording_06-19-2026_21-33-55_1,8232,137080,8.79,True
ScreenRecording_06-19-2026_21-33-55_1_008238.jpg,ScreenRecording_06-19-2026 21-33-55_1.MP4,ScreenRecording_06-19-2026_21-33-55_1,8238,137180,5.68,False
ScreenRecording_06-19-2026_21-33-55_1_008244.jpg,ScreenRecording_06-19-2026 21-33-55_1.MP4,ScreenRecording_06-19-2026_21-33-55_1,8244,137280,6.8,False
ScreenRecording_06-19-2026_21-33-55_1_008250.jpg,ScreenRecording_06-19-2026 21-33-55_1.MP4,ScreenRecording_06-19-2026_21-33-55_1,8250,137380,11.79,True
ScreenRecording_06-19-2026_21-33-55_1_008256.jpg,ScreenRecording_06-19-2026 21-33-55_1.MP4,ScreenRecording_06-19-2026_21-33-55_1,8256,137480,18.11,True
ScreenRecording_06-19-2026_21-33-55_1_008262.jpg,ScreenRecording_06-19-2026 21-33-55_1.MP4,ScreenRecording_06-19-2026_21-33-55_1,8262,137580,11.96,True
ScreenRecording_06-19-2026_21-33-55_1_008268.jpg,ScreenRecording_06-19-2026 21-33-55_1.MP4,ScreenRecording_06-19-2026_21-33-55_1,8268,137678,10.75,True
ScreenRecording_06-19-2026_21-33-55_1_008274.jpg,ScreenRecording_06-19-2026 21-33-55_1.MP4,ScreenRecording_06-19-2026_21-33-55_1,8274,137778,8.68,True
ScreenRecording_06-19-2026_21-33-55_1_008280.jpg,ScreenRecording_06-19-2026 21-33-55_1.MP4,ScreenRecording_06-19-2026_21-33-55_1,8280,137878,9.35,True
ScreenRecording_06-19-2026_21-33-55_1_008286.jpg,ScreenRecording_06-19-2026 21-33-55_1.MP4,ScreenRecording_06-19-2026_21-33-55_1,8286,137978,8.65,True
ScreenRecording_06-19-2026_21-33-55_1_008292.jpg,ScreenRecording_06-19-2026 21-33-55_1.MP4,ScreenRecording_06-19-2026_21-33-55_1,8292,138078,8.47,True
ScreenRecording_06-19-2026_21-33-55_1_008298.jpg,ScreenRecording_06-19-2026 21-33-55_1.MP4,ScreenRecording_06-19-2026_21-33-55_1,8298,138178,10.66,True
ScreenRecording_06-19-2026_21-33-55_1_008304.jpg,ScreenRecording_06-19-2026 21-33-55_1.MP4,ScreenRecording_06-19-2026_21-33-55_1,8304,138278,6.74,False
ScreenRecording_06-19-2026_21-33-55_1_008310.jpg,ScreenRecording_06-19-2026 21-33-55_1.MP4,ScreenRecording_06-19-2026_21-33-55_1,8310,138378,11.15,True
ScreenRecording_06-19-2026_21-33-55_1_008316.jpg,ScreenRecording_06-19-2026 21-33-55_1.MP4,ScreenRecording_06-19-2026_21-33-55_1,8316,138478,11.03,True
ScreenRecording_06-19-2026_21-33-55_1_008322.jpg,ScreenRecording_06-19-2026 21-33-55_1.MP4,ScreenRecording_06-19-2026_21-33-55_1,8322,138578,8.29,True
ScreenRecording_06-19-2026_21-33-55_1_008328.jpg,ScreenRecording_06-19-2026 21-33-55_1.MP4,ScreenRecording_06-19-2026_21-33-55_1,8328,138678,7.49,False
ScreenRecording_06-19-2026_21-33-55_1_008334.jpg,ScreenRecording_06-19-2026 21-33-55_1.MP4,ScreenRecording_06-19-2026_21-33-55_1,8334,138778,10.87,True
ScreenRecording_06-19-2026_21-33-55_1_008340.jpg,ScreenRecording_06-19-2026 21-33-55_1.MP4,ScreenRecording_06-19-2026_21-33-55_1,8340,138878,8.65,True
ScreenRecording_06-19-2026_21-33-55_1_008346.jpg,ScreenRecording_06-19-2026 21-33-55_1.MP4,ScreenRecording_06-19-2026_21-33-55_1,8346,138976,11.45,True
ScreenRecording_06-19-2026_21-33-55_1_008352.jpg,ScreenRecording_06-19-2026 21-33-55_1.MP4,ScreenRecording_06-19-2026_21-33-55_1,8352,139076,13.46,True
ScreenRecording_06-19-2026_21-33-55_1_008358.jpg,ScreenRecording_06-19-2026 21-33-55_1.MP4,ScreenRecording_06-19-2026_21-33-55_1,8358,139176,15.67,True
ScreenRecording_06-19-2026_21-33-55_1_008364.jpg,ScreenRecording_06-19-2026 21-33-55_1.MP4,ScreenRecording_06-19-2026_21-33-55_1,8364,139276,11.77,True
ScreenRecording_06-19-2026_21-33-55_1_008370.jpg,ScreenRecording_06-19-2026 21-33-55_1.MP4,ScreenRecording_06-19-2026_21-33-55_1,8370,139376,16.87,True
ScreenRecording_06-19-2026_21-33-55_1_008376.jpg,ScreenRecording_06-19-2026 21-33-55_1.MP4,ScreenRecording_06-19-2026_21-33-55_1,8376,139476,17.79,True
ScreenRecording_06-19-2026_21-33-55_1_008382.jpg,ScreenRecording_06-19-2026 21-33-55_1.MP4,ScreenRecording_06-19-2026_21-33-55_1,8382,139576,12.7,True
ScreenRecording_06-19-2026_21-33-55_1_008388.jpg,ScreenRecording_06-19-2026 21-33-55_1.MP4,ScreenRecording_06-19-2026_21-33-55_1,8388,139676,12.24,True
ScreenRecording_06-19-2026_21-33-55_1_008394.jpg,ScreenRecording_06-19-2026 21-33-55_1.MP4,ScreenRecording_06-19-2026_21-33-55_1,8394,139776,9.81,True
ScreenRecording_06-19-2026_21-33-55_1_008400.jpg,ScreenRecording_06-19-2026 21-33-55_1.MP4,ScreenRecording_06-19-2026_21-33-55_1,8400,139876,9.84,True
ScreenRecording_06-19-2026_21-33-55_1_008406.jpg,ScreenRecording_06-19-2026 21-33-55_1.MP4,ScreenRecording_06-19-2026_21-33-55_1,8406,139976,12.67,True
ScreenRecording_06-19-2026_21-33-55_1_008412.jpg,ScreenRecording_06-19-2026 21-33-55_1.MP4,ScreenRecording_06-19-2026_21-33-55_1,8412,140076,12.6,True
ScreenRecording_06-19-2026_21-33-55_1_008418.jpg,ScreenRecording_06-19-2026 21-33-55_1.MP4,ScreenRecording_06-19-2026_21-33-55_1,8418,140176,9.07,True
ScreenRecording_06-19-2026_21-33-55_1_008424.jpg,ScreenRecording_06-19-2026 21-33-55_1.MP4,ScreenRecording_06-19-2026_21-33-55_1,8424,140275,8.85,True
ScreenRecording_06-19-2026_21-33-55_1_008430.jpg,ScreenRecording_06-19-2026 21-33-55_1.MP4,ScreenRecording_06-19-2026_21-33-55_1,8430,140375,12.13,True
ScreenRecording_06-19-2026_21-33-55_1_008436.jpg,ScreenRecording_06-19-2026 21-33-55_1.MP4,ScreenRecording_06-19-2026_21-33-55_1,8436,140475,14.81,True
ScreenRecording_06-19-2026_21-33-55_1_008442.jpg,ScreenRecording_06-19-2026 21-33-55_1.MP4,ScreenRecording_06-19-2026_21-33-55_1,8442,140575,17.16,True
ScreenRecording_06-19-2026_21-33-55_1_008448.jpg,ScreenRecording_06-19-2026 21-33-55_1.MP4,ScreenRecording_06-19-2026_21-33-55_1,8448,140675,18.59,True
ScreenRecording_06-19-2026_21-33-55_1_008454.jpg,ScreenRecording_06-19-2026 21-33-55_1.MP4,ScreenRecording_06-19-2026_21-33-55_1,8454,140775,14.18,True
ScreenRecording_06-19-2026_21-33-55_1_008460.jpg,ScreenRecording_06-19-2026 21-33-55_1.MP4,ScreenRecording_06-19-2026_21-33-55_1,8460,140875,9.96,True
ScreenRecording_06-19-2026_21-33-55_1_008466.jpg,ScreenRecording_06-19-2026 21-33-55_1.MP4,ScreenRecording_06-19-2026_21-33-55_1,8466,140975,9.94,True
ScreenRecording_06-19-2026_21-33-55_1_008472.jpg,ScreenRecording_06-19-2026 21-33-55_1.MP4,ScreenRecording_06-19-2026_21-33-55_1,8472,141075,9.41,True
ScreenRecording_06-19-2026_21-33-55_1_008478.jpg,ScreenRecording_06-19-2026 21-33-55_1.MP4,ScreenRecording_06-19-2026_21-33-55_1,8478,141175,9.94,True
ScreenRecording_06-19-2026_21-33-55_1_008484.jpg,ScreenRecording_06-19-2026 21-33-55_1.MP4,ScreenRecording_06-19-2026_21-33-55_1,8484,141275,13.52,True
ScreenRecording_06-19-2026_21-33-55_1_008490.jpg,ScreenRecording_06-19-2026 21-33-55_1.MP4,ScreenRecording_06-19-2026_21-33-55_1,8490,141375,17.06,True
ScreenRecording_06-19-2026_21-33-55_1_008496.jpg,ScreenRecording_06-19-2026 21-33-55_1.MP4,ScreenRecording_06-19-2026_21-33-55_1,8496,141475,8.15,True
ScreenRecording_06-19-2026_21-33-55_1_008502.jpg,ScreenRecording_06-19-2026 21-33-55_1.MP4,ScreenRecording_06-19-2026_21-33-55_1,8502,141573,11.77,True
ScreenRecording_06-19-2026_21-33-55_1_008508.jpg,ScreenRecording_06-19-2026 21-33-55_1.MP4,ScreenRecording_06-19-2026_21-33-55_1,8508,141673,10.83,True
ScreenRecording_06-19-2026_21-33-55_1_008514.jpg,ScreenRecording_06-19-2026 21-33-55_1.MP4,ScreenRecording_06-19-2026_21-33-55_1,8514,141773,11.2,True
ScreenRecording_06-19-2026_21-33-55_1_008520.jpg,ScreenRecording_06-19-2026 21-33-55_1.MP4,ScreenRecording_06-19-2026_21-33-55_1,8520,141873,14.65,True
ScreenRecording_06-19-2026_21-33-55_1_008526.jpg,ScreenRecording_06-19-2026 21-33-55_1.MP4,ScreenRecording_06-19-2026_21-33-55_1,8526,141973,11.15,True
ScreenRecording_06-19-2026_21-33-55_1_008532.jpg,ScreenRecording_06-19-2026 21-33-55_1.MP4,ScreenRecording_06-19-2026_21-33-55_1,8532,142073,7.73,False
ScreenRecording_06-19-2026_21-33-55_1_008538.jpg,ScreenRecording_06-19-2026 21-33-55_1.MP4,ScreenRecording_06-19-2026_21-33-55_1,8538,142173,10.68,True
ScreenRecording_06-19-2026_21-33-55_1_008544.jpg,ScreenRecording_06-19-2026 21-33-55_1.MP4,ScreenRecording_06-19-2026_21-33-55_1,8544,142273,13.88,True
ScreenRecording_06-19-2026_21-33-55_1_008550.jpg,ScreenRecording_06-19-2026 21-33-55_1.MP4,ScreenRecording_06-19-2026_21-33-55_1,8550,142373,16.62,True
ScreenRecording_06-19-2026_21-33-55_1_008556.jpg,ScreenRecording_06-19-2026 21-33-55_1.MP4,ScreenRecording_06-19-2026_21-33-55_1,8556,142473,15.51,True
ScreenRecording_06-19-2026_21-33-55_1_008562.jpg,ScreenRecording_06-19-2026 21-33-55_1.MP4,ScreenRecording_06-19-2026_21-33-55_1,8562,142573,14.13,True
ScreenRecording_06-19-2026_21-33-55_1_008568.jpg,ScreenRecording_06-19-2026 21-33-55_1.MP4,ScreenRecording_06-19-2026_21-33-55_1,8568,142673,13.06,True
ScreenRecording_06-19-2026_21-33-55_1_008574.jpg,ScreenRecording_06-19-2026 21-33-55_1.MP4,ScreenRecording_06-19-2026_21-33-55_1,8574,142773,15.26,True
ScreenRecording_06-19-2026_21-33-55_1_008580.jpg,ScreenRecording_06-19-2026 21-33-55_1.MP4,ScreenRecording_06-19-2026_21-33-55_1,8580,142871,14.15,True
ScreenRecording_06-19-2026_21-33-55_1_008586.jpg,ScreenRecording_06-19-2026 21-33-55_1.MP4,ScreenRecording_06-19-2026_21-33-55_1,8586,142971,10.83,True
ScreenRecording_06-19-2026_21-33-55_1_008592.jpg,ScreenRecording_06-19-2026 21-33-55_1.MP4,ScreenRecording_06-19-2026_21-33-55_1,8592,143071,9.43,True
ScreenRecording_06-19-2026_21-33-55_1_008598.jpg,ScreenRecording_06-19-2026 21-33-55_1.MP4,ScreenRecording_06-19-2026_21-33-55_1,8598,143171,9.05,True
ScreenRecording_06-19-2026_21-33-55_1_008604.jpg,ScreenRecording_06-19-2026 21-33-55_1.MP4,ScreenRecording_06-19-2026_21-33-55_1,8604,143271,6.91,False
ScreenRecording_06-19-2026_21-33-55_1_008610.jpg,ScreenRecording_06-19-2026 21-33-55_1.MP4,ScreenRecording_06-19-2026_21-33-55_1,8610,143371,8.73,True
ScreenRecording_06-19-2026_21-33-55_1_008616.jpg,ScreenRecording_06-19-2026 21-33-55_1.MP4,ScreenRecording_06-19-2026_21-33-55_1,8616,143471,6.89,False
ScreenRecording_06-19-2026_21-33-55_1_008622.jpg,ScreenRecording_06-19-2026 21-33-55_1.MP4,ScreenRecording_06-19-2026_21-33-55_1,8622,143571,12.25,True
ScreenRecording_06-19-2026_21-33-55_1_008628.jpg,ScreenRecording_06-19-2026 21-33-55_1.MP4,ScreenRecording_06-19-2026_21-33-55_1,8628,143671,15.27,True
ScreenRecording_06-19-2026_21-33-55_1_008634.jpg,ScreenRecording_06-19-2026 21-33-55_1.MP4,ScreenRecording_06-19-2026_21-33-55_1,8634,143771,16.35,True
ScreenRecording_06-19-2026_21-33-55_1_008640.jpg,ScreenRecording_06-19-2026 21-33-55_1.MP4,ScreenRecording_06-19-2026_21-33-55_1,8640,143871,18.16,True
ScreenRecording_06-19-2026_21-33-55_1_008646.jpg,ScreenRecording_06-19-2026 21-33-55_1.MP4,ScreenRecording_06-19-2026_21-33-55_1,8646,143971,15.95,True
ScreenRecording_06-19-2026_21-33-55_1_008652.jpg,ScreenRecording_06-19-2026 21-33-55_1.MP4,ScreenRecording_06-19-2026_21-33-55_1,8652,144071,15.22,True
ScreenRecording_06-19-2026_21-33-55_1_008658.jpg,ScreenRecording_06-19-2026 21-33-55_1.MP4,ScreenRecording_06-19-2026_21-33-55_1,8658,144171,12.56,True
ScreenRecording_06-19-2026_21-33-55_1_008664.jpg,ScreenRecording_06-19-2026 21-33-55_1.MP4,ScreenRecording_06-19-2026_21-33-55_1,8664,144270,10.61,True
ScreenRecording_06-19-2026_21-33-55_1_008670.jpg,ScreenRecording_06-19-2026 21-33-55_1.MP4,ScreenRecording_06-19-2026_21-33-55_1,8670,144370,8.09,True
ScreenRecording_06-19-2026_21-33-55_1_008676.jpg,ScreenRecording_06-19-2026 21-33-55_1.MP4,ScreenRecording_06-19-2026_21-33-55_1,8676,144470,8.0,True
ScreenRecording_06-19-2026_21-33-55_1_008682.jpg,ScreenRecording_06-19-2026 21-33-55_1.MP4,ScreenRecording_06-19-2026_21-33-55_1,8682,144570,8.53,True
ScreenRecording_06-19-2026_21-33-55_1_008688.jpg,ScreenRecording_06-19-2026 21-33-55_1.MP4,ScreenRecording_06-19-2026_21-33-55_1,8688,144670,38.15,True
ScreenRecording_06-19-2026_21-33-55_1_008694.jpg,ScreenRecording_06-19-2026 21-33-55_1.MP4,ScreenRecording_06-19-2026_21-33-55_1,8694,144770,18.83,True
ScreenRecording_06-19-2026_21-33-55_1_008700.jpg,ScreenRecording_06-19-2026 21-33-55_1.MP4,ScreenRecording_06-19-2026_21-33-55_1,8700,144870,19.12,True
ScreenRecording_06-19-2026_21-33-55_1_008706.jpg,ScreenRecording_06-19-2026 21-33-55_1.MP4,ScreenRecording_06-19-2026_21-33-55_1,8706,144970,10.04,True
ScreenRecording_06-19-2026_21-33-55_1_008712.jpg,ScreenRecording_06-19-2026 21-33-55_1.MP4,ScreenRecording_06-19-2026_21-33-55_1,8712,145070,10.72,True
ScreenRecording_06-19-2026_21-33-55_1_008718.jpg,ScreenRecording_06-19-2026 21-33-55_1.MP4,ScreenRecording_06-19-2026_21-33-55_1,8718,145170,49.62,True
ScreenRecording_06-19-2026_21-33-55_1_008724.jpg,ScreenRecording_06-19-2026 21-33-55_1.MP4,ScreenRecording_06-19-2026_21-33-55_1,8724,145270,66.28,True
ScreenRecording_06-19-2026_21-33-55_1_008730.jpg,ScreenRecording_06-19-2026 21-33-55_1.MP4,ScreenRecording_06-19-2026_21-33-55_1,8730,145370,17.15,True
ScreenRecording_06-19-2026_21-33-55_1_008736.jpg,ScreenRecording_06-19-2026 21-33-55_1.MP4,ScreenRecording_06-19-2026_21-33-55_1,8736,145470,4.8,False
ScreenRecording_06-19-2026_21-33-55_1_008742.jpg,ScreenRecording_06-19-2026 21-33-55_1.MP4,ScreenRecording_06-19-2026_21-33-55_1,8742,145568,5.18,False
ScreenRecording_06-19-2026_21-33-55_1_008748.jpg,ScreenRecording_06-19-2026 21-33-55_1.MP4,ScreenRecording_06-19-2026_21-33-55_1,8748,145668,5.36,False
ScreenRecording_06-19-2026_21-33-55_1_008754.jpg,ScreenRecording_06-19-2026 21-33-55_1.MP4,ScreenRecording_06-19-2026_21-33-55_1,8754,145768,5.54,False
ScreenRecording_06-19-2026_21-33-55_1_008760.jpg,ScreenRecording_06-19-2026 21-33-55_1.MP4,ScreenRecording_06-19-2026_21-33-55_1,8760,145868,5.67,False
ScreenRecording_06-19-2026_21-33-55_1_008766.jpg,ScreenRecording_06-19-2026 21-33-55_1.MP4,ScreenRecording_06-19-2026_21-33-55_1,8766,145968,5.64,False
ScreenRecording_06-19-2026_21-33-55_1_008772.jpg,ScreenRecording_06-19-2026 21-33-55_1.MP4,ScreenRecording_06-19-2026_21-33-55_1,8772,146068,5.64,False
ScreenRecording_06-19-2026_21-33-55_1_008778.jpg,ScreenRecording_06-19-2026 21-33-55_1.MP4,ScreenRecording_06-19-2026_21-33-55_1,8778,146168,26.66,True
ScreenRecording_06-19-2026_21-33-55_1_008784.jpg,ScreenRecording_06-19-2026 21-33-55_1.MP4,ScreenRecording_06-19-2026_21-33-55_1,8784,146268,45.84,True
ScreenRecording_06-19-2026_21-33-55_1_008790.jpg,ScreenRecording_06-19-2026 21-33-55_1.MP4,ScreenRecording_06-19-2026_21-33-55_1,8790,146368,16.54,True
ScreenRecording_06-19-2026_21-33-55_1_008796.jpg,ScreenRecording_06-19-2026 21-33-55_1.MP4,ScreenRecording_06-19-2026_21-33-55_1,8796,146468,9.5,True
ScreenRecording_06-19-2026_21-33-55_1_008802.jpg,ScreenRecording_06-19-2026 21-33-55_1.MP4,ScreenRecording_06-19-2026_21-33-55_1,8802,146568,46.02,True
ScreenRecording_06-19-2026_21-33-55_1_008808.jpg,ScreenRecording_06-19-2026 21-33-55_1.MP4,ScreenRecording_06-19-2026_21-33-55_1,8808,146668,30.16,True
ScreenRecording_06-19-2026_21-33-55_1_008814.jpg,ScreenRecording_06-19-2026 21-33-55_1.MP4,ScreenRecording_06-19-2026_21-33-55_1,8814,146768,7.6,False
ScreenRecording_06-19-2026_21-33-55_1_008820.jpg,ScreenRecording_06-19-2026 21-33-55_1.MP4,ScreenRecording_06-19-2026_21-33-55_1,8820,146866,8.1,True
ScreenRecording_06-19-2026_21-33-55_1_008826.jpg,ScreenRecording_06-19-2026 21-33-55_1.MP4,ScreenRecording_06-19-2026_21-33-55_1,8826,146966,1.53,False
ScreenRecording_06-19-2026_21-33-55_1_008832.jpg,ScreenRecording_06-19-2026 21-33-55_1.MP4,ScreenRecording_06-19-2026_21-33-55_1,8832,147066,14.05,True
ScreenRecording_06-19-2026_21-33-55_1_008838.jpg,ScreenRecording_06-19-2026 21-33-55_1.MP4,ScreenRecording_06-19-2026_21-33-55_1,8838,147166,31.6,True
ScreenRecording_06-19-2026_21-33-55_1_008844.jpg,ScreenRecording_06-19-2026 21-33-55_1.MP4,ScreenRecording_06-19-2026_21-33-55_1,8844,147266,14.66,True
ScreenRecording_06-19-2026_21-33-55_1_008850.jpg,ScreenRecording_06-19-2026 21-33-55_1.MP4,ScreenRecording_06-19-2026_21-33-55_1,8850,147366,8.21,True
ScreenRecording_06-19-2026_21-33-55_1_008856.jpg,ScreenRecording_06-19-2026 21-33-55_1.MP4,ScreenRecording_06-19-2026_21-33-55_1,8856,147466,4.72,False
ScreenRecording_06-19-2026_21-33-55_1_008862.jpg,ScreenRecording_06-19-2026 21-33-55_1.MP4,ScreenRecording_06-19-2026_21-33-55_1,8862,147566,6.45,False
ScreenRecording_06-19-2026_21-33-55_1_008868.jpg,ScreenRecording_06-19-2026 21-33-55_1.MP4,ScreenRecording_06-19-2026_21-33-55_1,8868,147666,7.78,False
ScreenRecording_06-19-2026_21-33-55_1_008874.jpg,ScreenRecording_06-19-2026 21-33-55_1.MP4,ScreenRecording_06-19-2026_21-33-55_1,8874,147766,8.96,True
ScreenRecording_06-19-2026_21-33-55_1_008880.jpg,ScreenRecording_06-19-2026 21-33-55_1.MP4,ScreenRecording_06-19-2026_21-33-55_1,8880,147866,4.2,False
ScreenRecording_06-19-2026_21-33-55_1_008886.jpg,ScreenRecording_06-19-2026 21-33-55_1.MP4,ScreenRecording_06-19-2026_21-33-55_1,8886,147966,6.4,False
ScreenRecording_06-19-2026_21-33-55_1_008892.jpg,ScreenRecording_06-19-2026 21-33-55_1.MP4,ScreenRecording_06-19-2026_21-33-55_1,8892,148066,7.67,False
ScreenRecording_06-19-2026_21-33-55_1_008898.jpg,ScreenRecording_06-19-2026 21-33-55_1.MP4,ScreenRecording_06-19-2026_21-33-55_1,8898,148166,8.73,True
ScreenRecording_06-19-2026_21-33-55_1_008904.jpg,ScreenRecording_06-19-2026 21-33-55_1.MP4,ScreenRecording_06-19-2026_21-33-55_1,8904,148265,5.16,False
ScreenRecording_06-19-2026_21-33-55_1_008910.jpg,ScreenRecording_06-19-2026 21-33-55_1.MP4,ScreenRecording_06-19-2026_21-33-55_1,8910,148365,8.6,True
ScreenRecording_06-19-2026_21-33-55_1_008916.jpg,ScreenRecording_06-19-2026 21-33-55_1.MP4,ScreenRecording_06-19-2026_21-33-55_1,8916,148465,7.0,False
ScreenRecording_06-19-2026_21-33-55_1_008922.jpg,ScreenRecording_06-19-2026 21-33-55_1.MP4,ScreenRecording_06-19-2026_21-33-55_1,8922,148565,9.48,True
ScreenRecording_06-19-2026_21-33-55_1_008928.jpg,ScreenRecording_06-19-2026 21-33-55_1.MP4,ScreenRecording_06-19-2026_21-33-55_1,8928,148665,6.0,False
ScreenRecording_06-19-2026_21-33-55_1_008934.jpg,ScreenRecording_06-19-2026 21-33-55_1.MP4,ScreenRecording_06-19-2026_21-33-55_1,8934,148765,8.35,True
ScreenRecording_06-19-2026_21-33-55_1_008940.jpg,ScreenRecording_06-19-2026 21-33-55_1.MP4,ScreenRecording_06-19-2026_21-33-55_1,8940,148865,4.75,False
ScreenRecording_06-19-2026_21-33-55_1_008946.jpg,ScreenRecording_06-19-2026 21-33-55_1.MP4,ScreenRecording_06-19-2026_21-33-55_1,8946,148965,6.83,False
ScreenRecording_06-19-2026_21-33-55_1_008952.jpg,ScreenRecording_06-19-2026 21-33-55_1.MP4,ScreenRecording_06-19-2026_21-33-55_1,8952,149065,8.03,True
ScreenRecording_06-19-2026_21-33-55_1_008958.jpg,ScreenRecording_06-19-2026 21-33-55_1.MP4,ScreenRecording_06-19-2026_21-33-55_1,8958,149165,5.97,False
ScreenRecording_06-19-2026_21-33-55_1_008964.jpg,ScreenRecording_06-19-2026 21-33-55_1.MP4,ScreenRecording_06-19-2026_21-33-55_1,8964,149265,8.81,True
ScreenRecording_06-19-2026_21-33-55_1_008970.jpg,ScreenRecording_06-19-2026 21-33-55_1.MP4,ScreenRecording_06-19-2026_21-33-55_1,8970,149365,6.49,False
ScreenRecording_06-19-2026_21-33-55_1_008976.jpg,ScreenRecording_06-19-2026 21-33-55_1.MP4,ScreenRecording_06-19-2026_21-33-55_1,8976,149465,8.85,True
ScreenRecording_06-19-2026_21-33-55_1_008982.jpg,ScreenRecording_06-19-2026 21-33-55_1.MP4,ScreenRecording_06-19-2026_21-33-55_1,8982,149565,6.32,False
ScreenRecording_06-19-2026_21-33-55_1_008988.jpg,ScreenRecording_06-19-2026 21-33-55_1.MP4,ScreenRecording_06-19-2026_21-33-55_1,8988,149665,7.78,False
ScreenRecording_06-19-2026_21-33-55_1_008994.jpg,ScreenRecording_06-19-2026 21-33-55_1.MP4,ScreenRecording_06-19-2026_21-33-55_1,8994,149763,9.55,True
ScreenRecording_06-19-2026_21-33-55_1_009000.jpg,ScreenRecording_06-19-2026 21-33-55_1.MP4,ScreenRecording_06-19-2026_21-33-55_1,9000,149863,5.66,False
ScreenRecording_06-19-2026_21-33-55_1_009006.jpg,ScreenRecording_06-19-2026 21-33-55_1.MP4,ScreenRecording_06-19-2026_21-33-55_1,9006,149963,8.51,True
ScreenRecording_06-19-2026_21-33-55_1_009012.jpg,ScreenRecording_06-19-2026 21-33-55_1.MP4,ScreenRecording_06-19-2026_21-33-55_1,9012,150063,5.6,False
ScreenRecording_06-19-2026_21-33-55_1_009018.jpg,ScreenRecording_06-19-2026 21-33-55_1.MP4,ScreenRecording_06-19-2026_21-33-55_1,9018,150163,6.78,False
ScreenRecording_06-19-2026_21-33-55_1_009024.jpg,ScreenRecording_06-19-2026 21-33-55_1.MP4,ScreenRecording_06-19-2026_21-33-55_1,9024,150263,7.81,False
ScreenRecording_06-19-2026_21-33-55_1_009030.jpg,ScreenRecording_06-19-2026 21-33-55_1.MP4,ScreenRecording_06-19-2026_21-33-55_1,9030,150363,9.06,True
ScreenRecording_06-19-2026_21-33-55_1_009036.jpg,ScreenRecording_06-19-2026 21-33-55_1.MP4,ScreenRecording_06-19-2026_21-33-55_1,9036,150463,7.4,False
ScreenRecording_06-19-2026_21-33-55_1_009042.jpg,ScreenRecording_06-19-2026 21-33-55_1.MP4,ScreenRecording_06-19-2026_21-33-55_1,9042,150563,9.98,True
ScreenRecording_06-19-2026_21-33-55_1_009048.jpg,ScreenRecording_06-19-2026 21-33-55_1.MP4,ScreenRecording_06-19-2026_21-33-55_1,9048,150663,6.23,False
ScreenRecording_06-19-2026_21-33-55_1_009054.jpg,ScreenRecording_06-19-2026 21-33-55_1.MP4,ScreenRecording_06-19-2026_21-33-55_1,9054,150763,7.95,False
ScreenRecording_06-19-2026_21-33-55_1_009060.jpg,ScreenRecording_06-19-2026 21-33-55_1.MP4,ScreenRecording_06-19-2026_21-33-55_1,9060,150863,9.67,True
ScreenRecording_06-19-2026_21-33-55_1_009066.jpg,ScreenRecording_06-19-2026 21-33-55_1.MP4,ScreenRecording_06-19-2026_21-33-55_1,9066,150963,5.51,False
ScreenRecording_06-19-2026_21-33-55_1_009072.jpg,ScreenRecording_06-19-2026 21-33-55_1.MP4,ScreenRecording_06-19-2026_21-33-55_1,9072,151063,7.75,False
ScreenRecording_06-19-2026_21-33-55_1_009078.jpg,ScreenRecording_06-19-2026 21-33-55_1.MP4,ScreenRecording_06-19-2026_21-33-55_1,9078,151161,8.99,True
ScreenRecording_06-19-2026_21-33-55_1_009084.jpg,ScreenRecording_06-19-2026 21-33-55_1.MP4,ScreenRecording_06-19-2026_21-33-55_1,9084,151261,6.72,False
ScreenRecording_06-19-2026_21-33-55_1_009090.jpg,ScreenRecording_06-19-2026 21-33-55_1.MP4,ScreenRecording_06-19-2026_21-33-55_1,9090,151361,8.82,True
ScreenRecording_06-19-2026_21-33-55_1_009096.jpg,ScreenRecording_06-19-2026 21-33-55_1.MP4,ScreenRecording_06-19-2026_21-33-55_1,9096,151461,3.65,False
ScreenRecording_06-19-2026_21-33-55_1_009102.jpg,ScreenRecording_06-19-2026 21-33-55_1.MP4,ScreenRecording_06-19-2026_21-33-55_1,9102,151561,5.74,False
ScreenRecording_06-19-2026_21-33-55_1_009108.jpg,ScreenRecording_06-19-2026 21-33-55_1.MP4,ScreenRecording_06-19-2026_21-33-55_1,9108,151661,7.12,False
ScreenRecording_06-19-2026_21-33-55_1_009114.jpg,ScreenRecording_06-19-2026 21-33-55_1.MP4,ScreenRecording_06-19-2026_21-33-55_1,9114,151761,7.77,False
ScreenRecording_06-19-2026_21-33-55_1_009120.jpg,ScreenRecording_06-19-2026 21-33-55_1.MP4,ScreenRecording_06-19-2026_21-33-55_1,9120,151861,8.06,True
ScreenRecording_06-19-2026_21-33-55_1_009126.jpg,ScreenRecording_06-19-2026 21-33-55_1.MP4,ScreenRecording_06-19-2026_21-33-55_1,9126,151961,4.59,False
ScreenRecording_06-19-2026_21-33-55_1_009132.jpg,ScreenRecording_06-19-2026 21-33-55_1.MP4,ScreenRecording_06-19-2026_21-33-55_1,9132,152061,5.82,False
ScreenRecording_06-19-2026_21-33-55_1_009138.jpg,ScreenRecording_06-19-2026 21-33-55_1.MP4,ScreenRecording_06-19-2026_21-33-55_1,9138,152161,6.95,False
ScreenRecording_06-19-2026_21-33-55_1_009144.jpg,ScreenRecording_06-19-2026 21-33-55_1.MP4,ScreenRecording_06-19-2026_21-33-55_1,9144,152261,7.94,False
ScreenRecording_06-19-2026_21-33-55_1_009150.jpg,ScreenRecording_06-19-2026 21-33-55_1.MP4,ScreenRecording_06-19-2026_21-33-55_1,9150,152361,8.36,True
ScreenRecording_06-19-2026_21-33-55_1_009156.jpg,ScreenRecording_06-19-2026 21-33-55_1.MP4,ScreenRecording_06-19-2026_21-33-55_1,9156,152460,1.62,False
ScreenRecording_06-19-2026_21-33-55_1_009162.jpg,ScreenRecording_06-19-2026 21-33-55_1.MP4,ScreenRecording_06-19-2026_21-33-55_1,9162,152560,3.64,False
ScreenRecording_06-19-2026_21-33-55_1_009168.jpg,ScreenRecording_06-19-2026 21-33-55_1.MP4,ScreenRecording_06-19-2026_21-33-55_1,9168,152660,5.65,False
ScreenRecording_06-19-2026_21-33-55_1_009174.jpg,ScreenRecording_06-19-2026 21-33-55_1.MP4,ScreenRecording_06-19-2026_21-33-55_1,9174,152760,6.38,False
ScreenRecording_06-19-2026_21-33-55_1_009180.jpg,ScreenRecording_06-19-2026 21-33-55_1.MP4,ScreenRecording_06-19-2026_21-33-55_1,9180,152860,7.18,False
ScreenRecording_06-19-2026_21-33-55_1_009186.jpg,ScreenRecording_06-19-2026 21-33-55_1.MP4,ScreenRecording_06-19-2026_21-33-55_1,9186,152960,7.72,False
ScreenRecording_06-19-2026_21-33-55_1_009192.jpg,ScreenRecording_06-19-2026 21-33-55_1.MP4,ScreenRecording_06-19-2026_21-33-55_1,9192,153060,8.32,True
ScreenRecording_06-19-2026_21-33-55_1_009198.jpg,ScreenRecording_06-19-2026 21-33-55_1.MP4,ScreenRecording_06-19-2026_21-33-55_1,9198,153160,5.2,False
ScreenRecording_06-19-2026_21-33-55_1_009204.jpg,ScreenRecording_06-19-2026 21-33-55_1.MP4,ScreenRecording_06-19-2026_21-33-55_1,9204,153260,7.47,False
ScreenRecording_06-19-2026_21-33-55_1_009210.jpg,ScreenRecording_06-19-2026 21-33-55_1.MP4,ScreenRecording_06-19-2026_21-33-55_1,9210,153360,9.37,True
ScreenRecording_06-19-2026_21-33-55_1_009216.jpg,ScreenRecording_06-19-2026 21-33-55_1.MP4,ScreenRecording_06-19-2026_21-33-55_1,9216,153460,6.1,False
ScreenRecording_06-19-2026_21-33-55_1_009222.jpg,ScreenRecording_06-19-2026 21-33-55_1.MP4,ScreenRecording_06-19-2026_21-33-55_1,9222,153560,7.98,False
ScreenRecording_06-19-2026_21-33-55_1_009228.jpg,ScreenRecording_06-19-2026 21-33-55_1.MP4,ScreenRecording_06-19-2026_21-33-55_1,9228,153660,8.75,True
ScreenRecording_06-19-2026_21-33-55_1_009234.jpg,ScreenRecording_06-19-2026 21-33-55_1.MP4,ScreenRecording_06-19-2026_21-33-55_1,9234,153760,4.47,False
ScreenRecording_06-19-2026_21-33-55_1_009240.jpg,ScreenRecording_06-19-2026 21-33-55_1.MP4,ScreenRecording_06-19-2026_21-33-55_1,9240,153860,5.87,False
ScreenRecording_06-19-2026_21-33-55_1_009246.jpg,ScreenRecording_06-19-2026 21-33-55_1.MP4,ScreenRecording_06-19-2026_21-33-55_1,9246,153958,6.87,False
ScreenRecording_06-19-2026_21-33-55_1_009252.jpg,ScreenRecording_06-19-2026 21-33-55_1.MP4,ScreenRecording_06-19-2026_21-33-55_1,9252,154058,7.01,False
ScreenRecording_06-19-2026_21-33-55_1_009258.jpg,ScreenRecording_06-19-2026 21-33-55_1.MP4,ScreenRecording_06-19-2026_21-33-55_1,9258,154158,7.99,False
ScreenRecording_06-19-2026_21-33-55_1_009264.jpg,ScreenRecording_06-19-2026 21-33-55_1.MP4,ScreenRecording_06-19-2026_21-33-55_1,9264,154258,7.86,False
ScreenRecording_06-19-2026_21-33-55_1_009270.jpg,ScreenRecording_06-19-2026 21-33-55_1.MP4,ScreenRecording_06-19-2026_21-33-55_1,9270,154358,8.11,True
ScreenRecording_06-19-2026_21-33-55_1_009276.jpg,ScreenRecording_06-19-2026 21-33-55_1.MP4,ScreenRecording_06-19-2026_21-33-55_1,9276,154458,4.22,False
ScreenRecording_06-19-2026_21-33-55_1_009282.jpg,ScreenRecording_06-19-2026 21-33-55_1.MP4,ScreenRecording_06-19-2026_21-33-55_1,9282,154558,5.69,False
ScreenRecording_06-19-2026_21-33-55_1_009288.jpg,ScreenRecording_06-19-2026 21-33-55_1.MP4,ScreenRecording_06-19-2026_21-33-55_1,9288,154658,6.33,False
ScreenRecording_06-19-2026_21-33-55_1_009294.jpg,ScreenRecording_06-19-2026 21-33-55_1.MP4,ScreenRecording_06-19-2026_21-33-55_1,9294,154758,6.71,False
ScreenRecording_06-19-2026_21-33-55_1_009300.jpg,ScreenRecording_06-19-2026 21-33-55_1.MP4,ScreenRecording_06-19-2026_21-33-55_1,9300,154858,6.9,False
ScreenRecording_06-19-2026_21-33-55_1_009306.jpg,ScreenRecording_06-19-2026 21-33-55_1.MP4,ScreenRecording_06-19-2026_21-33-55_1,9306,154958,6.84,False
ScreenRecording_06-19-2026_21-33-55_1_009312.jpg,ScreenRecording_06-19-2026 21-33-55_1.MP4,ScreenRecording_06-19-2026_21-33-55_1,9312,155058,6.99,False
ScreenRecording_06-19-2026_21-33-55_1_009318.jpg,ScreenRecording_06-19-2026 21-33-55_1.MP4,ScreenRecording_06-19-2026_21-33-55_1,9318,155158,7.59,False
ScreenRecording_06-19-2026_21-33-55_1_009324.jpg,ScreenRecording_06-19-2026 21-33-55_1.MP4,ScreenRecording_06-19-2026_21-33-55_1,9324,155258,8.62,True
ScreenRecording_06-19-2026_21-33-55_1_009330.jpg,ScreenRecording_06-19-2026 21-33-55_1.MP4,ScreenRecording_06-19-2026_21-33-55_1,9330,155356,3.51,False
ScreenRecording_06-19-2026_21-33-55_1_009336.jpg,ScreenRecording_06-19-2026 21-33-55_1.MP4,ScreenRecording_06-19-2026_21-33-55_1,9336,155456,4.3,False
ScreenRecording_06-19-2026_21-33-55_1_009342.jpg,ScreenRecording_06-19-2026 21-33-55_1.MP4,ScreenRecording_06-19-2026_21-33-55_1,9342,155556,4.73,False
ScreenRecording_06-19-2026_21-33-55_1_009348.jpg,ScreenRecording_06-19-2026 21-33-55_1.MP4,ScreenRecording_06-19-2026_21-33-55_1,9348,155656,4.78,False
ScreenRecording_06-19-2026_21-33-55_1_009354.jpg,ScreenRecording_06-19-2026 21-33-55_1.MP4,ScreenRecording_06-19-2026_21-33-55_1,9354,155756,6.32,False
ScreenRecording_06-19-2026_21-33-55_1_009360.jpg,ScreenRecording_06-19-2026 21-33-55_1.MP4,ScreenRecording_06-19-2026_21-33-55_1,9360,155856,7.35,False
ScreenRecording_06-19-2026_21-33-55_1_009366.jpg,ScreenRecording_06-19-2026 21-33-55_1.MP4,ScreenRecording_06-19-2026_21-33-55_1,9366,155956,7.64,False
ScreenRecording_06-19-2026_21-33-55_1_009372.jpg,ScreenRecording_06-19-2026 21-33-55_1.MP4,ScreenRecording_06-19-2026_21-33-55_1,9372,156056,7.62,False
ScreenRecording_06-19-2026_21-33-55_1_009378.jpg,ScreenRecording_06-19-2026 21-33-55_1.MP4,ScreenRecording_06-19-2026_21-33-55_1,9378,156156,7.12,False
ScreenRecording_06-19-2026_21-33-55_1_009384.jpg,ScreenRecording_06-19-2026 21-33-55_1.MP4,ScreenRecording_06-19-2026_21-33-55_1,9384,156256,7.32,False
ScreenRecording_06-19-2026_21-33-55_1_009390.jpg,ScreenRecording_06-19-2026 21-33-55_1.MP4,ScreenRecording_06-19-2026_21-33-55_1,9390,156356,7.84,False
ScreenRecording_06-19-2026_21-33-55_1_009396.jpg,ScreenRecording_06-19-2026 21-33-55_1.MP4,ScreenRecording_06-19-2026_21-33-55_1,9396,156456,7.94,False
ScreenRecording_06-19-2026_21-33-55_1_009402.jpg,ScreenRecording_06-19-2026 21-33-55_1.MP4,ScreenRecording_06-19-2026_21-33-55_1,9402,156556,8.27,True
ScreenRecording_06-19-2026_21-33-55_1_009408.jpg,ScreenRecording_06-19-2026 21-33-55_1.MP4,ScreenRecording_06-19-2026_21-33-55_1,9408,156656,1.72,False
ScreenRecording_06-19-2026_21-33-55_1_009414.jpg,ScreenRecording_06-19-2026 21-33-55_1.MP4,ScreenRecording_06-19-2026_21-33-55_1,9414,156755,2.88,False
ScreenRecording_06-19-2026_21-33-55_1_009420.jpg,ScreenRecording_06-19-2026 21-33-55_1.MP4,ScreenRecording_06-19-2026_21-33-55_1,9420,156855,3.59,False
ScreenRecording_06-19-2026_21-33-55_1_009426.jpg,ScreenRecording_06-19-2026 21-33-55_1.MP4,ScreenRecording_06-19-2026_21-33-55_1,9426,156955,3.42,False
ScreenRecording_06-19-2026_21-33-55_1_009432.jpg,ScreenRecording_06-19-2026 21-33-55_1.MP4,ScreenRecording_06-19-2026_21-33-55_1,9432,157055,3.41,False
ScreenRecording_06-19-2026_21-33-55_1_009438.jpg,ScreenRecording_06-19-2026 21-33-55_1.MP4,ScreenRecording_06-19-2026_21-33-55_1,9438,157155,3.4,False
ScreenRecording_06-19-2026_21-33-55_1_009444.jpg,ScreenRecording_06-19-2026 21-33-55_1.MP4,ScreenRecording_06-19-2026_21-33-55_1,9444,157255,3.71,False
ScreenRecording_06-19-2026_21-33-55_1_009450.jpg,ScreenRecording_06-19-2026 21-33-55_1.MP4,ScreenRecording_06-19-2026_21-33-55_1,9450,157355,5.3,False
ScreenRecording_06-19-2026_21-33-55_1_009456.jpg,ScreenRecording_06-19-2026 21-33-55_1.MP4,ScreenRecording_06-19-2026_21-33-55_1,9456,157455,6.8,False
ScreenRecording_06-19-2026_21-33-55_1_009462.jpg,ScreenRecording_06-19-2026 21-33-55_1.MP4,ScreenRecording_06-19-2026_21-33-55_1,9462,157555,8.21,True
ScreenRecording_06-19-2026_21-33-55_1_009468.jpg,ScreenRecording_06-19-2026 21-33-55_1.MP4,ScreenRecording_06-19-2026_21-33-55_1,9468,157655,5.81,False
ScreenRecording_06-19-2026_21-33-55_1_009474.jpg,ScreenRecording_06-19-2026 21-33-55_1.MP4,ScreenRecording_06-19-2026_21-33-55_1,9474,157755,8.31,True
ScreenRecording_06-19-2026_21-33-55_1_009480.jpg,ScreenRecording_06-19-2026 21-33-55_1.MP4,ScreenRecording_06-19-2026_21-33-55_1,9480,157855,7.14,False
ScreenRecording_06-19-2026_21-33-55_1_009486.jpg,ScreenRecording_06-19-2026 21-33-55_1.MP4,ScreenRecording_06-19-2026_21-33-55_1,9486,157955,7.92,False
ScreenRecording_06-19-2026_21-33-55_1_009492.jpg,ScreenRecording_06-19-2026 21-33-55_1.MP4,ScreenRecording_06-19-2026_21-33-55_1,9492,158055,8.5,True
ScreenRecording_06-19-2026_21-33-55_1_009498.jpg,ScreenRecording_06-19-2026 21-33-55_1.MP4,ScreenRecording_06-19-2026_21-33-55_1,9498,158153,3.69,False
ScreenRecording_06-19-2026_21-33-55_1_009504.jpg,ScreenRecording_06-19-2026 21-33-55_1.MP4,ScreenRecording_06-19-2026_21-33-55_1,9504,158253,4.84,False
ScreenRecording_06-19-2026_21-33-55_1_009510.jpg,ScreenRecording_06-19-2026 21-33-55_1.MP4,ScreenRecording_06-19-2026_21-33-55_1,9510,158353,5.34,False
ScreenRecording_06-19-2026_21-33-55_1_009516.jpg,ScreenRecording_06-19-2026 21-33-55_1.MP4,ScreenRecording_06-19-2026_21-33-55_1,9516,158453,5.47,False
ScreenRecording_06-19-2026_21-33-55_1_009522.jpg,ScreenRecording_06-19-2026 21-33-55_1.MP4,ScreenRecording_06-19-2026_21-33-55_1,9522,158553,5.58,False
ScreenRecording_06-19-2026_21-33-55_1_009528.jpg,ScreenRecording_06-19-2026 21-33-55_1.MP4,ScreenRecording_06-19-2026_21-33-55_1,9528,158653,5.87,False
ScreenRecording_06-19-2026_21-33-55_1_009534.jpg,ScreenRecording_06-19-2026 21-33-55_1.MP4,ScreenRecording_06-19-2026_21-33-55_1,9534,158753,5.87,False
ScreenRecording_06-19-2026_21-33-55_1_009540.jpg,ScreenRecording_06-19-2026 21-33-55_1.MP4,ScreenRecording_06-19-2026_21-33-55_1,9540,158853,6.61,False
ScreenRecording_06-19-2026_21-33-55_1_009546.jpg,ScreenRecording_06-19-2026 21-33-55_1.MP4,ScreenRecording_06-19-2026_21-33-55_1,9546,158953,7.03,False
ScreenRecording_06-19-2026_21-33-55_1_009552.jpg,ScreenRecording_06-19-2026 21-33-55_1.MP4,ScreenRecording_06-19-2026_21-33-55_1,9552,159053,7.1,False
ScreenRecording_06-19-2026_21-33-55_1_009558.jpg,ScreenRecording_06-19-2026 21-33-55_1.MP4,ScreenRecording_06-19-2026_21-33-55_1,9558,159153,7.21,False
ScreenRecording_06-19-2026_21-33-55_1_009564.jpg,ScreenRecording_06-19-2026 21-33-55_1.MP4,ScreenRecording_06-19-2026_21-33-55_1,9564,159253,7.75,False
ScreenRecording_06-19-2026_21-33-55_1_009570.jpg,ScreenRecording_06-19-2026 21-33-55_1.MP4,ScreenRecording_06-19-2026_21-33-55_1,9570,159353,8.11,True
ScreenRecording_06-19-2026_21-33-55_1_009576.jpg,ScreenRecording_06-19-2026 21-33-55_1.MP4,ScreenRecording_06-19-2026_21-33-55_1,9576,159453,2.29,False
ScreenRecording_06-19-2026_21-33-55_1_009582.jpg,ScreenRecording_06-19-2026 21-33-55_1.MP4,ScreenRecording_06-19-2026_21-33-55_1,9582,159553,3.89,False
ScreenRecording_06-19-2026_21-33-55_1_009588.jpg,ScreenRecording_06-19-2026 21-33-55_1.MP4,ScreenRecording_06-19-2026_21-33-55_1,9588,159651,6.08,False
ScreenRecording_06-19-2026_21-33-55_1_009594.jpg,ScreenRecording_06-19-2026 21-33-55_1.MP4,ScreenRecording_06-19-2026_21-33-55_1,9594,159751,7.49,False
ScreenRecording_06-19-2026_21-33-55_1_009600.jpg,ScreenRecording_06-19-2026 21-33-55_1.MP4,ScreenRecording_06-19-2026_21-33-55_1,9600,159851,8.41,True
ScreenRecording_06-19-2026_21-33-55_1_009606.jpg,ScreenRecording_06-19-2026 21-33-55_1.MP4,ScreenRecording_06-19-2026_21-33-55_1,9606,159951,3.09,False
ScreenRecording_06-19-2026_21-33-55_1_009612.jpg,ScreenRecording_06-19-2026 21-33-55_1.MP4,ScreenRecording_06-19-2026_21-33-55_1,9612,160051,3.58,False
ScreenRecording_06-19-2026_21-33-55_1_009618.jpg,ScreenRecording_06-19-2026 21-33-55_1.MP4,ScreenRecording_06-19-2026_21-33-55_1,9618,160151,3.79,False
ScreenRecording_06-19-2026_21-33-55_1_009624.jpg,ScreenRecording_06-19-2026 21-33-55_1.MP4,ScreenRecording_06-19-2026_21-33-55_1,9624,160251,4.78,False
ScreenRecording_06-19-2026_21-33-55_1_009630.jpg,ScreenRecording_06-19-2026 21-33-55_1.MP4,ScreenRecording_06-19-2026_21-33-55_1,9630,160351,6.16,False
ScreenRecording_06-19-2026_21-33-55_1_009636.jpg,ScreenRecording_06-19-2026 21-33-55_1.MP4,ScreenRecording_06-19-2026_21-33-55_1,9636,160451,7.67,False
ScreenRecording_06-19-2026_21-33-55_1_009642.jpg,ScreenRecording_06-19-2026 21-33-55_1.MP4,ScreenRecording_06-19-2026_21-33-55_1,9642,160551,8.32,True
ScreenRecording_06-19-2026_21-33-55_1_009648.jpg,ScreenRecording_06-19-2026 21-33-55_1.MP4,ScreenRecording_06-19-2026_21-33-55_1,9648,160651,2.69,False
ScreenRecording_06-19-2026_21-33-55_1_009654.jpg,ScreenRecording_06-19-2026 21-33-55_1.MP4,ScreenRecording_06-19-2026_21-33-55_1,9654,160751,4.09,False
ScreenRecording_06-19-2026_21-33-55_1_009660.jpg,ScreenRecording_06-19-2026 21-33-55_1.MP4,ScreenRecording_06-19-2026_21-33-55_1,9660,160851,4.82,False
ScreenRecording_06-19-2026_21-33-55_1_009666.jpg,ScreenRecording_06-19-2026 21-33-55_1.MP4,ScreenRecording_06-19-2026_21-33-55_1,9666,160951,5.51,False
ScreenRecording_06-19-2026_21-33-55_1_009672.jpg,ScreenRecording_06-19-2026 21-33-55_1.MP4,ScreenRecording_06-19-2026_21-33-55_1,9672,161051,6.05,False
ScreenRecording_06-19-2026_21-33-55_1_009678.jpg,ScreenRecording_06-19-2026 21-33-55_1.MP4,ScreenRecording_06-19-2026_21-33-55_1,9678,161150,5.79,False
ScreenRecording_06-19-2026_21-33-55_1_009684.jpg,ScreenRecording_06-19-2026 21-33-55_1.MP4,ScreenRecording_06-19-2026_21-33-55_1,9684,161250,4.7,False
ScreenRecording_06-19-2026_21-33-55_1_009690.jpg,ScreenRecording_06-19-2026 21-33-55_1.MP4,ScreenRecording_06-19-2026_21-33-55_1,9690,161350,3.59,False
ScreenRecording_06-19-2026_21-33-55_1_009696.jpg,ScreenRecording_06-19-2026 21-33-55_1.MP4,ScreenRecording_06-19-2026_21-33-55_1,9696,161450,3.82,False
ScreenRecording_06-19-2026_21-33-55_1_009702.jpg,ScreenRecording_06-19-2026 21-33-55_1.MP4,ScreenRecording_06-19-2026_21-33-55_1,9702,161550,3.3,False
ScreenRecording_06-19-2026_21-33-55_1_009708.jpg,ScreenRecording_06-19-2026 21-33-55_1.MP4,ScreenRecording_06-19-2026_21-33-55_1,9708,161650,3.31,False
ScreenRecording_06-19-2026_21-33-55_1_009714.jpg,ScreenRecording_06-19-2026 21-33-55_1.MP4,ScreenRecording_06-19-2026_21-33-55_1,9714,161750,4.21,False
ScreenRecording_06-19-2026_21-33-55_1_009720.jpg,ScreenRecording_06-19-2026 21-33-55_1.MP4,ScreenRecording_06-19-2026_21-33-55_1,9720,161850,3.97,False
ScreenRecording_06-19-2026_21-33-55_1_009726.jpg,ScreenRecording_06-19-2026 21-33-55_1.MP4,ScreenRecording_06-19-2026_21-33-55_1,9726,161950,3.38,False
ScreenRecording_06-19-2026_21-33-55_1_009732.jpg,ScreenRecording_06-19-2026 21-33-55_1.MP4,ScreenRecording_06-19-2026_21-33-55_1,9732,162050,5.96,False
ScreenRecording_06-19-2026_21-33-55_1_009738.jpg,ScreenRecording_06-19-2026 21-33-55_1.MP4,ScreenRecording_06-19-2026_21-33-55_1,9738,162150,5.83,False
ScreenRecording_06-19-2026_21-33-55_1_009744.jpg,ScreenRecording_06-19-2026 21-33-55_1.MP4,ScreenRecording_06-19-2026_21-33-55_1,9744,162250,5.0,False
ScreenRecording_06-19-2026_21-33-55_1_009750.jpg,ScreenRecording_06-19-2026 21-33-55_1.MP4,ScreenRecording_06-19-2026_21-33-55_1,9750,162350,5.33,False
ScreenRecording_06-19-2026_21-33-55_1_009756.jpg,ScreenRecording_06-19-2026 21-33-55_1.MP4,ScreenRecording_06-19-2026_21-33-55_1,9756,162450,5.16,False
ScreenRecording_06-19-2026_21-33-55_1_009762.jpg,ScreenRecording_06-19-2026 21-33-55_1.MP4,ScreenRecording_06-19-2026_21-33-55_1,9762,162550,5.0,False
ScreenRecording_06-19-2026_21-33-55_1_009768.jpg,ScreenRecording_06-19-2026 21-33-55_1.MP4,ScreenRecording_06-19-2026_21-33-55_1,9768,162648,5.6,False
ScreenRecording_06-19-2026_21-33-55_1_009774.jpg,ScreenRecording_06-19-2026 21-33-55_1.MP4,ScreenRecording_06-19-2026_21-33-55_1,9774,162748,6.03,False
ScreenRecording_06-19-2026_21-33-55_1_009780.jpg,ScreenRecording_06-19-2026 21-33-55_1.MP4,ScreenRecording_06-19-2026_21-33-55_1,9780,162848,6.34,False
ScreenRecording_06-19-2026_21-33-55_1_009786.jpg,ScreenRecording_06-19-2026 21-33-55_1.MP4,ScreenRecording_06-19-2026_21-33-55_1,9786,162948,7.13,False
ScreenRecording_06-19-2026_21-33-55_1_009792.jpg,ScreenRecording_06-19-2026 21-33-55_1.MP4,ScreenRecording_06-19-2026_21-33-55_1,9792,163048,6.3,False
ScreenRecording_06-19-2026_21-33-55_1_009798.jpg,ScreenRecording_06-19-2026 21-33-55_1.MP4,ScreenRecording_06-19-2026_21-33-55_1,9798,163148,4.75,False
ScreenRecording_06-19-2026_21-33-55_1_009804.jpg,ScreenRecording_06-19-2026 21-33-55_1.MP4,ScreenRecording_06-19-2026_21-33-55_1,9804,163248,4.82,False
ScreenRecording_06-19-2026_21-33-55_1_009810.jpg,ScreenRecording_06-19-2026 21-33-55_1.MP4,ScreenRecording_06-19-2026_21-33-55_1,9810,163348,6.39,False
ScreenRecording_06-19-2026_21-33-55_1_009816.jpg,ScreenRecording_06-19-2026 21-33-55_1.MP4,ScreenRecording_06-19-2026_21-33-55_1,9816,163448,7.06,False
ScreenRecording_06-19-2026_21-33-55_1_009822.jpg,ScreenRecording_06-19-2026 21-33-55_1.MP4,ScreenRecording_06-19-2026_21-33-55_1,9822,163548,7.29,False
ScreenRecording_06-19-2026_21-33-55_1_009828.jpg,ScreenRecording_06-19-2026 21-33-55_1.MP4,ScreenRecording_06-19-2026_21-33-55_1,9828,163648,7.36,False
ScreenRecording_06-19-2026_21-33-55_1_009834.jpg,ScreenRecording_06-19-2026 21-33-55_1.MP4,ScreenRecording_06-19-2026_21-33-55_1,9834,163748,6.76,False
ScreenRecording_06-19-2026_21-33-55_1_009840.jpg,ScreenRecording_06-19-2026 21-33-55_1.MP4,ScreenRecording_06-19-2026_21-33-55_1,9840,163848,5.17,False
ScreenRecording_06-19-2026_21-33-55_1_009846.jpg,ScreenRecording_06-19-2026 21-33-55_1.MP4,ScreenRecording_06-19-2026_21-33-55_1,9846,163948,4.02,False
ScreenRecording_06-19-2026_21-33-55_1_009852.jpg,ScreenRecording_06-19-2026 21-33-55_1.MP4,ScreenRecording_06-19-2026_21-33-55_1,9852,164048,4.46,False
ScreenRecording_06-19-2026_21-33-55_1_009858.jpg,ScreenRecording_06-19-2026 21-33-55_1.MP4,ScreenRecording_06-19-2026_21-33-55_1,9858,164146,5.35,False
ScreenRecording_06-19-2026_21-33-55_1_009864.jpg,ScreenRecording_06-19-2026 21-33-55_1.MP4,ScreenRecording_06-19-2026_21-33-55_1,9864,164246,5.94,False
ScreenRecording_06-19-2026_21-33-55_1_009870.jpg,ScreenRecording_06-19-2026 21-33-55_1.MP4,ScreenRecording_06-19-2026_21-33-55_1,9870,164346,5.5,False
ScreenRecording_06-19-2026_21-33-55_1_009876.jpg,ScreenRecording_06-19-2026 21-33-55_1.MP4,ScreenRecording_06-19-2026_21-33-55_1,9876,164446,4.68,False
ScreenRecording_06-19-2026_21-33-55_1_009882.jpg,ScreenRecording_06-19-2026 21-33-55_1.MP4,ScreenRecording_06-19-2026_21-33-55_1,9882,164546,3.56,False
ScreenRecording_06-19-2026_21-33-55_1_009888.jpg,ScreenRecording_06-19-2026 21-33-55_1.MP4,ScreenRecording_06-19-2026_21-33-55_1,9888,164646,2.37,False
ScreenRecording_06-19-2026_21-33-55_1_009894.jpg,ScreenRecording_06-19-2026 21-33-55_1.MP4,ScreenRecording_06-19-2026_21-33-55_1,9894,164746,2.92,False
ScreenRecording_06-19-2026_21-33-55_1_009900.jpg,ScreenRecording_06-19-2026 21-33-55_1.MP4,ScreenRecording_06-19-2026_21-33-55_1,9900,164846,3.9,False
ScreenRecording_06-19-2026_21-33-55_1_009906.jpg,ScreenRecording_06-19-2026 21-33-55_1.MP4,ScreenRecording_06-19-2026_21-33-55_1,9906,164946,3.68,False
ScreenRecording_06-19-2026_21-33-55_1_009912.jpg,ScreenRecording_06-19-2026 21-33-55_1.MP4,ScreenRecording_06-19-2026_21-33-55_1,9912,165046,5.71,False
ScreenRecording_06-19-2026_21-33-55_1_009918.jpg,ScreenRecording_06-19-2026 21-33-55_1.MP4,ScreenRecording_06-19-2026_21-33-55_1,9918,165146,6.76,False
ScreenRecording_06-19-2026_21-33-55_1_009924.jpg,ScreenRecording_06-19-2026 21-33-55_1.MP4,ScreenRecording_06-19-2026_21-33-55_1,9924,165246,7.42,False
ScreenRecording_06-19-2026_21-33-55_1_009930.jpg,ScreenRecording_06-19-2026 21-33-55_1.MP4,ScreenRecording_06-19-2026_21-33-55_1,9930,165346,7.89,False
ScreenRecording_06-19-2026_21-33-55_1_009936.jpg,ScreenRecording_06-19-2026 21-33-55_1.MP4,ScreenRecording_06-19-2026_21-33-55_1,9936,165446,7.84,False
ScreenRecording_06-19-2026_21-33-55_1_009942.jpg,ScreenRecording_06-19-2026 21-33-55_1.MP4,ScreenRecording_06-19-2026_21-33-55_1,9942,165545,7.36,False
ScreenRecording_06-19-2026_21-33-55_1_009948.jpg,ScreenRecording_06-19-2026 21-33-55_1.MP4,ScreenRecording_06-19-2026_21-33-55_1,9948,165645,6.67,False
ScreenRecording_06-19-2026_21-33-55_1_009954.jpg,ScreenRecording_06-19-2026 21-33-55_1.MP4,ScreenRecording_06-19-2026_21-33-55_1,9954,165745,6.3,False
ScreenRecording_06-19-2026_21-33-55_1_009960.jpg,ScreenRecording_06-19-2026 21-33-55_1.MP4,ScreenRecording_06-19-2026_21-33-55_1,9960,165845,6.37,False
ScreenRecording_06-19-2026_21-33-55_1_009966.jpg,ScreenRecording_06-19-2026 21-33-55_1.MP4,ScreenRecording_06-19-2026_21-33-55_1,9966,165945,6.82,False
ScreenRecording_06-19-2026_21-33-55_1_009972.jpg,ScreenRecording_06-19-2026 21-33-55_1.MP4,ScreenRecording_06-19-2026_21-33-55_1,9972,166045,7.44,False
ScreenRecording_06-19-2026_21-33-55_1_009978.jpg,ScreenRecording_06-19-2026 21-33-55_1.MP4,ScreenRecording_06-19-2026_21-33-55_1,9978,166145,7.47,False
ScreenRecording_06-19-2026_21-33-55_1_009984.jpg,ScreenRecording_06-19-2026 21-33-55_1.MP4,ScreenRecording_06-19-2026_21-33-55_1,9984,166245,7.46,False
ScreenRecording_06-19-2026_21-33-55_1_009990.jpg,ScreenRecording_06-19-2026 21-33-55_1.MP4,ScreenRecording_06-19-2026_21-33-55_1,9990,166345,7.49,False
ScreenRecording_06-19-2026_21-33-55_1_009996.jpg,ScreenRecording_06-19-2026 21-33-55_1.MP4,ScreenRecording_06-19-2026_21-33-55_1,9996,166445,7.46,False
ScreenRecording_06-19-2026_21-33-55_1_010002.jpg,ScreenRecording_06-19-2026 21-33-55_1.MP4,ScreenRecording_06-19-2026_21-33-55_1,10002,166545,7.2,False
ScreenRecording_06-19-2026_21-33-55_1_010008.jpg,ScreenRecording_06-19-2026 21-33-55_1.MP4,ScreenRecording_06-19-2026_21-33-55_1,10008,166645,7.23,False
ScreenRecording_06-19-2026_21-33-55_1_010014.jpg,ScreenRecording_06-19-2026 21-33-55_1.MP4,ScreenRecording_06-19-2026_21-33-55_1,10014,166745,7.49,False
ScreenRecording_06-19-2026_21-33-55_1_010020.jpg,ScreenRecording_06-19-2026 21-33-55_1.MP4,ScreenRecording_06-19-2026_21-33-55_1,10020,166843,7.77,False
ScreenRecording_06-19-2026_21-33-55_1_010026.jpg,ScreenRecording_06-19-2026 21-33-55_1.MP4,ScreenRecording_06-19-2026_21-33-55_1,10026,166943,8.11,True
ScreenRecording_06-19-2026_21-33-55_1_010032.jpg,ScreenRecording_06-19-2026 21-33-55_1.MP4,ScreenRecording_06-19-2026_21-33-55_1,10032,167043,1.74,False
ScreenRecording_06-19-2026_21-33-55_1_010038.jpg,ScreenRecording_06-19-2026 21-33-55_1.MP4,ScreenRecording_06-19-2026_21-33-55_1,10038,167143,2.16,False
ScreenRecording_06-19-2026_21-33-55_1_010044.jpg,ScreenRecording_06-19-2026 21-33-55_1.MP4,ScreenRecording_06-19-2026_21-33-55_1,10044,167243,2.67,False
ScreenRecording_06-19-2026_21-33-55_1_010050.jpg,ScreenRecording_06-19-2026 21-33-55_1.MP4,ScreenRecording_06-19-2026_21-33-55_1,10050,167343,3.58,False
ScreenRecording_06-19-2026_21-33-55_1_010056.jpg,ScreenRecording_06-19-2026 21-33-55_1.MP4,ScreenRecording_06-19-2026_21-33-55_1,10056,167443,4.09,False
ScreenRecording_06-19-2026_21-33-55_1_010062.jpg,ScreenRecording_06-19-2026 21-33-55_1.MP4,ScreenRecording_06-19-2026_21-33-55_1,10062,167543,3.83,False
ScreenRecording_06-19-2026_21-33-55_1_010068.jpg,ScreenRecording_06-19-2026 21-33-55_1.MP4,ScreenRecording_06-19-2026_21-33-55_1,10068,167643,4.3,False
ScreenRecording_06-19-2026_21-33-55_1_010074.jpg,ScreenRecording_06-19-2026 21-33-55_1.MP4,ScreenRecording_06-19-2026_21-33-55_1,10074,167743,4.96,False
ScreenRecording_06-19-2026_21-33-55_1_010080.jpg,ScreenRecording_06-19-2026 21-33-55_1.MP4,ScreenRecording_06-19-2026_21-33-55_1,10080,167843,5.13,False
ScreenRecording_06-19-2026_21-33-55_1_010086.jpg,ScreenRecording_06-19-2026 21-33-55_1.MP4,ScreenRecording_06-19-2026_21-33-55_1,10086,167943,5.35,False
ScreenRecording_06-19-2026_21-33-55_1_010092.jpg,ScreenRecording_06-19-2026 21-33-55_1.MP4,ScreenRecording_06-19-2026_21-33-55_1,10092,168043,5.72,False
ScreenRecording_06-19-2026_21-33-55_1_010098.jpg,ScreenRecording_06-19-2026 21-33-55_1.MP4,ScreenRecording_06-19-2026_21-33-55_1,10098,168143,6.54,False
ScreenRecording_06-19-2026_21-33-55_1_010104.jpg,ScreenRecording_06-19-2026 21-33-55_1.MP4,ScreenRecording_06-19-2026_21-33-55_1,10104,168241,6.71,False
ScreenRecording_06-19-2026_21-33-55_1_010110.jpg,ScreenRecording_06-19-2026 21-33-55_1.MP4,ScreenRecording_06-19-2026_21-33-55_1,10110,168341,6.82,False
ScreenRecording_06-19-2026_21-33-55_1_010116.jpg,ScreenRecording_06-19-2026 21-33-55_1.MP4,ScreenRecording_06-19-2026_21-33-55_1,10116,168441,7.34,False
ScreenRecording_06-19-2026_21-33-55_1_010122.jpg,ScreenRecording_06-19-2026 21-33-55_1.MP4,ScreenRecording_06-19-2026_21-33-55_1,10122,168541,7.08,False
ScreenRecording_06-19-2026_21-33-55_1_010128.jpg,ScreenRecording_06-19-2026 21-33-55_1.MP4,ScreenRecording_06-19-2026_21-33-55_1,10128,168641,7.22,False
ScreenRecording_06-19-2026_21-33-55_1_010134.jpg,ScreenRecording_06-19-2026 21-33-55_1.MP4,ScreenRecording_06-19-2026_21-33-55_1,10134,168741,7.88,False
ScreenRecording_06-19-2026_21-33-55_1_010140.jpg,ScreenRecording_06-19-2026 21-33-55_1.MP4,ScreenRecording_06-19-2026_21-33-55_1,10140,168841,8.71,True
ScreenRecording_06-19-2026_21-33-55_1_010146.jpg,ScreenRecording_06-19-2026 21-33-55_1.MP4,ScreenRecording_06-19-2026_21-33-55_1,10146,168941,3.37,False
ScreenRecording_06-19-2026_21-33-55_1_010152.jpg,ScreenRecording_06-19-2026 21-33-55_1.MP4,ScreenRecording_06-19-2026_21-33-55_1,10152,169041,4.2,False
ScreenRecording_06-19-2026_21-33-55_1_010158.jpg,ScreenRecording_06-19-2026 21-33-55_1.MP4,ScreenRecording_06-19-2026_21-33-55_1,10158,169141,4.56,False
ScreenRecording_06-19-2026_21-33-55_1_010164.jpg,ScreenRecording_06-19-2026 21-33-55_1.MP4,ScreenRecording_06-19-2026_21-33-55_1,10164,169241,6.23,False
ScreenRecording_06-19-2026_21-33-55_1_010170.jpg,ScreenRecording_06-19-2026 21-33-55_1.MP4,ScreenRecording_06-19-2026_21-33-55_1,10170,169341,7.38,False
ScreenRecording_06-19-2026_21-33-55_1_010176.jpg,ScreenRecording_06-19-2026 21-33-55_1.MP4,ScreenRecording_06-19-2026_21-33-55_1,10176,169441,7.65,False
ScreenRecording_06-19-2026_21-33-55_1_010182.jpg,ScreenRecording_06-19-2026 21-33-55_1.MP4,ScreenRecording_06-19-2026_21-33-55_1,10182,169540,7.49,False
ScreenRecording_06-19-2026_21-33-55_1_010188.jpg,ScreenRecording_06-19-2026 21-33-55_1.MP4,ScreenRecording_06-19-2026_21-33-55_1,10188,169640,7.45,False
ScreenRecording_06-19-2026_21-33-55_1_010194.jpg,ScreenRecording_06-19-2026 21-33-55_1.MP4,ScreenRecording_06-19-2026_21-33-55_1,10194,169740,7.05,False
ScreenRecording_06-19-2026_21-33-55_1_010200.jpg,ScreenRecording_06-19-2026 21-33-55_1.MP4,ScreenRecording_06-19-2026_21-33-55_1,10200,169840,5.63,False
ScreenRecording_06-19-2026_21-33-55_1_010206.jpg,ScreenRecording_06-19-2026 21-33-55_1.MP4,ScreenRecording_06-19-2026_21-33-55_1,10206,169940,5.01,False
ScreenRecording_06-19-2026_21-33-55_1_010212.jpg,ScreenRecording_06-19-2026 21-33-55_1.MP4,ScreenRecording_06-19-2026_21-33-55_1,10212,170040,4.8,False
ScreenRecording_06-19-2026_21-33-55_1_010218.jpg,ScreenRecording_06-19-2026 21-33-55_1.MP4,ScreenRecording_06-19-2026_21-33-55_1,10218,170140,4.92,False
ScreenRecording_06-19-2026_21-33-55_1_010224.jpg,ScreenRecording_06-19-2026 21-33-55_1.MP4,ScreenRecording_06-19-2026_21-33-55_1,10224,170240,4.5,False
ScreenRecording_06-19-2026_21-33-55_1_010230.jpg,ScreenRecording_06-19-2026 21-33-55_1.MP4,ScreenRecording_06-19-2026_21-33-55_1,10230,170340,4.39,False
ScreenRecording_06-19-2026_21-33-55_1_010236.jpg,ScreenRecording_06-19-2026 21-33-55_1.MP4,ScreenRecording_06-19-2026_21-33-55_1,10236,170440,4.56,False
ScreenRecording_06-19-2026_21-33-55_1_010242.jpg,ScreenRecording_06-19-2026 21-33-55_1.MP4,ScreenRecording_06-19-2026_21-33-55_1,10242,170540,4.7,False
ScreenRecording_06-19-2026_21-33-55_1_010248.jpg,ScreenRecording_06-19-2026 21-33-55_1.MP4,ScreenRecording_06-19-2026_21-33-55_1,10248,170640,4.51,False
ScreenRecording_06-19-2026_21-33-55_1_010254.jpg,ScreenRecording_06-19-2026 21-33-55_1.MP4,ScreenRecording_06-19-2026_21-33-55_1,10254,170740,5.74,False
ScreenRecording_06-19-2026_21-33-55_1_010260.jpg,ScreenRecording_06-19-2026 21-33-55_1.MP4,ScreenRecording_06-19-2026_21-33-55_1,10260,170840,6.94,False
ScreenRecording_06-19-2026_21-33-55_1_010266.jpg,ScreenRecording_06-19-2026 21-33-55_1.MP4,ScreenRecording_06-19-2026_21-33-55_1,10266,170938,8.38,True
ScreenRecording_06-19-2026_21-33-55_1_010272.jpg,ScreenRecording_06-19-2026 21-33-55_1.MP4,ScreenRecording_06-19-2026_21-33-55_1,10272,171038,3.24,False
ScreenRecording_06-19-2026_21-33-55_1_010278.jpg,ScreenRecording_06-19-2026 21-33-55_1.MP4,ScreenRecording_06-19-2026_21-33-55_1,10278,171138,4.65,False
ScreenRecording_06-19-2026_21-33-55_1_010284.jpg,ScreenRecording_06-19-2026 21-33-55_1.MP4,ScreenRecording_06-19-2026_21-33-55_1,10284,171238,5.65,False
ScreenRecording_06-19-2026_21-33-55_1_010290.jpg,ScreenRecording_06-19-2026 21-33-55_1.MP4,ScreenRecording_06-19-2026_21-33-55_1,10290,171338,5.27,False
ScreenRecording_06-19-2026_21-33-55_1_010296.jpg,ScreenRecording_06-19-2026 21-33-55_1.MP4,ScreenRecording_06-19-2026_21-33-55_1,10296,171438,4.89,False
ScreenRecording_06-19-2026_21-33-55_1_010302.jpg,ScreenRecording_06-19-2026 21-33-55_1.MP4,ScreenRecording_06-19-2026_21-33-55_1,10302,171538,4.92,False
ScreenRecording_06-19-2026_21-33-55_1_010308.jpg,ScreenRecording_06-19-2026 21-33-55_1.MP4,ScreenRecording_06-19-2026_21-33-55_1,10308,171638,5.02,False
ScreenRecording_06-19-2026_21-33-55_1_010314.jpg,ScreenRecording_06-19-2026 21-33-55_1.MP4,ScreenRecording_06-19-2026_21-33-55_1,10314,171738,4.08,False
ScreenRecording_06-19-2026_21-33-55_1_010320.jpg,ScreenRecording_06-19-2026 21-33-55_1.MP4,ScreenRecording_06-19-2026_21-33-55_1,10320,171838,3.79,False
ScreenRecording_06-19-2026_21-33-55_1_010326.jpg,ScreenRecording_06-19-2026 21-33-55_1.MP4,ScreenRecording_06-19-2026_21-33-55_1,10326,171938,4.91,False
ScreenRecording_06-19-2026_21-33-55_1_010332.jpg,ScreenRecording_06-19-2026 21-33-55_1.MP4,ScreenRecording_06-19-2026_21-33-55_1,10332,172038,5.66,False
ScreenRecording_06-19-2026_21-33-55_1_010338.jpg,ScreenRecording_06-19-2026 21-33-55_1.MP4,ScreenRecording_06-19-2026_21-33-55_1,10338,172138,6.15,False
ScreenRecording_06-19-2026_21-33-55_1_010344.jpg,ScreenRecording_06-19-2026 21-33-55_1.MP4,ScreenRecording_06-19-2026_21-33-55_1,10344,172238,6.27,False
ScreenRecording_06-19-2026_21-33-55_1_010350.jpg,ScreenRecording_06-19-2026 21-33-55_1.MP4,ScreenRecording_06-19-2026_21-33-55_1,10350,172338,5.41,False
ScreenRecording_06-19-2026_21-33-55_1_010356.jpg,ScreenRecording_06-19-2026 21-33-55_1.MP4,ScreenRecording_06-19-2026_21-33-55_1,10356,172436,4.39,False
ScreenRecording_06-19-2026_21-33-55_1_010362.jpg,ScreenRecording_06-19-2026 21-33-55_1.MP4,ScreenRecording_06-19-2026_21-33-55_1,10362,172536,3.9,False
ScreenRecording_06-19-2026_21-33-55_1_010368.jpg,ScreenRecording_06-19-2026 21-33-55_1.MP4,ScreenRecording_06-19-2026_21-33-55_1,10368,172636,4.08,False
ScreenRecording_06-19-2026_21-33-55_1_010374.jpg,ScreenRecording_06-19-2026 21-33-55_1.MP4,ScreenRecording_06-19-2026_21-33-55_1,10374,172736,4.55,False
ScreenRecording_06-19-2026_21-33-55_1_010380.jpg,ScreenRecording_06-19-2026 21-33-55_1.MP4,ScreenRecording_06-19-2026_21-33-55_1,10380,172836,5.16,False
ScreenRecording_06-19-2026_21-33-55_1_010386.jpg,ScreenRecording_06-19-2026 21-33-55_1.MP4,ScreenRecording_06-19-2026_21-33-55_1,10386,172936,6.01,False
ScreenRecording_06-19-2026_21-33-55_1_010392.jpg,ScreenRecording_06-19-2026 21-33-55_1.MP4,ScreenRecording_06-19-2026_21-33-55_1,10392,173036,6.79,False
ScreenRecording_06-19-2026_21-33-55_1_010398.jpg,ScreenRecording_06-19-2026 21-33-55_1.MP4,ScreenRecording_06-19-2026_21-33-55_1,10398,173136,6.97,False
ScreenRecording_06-19-2026_21-33-55_1_010404.jpg,ScreenRecording_06-19-2026 21-33-55_1.MP4,ScreenRecording_06-19-2026_21-33-55_1,10404,173236,7.01,False
ScreenRecording_06-19-2026_21-33-55_1_010410.jpg,ScreenRecording_06-19-2026 21-33-55_1.MP4,ScreenRecording_06-19-2026_21-33-55_1,10410,173336,6.73,False
ScreenRecording_06-19-2026_21-33-55_1_010416.jpg,ScreenRecording_06-19-2026 21-33-55_1.MP4,ScreenRecording_06-19-2026_21-33-55_1,10416,173436,6.01,False
ScreenRecording_06-19-2026_21-33-55_1_010422.jpg,ScreenRecording_06-19-2026 21-33-55_1.MP4,ScreenRecording_06-19-2026_21-33-55_1,10422,173536,5.31,False
ScreenRecording_06-19-2026_21-33-55_1_010428.jpg,ScreenRecording_06-19-2026 21-33-55_1.MP4,ScreenRecording_06-19-2026_21-33-55_1,10428,173636,4.57,False
ScreenRecording_06-19-2026_21-33-55_1_010434.jpg,ScreenRecording_06-19-2026 21-33-55_1.MP4,ScreenRecording_06-19-2026_21-33-55_1,10434,173736,4.6,False
ScreenRecording_06-19-2026_21-33-55_1_010440.jpg,ScreenRecording_06-19-2026 21-33-55_1.MP4,ScreenRecording_06-19-2026_21-33-55_1,10440,173835,5.54,False
ScreenRecording_06-19-2026_21-33-55_1_010446.jpg,ScreenRecording_06-19-2026 21-33-55_1.MP4,ScreenRecording_06-19-2026_21-33-55_1,10446,173935,6.88,False
ScreenRecording_06-19-2026_21-33-55_1_010452.jpg,ScreenRecording_06-19-2026 21-33-55_1.MP4,ScreenRecording_06-19-2026_21-33-55_1,10452,174035,7.23,False
ScreenRecording_06-19-2026_21-33-55_1_010458.jpg,ScreenRecording_06-19-2026 21-33-55_1.MP4,ScreenRecording_06-19-2026_21-33-55_1,10458,174135,7.31,False
ScreenRecording_06-19-2026_21-33-55_1_010464.jpg,ScreenRecording_06-19-2026 21-33-55_1.MP4,ScreenRecording_06-19-2026_21-33-55_1,10464,174235,7.11,False
ScreenRecording_06-19-2026_21-33-55_1_010470.jpg,ScreenRecording_06-19-2026 21-33-55_1.MP4,ScreenRecording_06-19-2026_21-33-55_1,10470,174335,6.42,False
ScreenRecording_06-19-2026_21-33-55_1_010476.jpg,ScreenRecording_06-19-2026 21-33-55_1.MP4,ScreenRecording_06-19-2026_21-33-55_1,10476,174435,6.25,False
ScreenRecording_06-19-2026_21-33-55_1_010482.jpg,ScreenRecording_06-19-2026 21-33-55_1.MP4,ScreenRecording_06-19-2026_21-33-55_1,10482,174535,6.3,False
ScreenRecording_06-19-2026_21-33-55_1_010488.jpg,ScreenRecording_06-19-2026 21-33-55_1.MP4,ScreenRecording_06-19-2026_21-33-55_1,10488,174635,6.52,False
ScreenRecording_06-19-2026_21-33-55_1_010494.jpg,ScreenRecording_06-19-2026 21-33-55_1.MP4,ScreenRecording_06-19-2026_21-33-55_1,10494,174735,6.65,False
ScreenRecording_06-19-2026_21-33-55_1_010500.jpg,ScreenRecording_06-19-2026 21-33-55_1.MP4,ScreenRecording_06-19-2026_21-33-55_1,10500,174835,7.28,False
ScreenRecording_06-19-2026_21-33-55_1_010506.jpg,ScreenRecording_06-19-2026 21-33-55_1.MP4,ScreenRecording_06-19-2026_21-33-55_1,10506,174935,7.33,False
ScreenRecording_06-19-2026_21-33-55_1_010512.jpg,ScreenRecording_06-19-2026 21-33-55_1.MP4,ScreenRecording_06-19-2026_21-33-55_1,10512,175035,6.98,False
ScreenRecording_06-19-2026_21-33-55_1_010518.jpg,ScreenRecording_06-19-2026 21-33-55_1.MP4,ScreenRecording_06-19-2026_21-33-55_1,10518,175135,7.16,False
ScreenRecording_06-19-2026_21-33-55_1_010524.jpg,ScreenRecording_06-19-2026 21-33-55_1.MP4,ScreenRecording_06-19-2026_21-33-55_1,10524,175235,7.28,False
ScreenRecording_06-19-2026_21-33-55_1_010530.jpg,ScreenRecording_06-19-2026 21-33-55_1.MP4,ScreenRecording_06-19-2026_21-33-55_1,10530,175333,7.49,False
ScreenRecording_06-19-2026_21-33-55_1_010536.jpg,ScreenRecording_06-19-2026 21-33-55_1.MP4,ScreenRecording_06-19-2026_21-33-55_1,10536,175433,7.03,False
ScreenRecording_06-19-2026_21-33-55_1_010542.jpg,ScreenRecording_06-19-2026 21-33-55_1.MP4,ScreenRecording_06-19-2026_21-33-55_1,10542,175533,7.02,False
ScreenRecording_06-19-2026_21-33-55_1_010548.jpg,ScreenRecording_06-19-2026 21-33-55_1.MP4,ScreenRecording_06-19-2026_21-33-55_1,10548,175633,7.37,False
ScreenRecording_06-19-2026_21-33-55_1_010554.jpg,ScreenRecording_06-19-2026 21-33-55_1.MP4,ScreenRecording_06-19-2026_21-33-55_1,10554,175733,7.43,False
ScreenRecording_06-19-2026_21-33-55_1_010560.jpg,ScreenRecording_06-19-2026 21-33-55_1.MP4,ScreenRecording_06-19-2026_21-33-55_1,10560,175833,7.27,False
ScreenRecording_06-19-2026_21-33-55_1_010566.jpg,ScreenRecording_06-19-2026 21-33-55_1.MP4,ScreenRecording_06-19-2026_21-33-55_1,10566,175933,7.02,False
ScreenRecording_06-19-2026_21-33-55_1_010572.jpg,ScreenRecording_06-19-2026 21-33-55_1.MP4,ScreenRecording_06-19-2026_21-33-55_1,10572,176033,6.23,False
ScreenRecording_06-19-2026_21-33-55_1_010578.jpg,ScreenRecording_06-19-2026 21-33-55_1.MP4,ScreenRecording_06-19-2026_21-33-55_1,10578,176133,5.35,False
ScreenRecording_06-19-2026_21-33-55_1_010584.jpg,ScreenRecording_06-19-2026 21-33-55_1.MP4,ScreenRecording_06-19-2026_21-33-55_1,10584,176233,5.73,False
ScreenRecording_06-19-2026_21-33-55_1_010590.jpg,ScreenRecording_06-19-2026 21-33-55_1.MP4,ScreenRecording_06-19-2026_21-33-55_1,10590,176333,5.86,False
ScreenRecording_06-19-2026_21-33-55_1_010596.jpg,ScreenRecording_06-19-2026 21-33-55_1.MP4,ScreenRecording_06-19-2026_21-33-55_1,10596,176433,5.85,False
ScreenRecording_06-19-2026_21-33-55_1_010602.jpg,ScreenRecording_06-19-2026 21-33-55_1.MP4,ScreenRecording_06-19-2026_21-33-55_1,10602,176533,5.98,False
ScreenRecording_06-19-2026_21-33-55_1_010608.jpg,ScreenRecording_06-19-2026 21-33-55_1.MP4,ScreenRecording_06-19-2026_21-33-55_1,10608,176633,6.38,False
ScreenRecording_06-19-2026_21-33-55_1_010614.jpg,ScreenRecording_06-19-2026 21-33-55_1.MP4,ScreenRecording_06-19-2026_21-33-55_1,10614,176731,5.66,False
ScreenRecording_06-19-2026_21-33-55_1_010620.jpg,ScreenRecording_06-19-2026 21-33-55_1.MP4,ScreenRecording_06-19-2026_21-33-55_1,10620,176831,5.82,False
ScreenRecording_06-19-2026_21-33-55_1_010626.jpg,ScreenRecording_06-19-2026 21-33-55_1.MP4,ScreenRecording_06-19-2026_21-33-55_1,10626,176931,6.21,False
ScreenRecording_06-19-2026_21-33-55_1_010632.jpg,ScreenRecording_06-19-2026 21-33-55_1.MP4,ScreenRecording_06-19-2026_21-33-55_1,10632,177031,6.46,False
ScreenRecording_06-19-2026_21-33-55_1_010638.jpg,ScreenRecording_06-19-2026 21-33-55_1.MP4,ScreenRecording_06-19-2026_21-33-55_1,10638,177131,6.37,False
ScreenRecording_06-19-2026_21-33-55_1_010644.jpg,ScreenRecording_06-19-2026 21-33-55_1.MP4,ScreenRecording_06-19-2026_21-33-55_1,10644,177231,6.57,False
ScreenRecording_06-19-2026_21-33-55_1_010650.jpg,ScreenRecording_06-19-2026 21-33-55_1.MP4,ScreenRecording_06-19-2026_21-33-55_1,10650,177331,6.84,False
ScreenRecording_06-19-2026_21-33-55_1_010656.jpg,ScreenRecording_06-19-2026 21-33-55_1.MP4,ScreenRecording_06-19-2026_21-33-55_1,10656,177431,7.16,False
ScreenRecording_06-19-2026_21-33-55_1_010662.jpg,ScreenRecording_06-19-2026 21-33-55_1.MP4,ScreenRecording_06-19-2026_21-33-55_1,10662,177531,6.93,False
ScreenRecording_06-19-2026_21-33-55_1_010668.jpg,ScreenRecording_06-19-2026 21-33-55_1.MP4,ScreenRecording_06-19-2026_21-33-55_1,10668,177631,7.06,False
ScreenRecording_06-19-2026_21-33-55_1_010674.jpg,ScreenRecording_06-19-2026 21-33-55_1.MP4,ScreenRecording_06-19-2026_21-33-55_1,10674,177731,7.61,False
ScreenRecording_06-19-2026_21-33-55_1_010680.jpg,ScreenRecording_06-19-2026 21-33-55_1.MP4,ScreenRecording_06-19-2026_21-33-55_1,10680,177831,7.79,False
ScreenRecording_06-19-2026_21-33-55_1_010686.jpg,ScreenRecording_06-19-2026 21-33-55_1.MP4,ScreenRecording_06-19-2026_21-33-55_1,10686,177931,7.68,False
ScreenRecording_06-19-2026_21-33-55_1_010692.jpg,ScreenRecording_06-19-2026 21-33-55_1.MP4,ScreenRecording_06-19-2026_21-33-55_1,10692,178031,7.42,False
ScreenRecording_06-19-2026_21-33-55_1_010698.jpg,ScreenRecording_06-19-2026 21-33-55_1.MP4,ScreenRecording_06-19-2026_21-33-55_1,10698,178131,6.72,False
ScreenRecording_06-19-2026_21-33-55_1_010704.jpg,ScreenRecording_06-19-2026 21-33-55_1.MP4,ScreenRecording_06-19-2026_21-33-55_1,10704,178230,7.32,False
ScreenRecording_06-19-2026_21-33-55_1_010710.jpg,ScreenRecording_06-19-2026 21-33-55_1.MP4,ScreenRecording_06-19-2026_21-33-55_1,10710,178330,8.04,True
ScreenRecording_06-19-2026_21-33-55_1_010716.jpg,ScreenRecording_06-19-2026 21-33-55_1.MP4,ScreenRecording_06-19-2026_21-33-55_1,10716,178430,5.34,False
ScreenRecording_06-19-2026_21-33-55_1_010722.jpg,ScreenRecording_06-19-2026 21-33-55_1.MP4,ScreenRecording_06-19-2026_21-33-55_1,10722,178530,6.67,False
ScreenRecording_06-19-2026_21-33-55_1_010728.jpg,ScreenRecording_06-19-2026 21-33-55_1.MP4,ScreenRecording_06-19-2026_21-33-55_1,10728,178630,7.04,False
ScreenRecording_06-19-2026_21-33-55_1_010734.jpg,ScreenRecording_06-19-2026 21-33-55_1.MP4,ScreenRecording_06-19-2026_21-33-55_1,10734,178730,7.52,False
ScreenRecording_06-19-2026_21-33-55_1_010740.jpg,ScreenRecording_06-19-2026 21-33-55_1.MP4,ScreenRecording_06-19-2026_21-33-55_1,10740,178830,7.82,False
ScreenRecording_06-19-2026_21-33-55_1_010746.jpg,ScreenRecording_06-19-2026 21-33-55_1.MP4,ScreenRecording_06-19-2026_21-33-55_1,10746,178930,8.09,True
ScreenRecording_06-19-2026_21-33-55_1_010752.jpg,ScreenRecording_06-19-2026 21-33-55_1.MP4,ScreenRecording_06-19-2026_21-33-55_1,10752,179030,1.5,False
ScreenRecording_06-19-2026_21-33-55_1_010758.jpg,ScreenRecording_06-19-2026 21-33-55_1.MP4,ScreenRecording_06-19-2026_21-33-55_1,10758,179130,2.35,False
ScreenRecording_06-19-2026_21-33-55_1_010764.jpg,ScreenRecording_06-19-2026 21-33-55_1.MP4,ScreenRecording_06-19-2026_21-33-55_1,10764,179230,2.68,False
ScreenRecording_06-19-2026_21-33-55_1_010770.jpg,ScreenRecording_06-19-2026 21-33-55_1.MP4,ScreenRecording_06-19-2026_21-33-55_1,10770,179330,2.66,False
ScreenRecording_06-19-2026_21-33-55_1_010776.jpg,ScreenRecording_06-19-2026 21-33-55_1.MP4,ScreenRecording_06-19-2026_21-33-55_1,10776,179430,4.26,False
ScreenRecording_06-19-2026_21-33-55_1_010782.jpg,ScreenRecording_06-19-2026 21-33-55_1.MP4,ScreenRecording_06-19-2026_21-33-55_1,10782,179530,4.89,False
ScreenRecording_06-19-2026_21-33-55_1_010788.jpg,ScreenRecording_06-19-2026 21-33-55_1.MP4,ScreenRecording_06-19-2026_21-33-55_1,10788,179628,4.42,False
ScreenRecording_06-19-2026_21-33-55_1_010794.jpg,ScreenRecording_06-19-2026 21-33-55_1.MP4,ScreenRecording_06-19-2026_21-33-55_1,10794,179728,5.42,False
ScreenRecording_06-19-2026_21-33-55_1_010800.jpg,ScreenRecording_06-19-2026 21-33-55_1.MP4,ScreenRecording_06-19-2026_21-33-55_1,10800,179828,5.98,False
ScreenRecording_06-19-2026_21-33-55_1_010806.jpg,ScreenRecording_06-19-2026 21-33-55_1.MP4,ScreenRecording_06-19-2026_21-33-55_1,10806,179928,6.16,False
ScreenRecording_06-19-2026_21-33-55_1_010812.jpg,ScreenRecording_06-19-2026 21-33-55_1.MP4,ScreenRecording_06-19-2026_21-33-55_1,10812,180028,5.8,False
ScreenRecording_06-19-2026_21-33-55_1_010818.jpg,ScreenRecording_06-19-2026 21-33-55_1.MP4,ScreenRecording_06-19-2026_21-33-55_1,10818,180128,4.09,False
ScreenRecording_06-19-2026_21-33-55_1_010824.jpg,ScreenRecording_06-19-2026 21-33-55_1.MP4,ScreenRecording_06-19-2026_21-33-55_1,10824,180228,3.94,False
ScreenRecording_06-19-2026_21-33-55_1_010830.jpg,ScreenRecording_06-19-2026 21-33-55_1.MP4,ScreenRecording_06-19-2026_21-33-55_1,10830,180328,4.76,False
ScreenRecording_06-19-2026_21-33-55_1_010836.jpg,ScreenRecording_06-19-2026 21-33-55_1.MP4,ScreenRecording_06-19-2026_21-33-55_1,10836,180428,4.8,False
ScreenRecording_06-19-2026_21-33-55_1_010842.jpg,ScreenRecording_06-19-2026 21-33-55_1.MP4,ScreenRecording_06-19-2026_21-33-55_1,10842,180528,4.93,False
ScreenRecording_06-19-2026_21-33-55_1_010848.jpg,ScreenRecording_06-19-2026 21-33-55_1.MP4,ScreenRecording_06-19-2026_21-33-55_1,10848,180628,4.36,False
ScreenRecording_06-19-2026_21-33-55_1_010854.jpg,ScreenRecording_06-19-2026 21-33-55_1.MP4,ScreenRecording_06-19-2026_21-33-55_1,10854,180728,4.28,False
ScreenRecording_06-19-2026_21-33-55_1_010860.jpg,ScreenRecording_06-19-2026 21-33-55_1.MP4,ScreenRecording_06-19-2026_21-33-55_1,10860,180828,4.6,False
ScreenRecording_06-19-2026_21-33-55_1_010866.jpg,ScreenRecording_06-19-2026 21-33-55_1.MP4,ScreenRecording_06-19-2026_21-33-55_1,10866,180928,5.3,False
ScreenRecording_06-19-2026_21-33-55_1_010872.jpg,ScreenRecording_06-19-2026 21-33-55_1.MP4,ScreenRecording_06-19-2026_21-33-55_1,10872,181028,5.66,False
ScreenRecording_06-19-2026_21-33-55_1_010878.jpg,ScreenRecording_06-19-2026 21-33-55_1.MP4,ScreenRecording_06-19-2026_21-33-55_1,10878,181126,6.3,False
ScreenRecording_06-19-2026_21-33-55_1_010884.jpg,ScreenRecording_06-19-2026 21-33-55_1.MP4,ScreenRecording_06-19-2026_21-33-55_1,10884,181226,7.06,False
ScreenRecording_06-19-2026_21-33-55_1_010890.jpg,ScreenRecording_06-19-2026 21-33-55_1.MP4,ScreenRecording_06-19-2026_21-33-55_1,10890,181326,7.78,False
ScreenRecording_06-19-2026_21-33-55_1_010896.jpg,ScreenRecording_06-19-2026 21-33-55_1.MP4,ScreenRecording_06-19-2026_21-33-55_1,10896,181426,8.21,True
ScreenRecording_06-19-2026_21-33-55_1_010902.jpg,ScreenRecording_06-19-2026 21-33-55_1.MP4,ScreenRecording_06-19-2026_21-33-55_1,10902,181526,1.92,False
ScreenRecording_06-19-2026_21-33-55_1_010908.jpg,ScreenRecording_06-19-2026 21-33-55_1.MP4,ScreenRecording_06-19-2026_21-33-55_1,10908,181626,2.99,False
ScreenRecording_06-19-2026_21-33-55_1_010914.jpg,ScreenRecording_06-19-2026 21-33-55_1.MP4,ScreenRecording_06-19-2026_21-33-55_1,10914,181726,3.87,False
ScreenRecording_06-19-2026_21-33-55_1_010920.jpg,ScreenRecording_06-19-2026 21-33-55_1.MP4,ScreenRecording_06-19-2026_21-33-55_1,10920,181826,4.23,False
ScreenRecording_06-19-2026_21-33-55_1_010926.jpg,ScreenRecording_06-19-2026 21-33-55_1.MP4,ScreenRecording_06-19-2026_21-33-55_1,10926,181926,4.84,False
ScreenRecording_06-19-2026_21-33-55_1_010932.jpg,ScreenRecording_06-19-2026 21-33-55_1.MP4,ScreenRecording_06-19-2026_21-33-55_1,10932,182026,5.67,False
ScreenRecording_06-19-2026_21-33-55_1_010938.jpg,ScreenRecording_06-19-2026 21-33-55_1.MP4,ScreenRecording_06-19-2026_21-33-55_1,10938,182126,6.38,False
ScreenRecording_06-19-2026_21-33-55_1_010944.jpg,ScreenRecording_06-19-2026 21-33-55_1.MP4,ScreenRecording_06-19-2026_21-33-55_1,10944,182226,6.89,False
ScreenRecording_06-19-2026_21-33-55_1_010950.jpg,ScreenRecording_06-19-2026 21-33-55_1.MP4,ScreenRecording_06-19-2026_21-33-55_1,10950,182326,7.24,False
ScreenRecording_06-19-2026_21-33-55_1_010956.jpg,ScreenRecording_06-19-2026 21-33-55_1.MP4,ScreenRecording_06-19-2026_21-33-55_1,10956,182426,7.66,False
ScreenRecording_06-19-2026_21-33-55_1_010962.jpg,ScreenRecording_06-19-2026 21-33-55_1.MP4,ScreenRecording_06-19-2026_21-33-55_1,10962,182525,7.63,False
ScreenRecording_06-19-2026_21-33-55_1_010968.jpg,ScreenRecording_06-19-2026 21-33-55_1.MP4,ScreenRecording_06-19-2026_21-33-55_1,10968,182625,7.74,False
ScreenRecording_06-19-2026_21-33-55_1_010974.jpg,ScreenRecording_06-19-2026 21-33-55_1.MP4,ScreenRecording_06-19-2026_21-33-55_1,10974,182725,8.01,True
ScreenRecording_06-19-2026_21-33-55_1_010980.jpg,ScreenRecording_06-19-2026 21-33-55_1.MP4,ScreenRecording_06-19-2026_21-33-55_1,10980,182825,2.68,False
ScreenRecording_06-19-2026_21-33-55_1_010986.jpg,ScreenRecording_06-19-2026 21-33-55_1.MP4,ScreenRecording_06-19-2026_21-33-55_1,10986,182925,3.98,False
ScreenRecording_06-19-2026_21-33-55_1_010992.jpg,ScreenRecording_06-19-2026 21-33-55_1.MP4,ScreenRecording_06-19-2026_21-33-55_1,10992,183025,4.55,False
ScreenRecording_06-19-2026_21-33-55_1_010998.jpg,ScreenRecording_06-19-2026 21-33-55_1.MP4,ScreenRecording_06-19-2026_21-33-55_1,10998,183125,4.78,False
ScreenRecording_06-19-2026_21-33-55_1_011004.jpg,ScreenRecording_06-19-2026 21-33-55_1.MP4,ScreenRecording_06-19-2026_21-33-55_1,11004,183225,4.92,False
ScreenRecording_06-19-2026_21-33-55_1_011010.jpg,ScreenRecording_06-19-2026 21-33-55_1.MP4,ScreenRecording_06-19-2026_21-33-55_1,11010,183325,4.98,False
ScreenRecording_06-19-2026_21-33-55_1_011016.jpg,ScreenRecording_06-19-2026 21-33-55_1.MP4,ScreenRecording_06-19-2026_21-33-55_1,11016,183425,4.8,False
ScreenRecording_06-19-2026_21-33-55_1_011022.jpg,ScreenRecording_06-19-2026 21-33-55_1.MP4,ScreenRecording_06-19-2026_21-33-55_1,11022,183525,4.99,False
ScreenRecording_06-19-2026_21-33-55_1_011028.jpg,ScreenRecording_06-19-2026 21-33-55_1.MP4,ScreenRecording_06-19-2026_21-33-55_1,11028,183625,5.79,False
ScreenRecording_06-19-2026_21-33-55_1_011034.jpg,ScreenRecording_06-19-2026 21-33-55_1.MP4,ScreenRecording_06-19-2026_21-33-55_1,11034,183725,6.07,False
ScreenRecording_06-19-2026_21-33-55_1_011040.jpg,ScreenRecording_06-19-2026 21-33-55_1.MP4,ScreenRecording_06-19-2026_21-33-55_1,11040,183825,5.52,False
ScreenRecording_06-19-2026_21-33-55_1_011046.jpg,ScreenRecording_06-19-2026 21-33-55_1.MP4,ScreenRecording_06-19-2026_21-33-55_1,11046,183925,4.59,False
ScreenRecording_06-19-2026_21-33-55_1_011052.jpg,ScreenRecording_06-19-2026 21-33-55_1.MP4,ScreenRecording_06-19-2026_21-33-55_1,11052,184023,4.02,False
ScreenRecording_06-19-2026_21-33-55_1_011058.jpg,ScreenRecording_06-19-2026 21-33-55_1.MP4,ScreenRecording_06-19-2026_21-33-55_1,11058,184123,4.27,False
ScreenRecording_06-19-2026_21-33-55_1_011064.jpg,ScreenRecording_06-19-2026 21-33-55_1.MP4,ScreenRecording_06-19-2026_21-33-55_1,11064,184223,5.28,False
ScreenRecording_06-19-2026_21-33-55_1_011070.jpg,ScreenRecording_06-19-2026 21-33-55_1.MP4,ScreenRecording_06-19-2026_21-33-55_1,11070,184323,5.7,False
ScreenRecording_06-19-2026_21-33-55_1_011076.jpg,ScreenRecording_06-19-2026 21-33-55_1.MP4,ScreenRecording_06-19-2026_21-33-55_1,11076,184423,7.27,False
ScreenRecording_06-19-2026_21-33-55_1_011082.jpg,ScreenRecording_06-19-2026 21-33-55_1.MP4,ScreenRecording_06-19-2026_21-33-55_1,11082,184523,8.05,True
ScreenRecording_06-19-2026_21-33-55_1_011088.jpg,ScreenRecording_06-19-2026 21-33-55_1.MP4,ScreenRecording_06-19-2026_21-33-55_1,11088,184623,3.94,False
ScreenRecording_06-19-2026_21-33-55_1_011094.jpg,ScreenRecording_06-19-2026 21-33-55_1.MP4,ScreenRecording_06-19-2026_21-33-55_1,11094,184723,5.03,False
ScreenRecording_06-19-2026_21-33-55_1_011100.jpg,ScreenRecording_06-19-2026 21-33-55_1.MP4,ScreenRecording_06-19-2026_21-33-55_1,11100,184823,5.03,False
ScreenRecording_06-19-2026_21-33-55_1_011106.jpg,ScreenRecording_06-19-2026 21-33-55_1.MP4,ScreenRecording_06-19-2026_21-33-55_1,11106,184923,3.59,False
ScreenRecording_06-19-2026_21-33-55_1_011112.jpg,ScreenRecording_06-19-2026 21-33-55_1.MP4,ScreenRecording_06-19-2026_21-33-55_1,11112,185023,5.41,False
ScreenRecording_06-19-2026_21-33-55_1_011118.jpg,ScreenRecording_06-19-2026 21-33-55_1.MP4,ScreenRecording_06-19-2026_21-33-55_1,11118,185123,6.87,False
ScreenRecording_06-19-2026_21-33-55_1_011124.jpg,ScreenRecording_06-19-2026 21-33-55_1.MP4,ScreenRecording_06-19-2026_21-33-55_1,11124,185223,4.64,False
ScreenRecording_06-19-2026_21-33-55_1_011130.jpg,ScreenRecording_06-19-2026 21-33-55_1.MP4,ScreenRecording_06-19-2026_21-33-55_1,11130,185323,3.93,False
ScreenRecording_06-19-2026_21-33-55_1_011136.jpg,ScreenRecording_06-19-2026 21-33-55_1.MP4,ScreenRecording_06-19-2026_21-33-55_1,11136,185421,4.63,False
ScreenRecording_06-19-2026_21-33-55_1_011142.jpg,ScreenRecording_06-19-2026 21-33-55_1.MP4,ScreenRecording_06-19-2026_21-33-55_1,11142,185521,5.4,False
ScreenRecording_06-19-2026_21-33-55_1_011148.jpg,ScreenRecording_06-19-2026 21-33-55_1.MP4,ScreenRecording_06-19-2026_21-33-55_1,11148,185621,5.22,False
ScreenRecording_06-19-2026_21-33-55_1_011154.jpg,ScreenRecording_06-19-2026 21-33-55_1.MP4,ScreenRecording_06-19-2026_21-33-55_1,11154,185721,5.01,False
ScreenRecording_06-19-2026_21-33-55_1_011160.jpg,ScreenRecording_06-19-2026 21-33-55_1.MP4,ScreenRecording_06-19-2026_21-33-55_1,11160,185821,4.79,False
ScreenRecording_06-19-2026_21-33-55_1_011166.jpg,ScreenRecording_06-19-2026 21-33-55_1.MP4,ScreenRecording_06-19-2026_21-33-55_1,11166,185921,6.21,False
ScreenRecording_06-19-2026_21-33-55_1_011172.jpg,ScreenRecording_06-19-2026 21-33-55_1.MP4,ScreenRecording_06-19-2026_21-33-55_1,11172,186021,4.88,False
ScreenRecording_06-19-2026_21-33-55_1_011178.jpg,ScreenRecording_06-19-2026 21-33-55_1.MP4,ScreenRecording_06-19-2026_21-33-55_1,11178,186121,3.77,False
ScreenRecording_06-19-2026_21-33-55_1_011184.jpg,ScreenRecording_06-19-2026 21-33-55_1.MP4,ScreenRecording_06-19-2026_21-33-55_1,11184,186221,4.36,False
ScreenRecording_06-19-2026_21-33-55_1_011190.jpg,ScreenRecording_06-19-2026 21-33-55_1.MP4,ScreenRecording_06-19-2026_21-33-55_1,11190,186321,5.03,False
ScreenRecording_06-19-2026_21-33-55_1_011196.jpg,ScreenRecording_06-19-2026 21-33-55_1.MP4,ScreenRecording_06-19-2026_21-33-55_1,11196,186421,4.87,False
ScreenRecording_06-19-2026_21-33-55_1_011202.jpg,ScreenRecording_06-19-2026 21-33-55_1.MP4,ScreenRecording_06-19-2026_21-33-55_1,11202,186521,4.72,False
ScreenRecording_06-19-2026_21-33-55_1_011208.jpg,ScreenRecording_06-19-2026 21-33-55_1.MP4,ScreenRecording_06-19-2026_21-33-55_1,11208,186621,5.07,False
ScreenRecording_06-19-2026_21-33-55_1_011214.jpg,ScreenRecording_06-19-2026 21-33-55_1.MP4,ScreenRecording_06-19-2026_21-33-55_1,11214,186721,6.24,False
ScreenRecording_06-19-2026_21-33-55_1_011220.jpg,ScreenRecording_06-19-2026 21-33-55_1.MP4,ScreenRecording_06-19-2026_21-33-55_1,11220,186820,6.84,False
ScreenRecording_06-19-2026_21-33-55_1_011226.jpg,ScreenRecording_06-19-2026 21-33-55_1.MP4,ScreenRecording_06-19-2026_21-33-55_1,11226,186920,7.55,False
ScreenRecording_06-19-2026_21-33-55_1_011232.jpg,ScreenRecording_06-19-2026 21-33-55_1.MP4,ScreenRecording_06-19-2026_21-33-55_1,11232,187020,8.06,True
ScreenRecording_06-19-2026_21-33-55_1_011238.jpg,ScreenRecording_06-19-2026 21-33-55_1.MP4,ScreenRecording_06-19-2026_21-33-55_1,11238,187120,1.98,False
ScreenRecording_06-19-2026_21-33-55_1_011244.jpg,ScreenRecording_06-19-2026 21-33-55_1.MP4,ScreenRecording_06-19-2026_21-33-55_1,11244,187220,3.69,False
ScreenRecording_06-19-2026_21-33-55_1_011250.jpg,ScreenRecording_06-19-2026 21-33-55_1.MP4,ScreenRecording_06-19-2026_21-33-55_1,11250,187320,3.21,False
ScreenRecording_06-19-2026_21-33-55_1_011256.jpg,ScreenRecording_06-19-2026 21-33-55_1.MP4,ScreenRecording_06-19-2026_21-33-55_1,11256,187420,3.27,False
ScreenRecording_06-19-2026_21-33-55_1_011262.jpg,ScreenRecording_06-19-2026 21-33-55_1.MP4,ScreenRecording_06-19-2026_21-33-55_1,11262,187520,3.33,False
ScreenRecording_06-19-2026_21-33-55_1_011268.jpg,ScreenRecording_06-19-2026 21-33-55_1.MP4,ScreenRecording_06-19-2026_21-33-55_1,11268,187620,3.7,False
ScreenRecording_06-19-2026_21-33-55_1_011274.jpg,ScreenRecording_06-19-2026 21-33-55_1.MP4,ScreenRecording_06-19-2026_21-33-55_1,11274,187720,5.0,False
ScreenRecording_06-19-2026_21-33-55_1_011280.jpg,ScreenRecording_06-19-2026 21-33-55_1.MP4,ScreenRecording_06-19-2026_21-33-55_1,11280,187820,6.46,False
ScreenRecording_06-19-2026_21-33-55_1_011286.jpg,ScreenRecording_06-19-2026 21-33-55_1.MP4,ScreenRecording_06-19-2026_21-33-55_1,11286,187920,7.35,False
ScreenRecording_06-19-2026_21-33-55_1_011292.jpg,ScreenRecording_06-19-2026 21-33-55_1.MP4,ScreenRecording_06-19-2026_21-33-55_1,11292,188020,8.42,True
ScreenRecording_06-19-2026_21-33-55_1_011298.jpg,ScreenRecording_06-19-2026 21-33-55_1.MP4,ScreenRecording_06-19-2026_21-33-55_1,11298,188120,3.0,False
ScreenRecording_06-19-2026_21-33-55_1_011304.jpg,ScreenRecording_06-19-2026 21-33-55_1.MP4,ScreenRecording_06-19-2026_21-33-55_1,11304,188220,3.7,False
ScreenRecording_06-19-2026_21-33-55_1_011310.jpg,ScreenRecording_06-19-2026 21-33-55_1.MP4,ScreenRecording_06-19-2026_21-33-55_1,11310,188320,4.2,False
ScreenRecording_06-19-2026_21-33-55_1_011316.jpg,ScreenRecording_06-19-2026 21-33-55_1.MP4,ScreenRecording_06-19-2026_21-33-55_1,11316,188418,4.86,False
ScreenRecording_06-19-2026_21-33-55_1_011322.jpg,ScreenRecording_06-19-2026 21-33-55_1.MP4,ScreenRecording_06-19-2026_21-33-55_1,11322,188518,5.45,False
ScreenRecording_06-19-2026_21-33-55_1_011328.jpg,ScreenRecording_06-19-2026 21-33-55_1.MP4,ScreenRecording_06-19-2026_21-33-55_1,11328,188618,5.53,False
ScreenRecording_06-19-2026_21-33-55_1_011334.jpg,ScreenRecording_06-19-2026 21-33-55_1.MP4,ScreenRecording_06-19-2026_21-33-55_1,11334,188718,5.67,False
ScreenRecording_06-19-2026_21-33-55_1_011340.jpg,ScreenRecording_06-19-2026 21-33-55_1.MP4,ScreenRecording_06-19-2026_21-33-55_1,11340,188818,5.6,False
ScreenRecording_06-19-2026_21-33-55_1_011346.jpg,ScreenRecording_06-19-2026 21-33-55_1.MP4,ScreenRecording_06-19-2026_21-33-55_1,11346,188918,5.75,False
ScreenRecording_06-19-2026_21-33-55_1_011352.jpg,ScreenRecording_06-19-2026 21-33-55_1.MP4,ScreenRecording_06-19-2026_21-33-55_1,11352,189018,6.16,False
ScreenRecording_06-19-2026_21-33-55_1_011358.jpg,ScreenRecording_06-19-2026 21-33-55_1.MP4,ScreenRecording_06-19-2026_21-33-55_1,11358,189118,6.59,False
ScreenRecording_06-19-2026_21-33-55_1_011364.jpg,ScreenRecording_06-19-2026 21-33-55_1.MP4,ScreenRecording_06-19-2026_21-33-55_1,11364,189218,6.8,False
ScreenRecording_06-19-2026_21-33-55_1_011370.jpg,ScreenRecording_06-19-2026 21-33-55_1.MP4,ScreenRecording_06-19-2026_21-33-55_1,11370,189318,7.5,False
ScreenRecording_06-19-2026_21-33-55_1_011376.jpg,ScreenRecording_06-19-2026 21-33-55_1.MP4,ScreenRecording_06-19-2026_21-33-55_1,11376,189418,7.87,False
ScreenRecording_06-19-2026_21-33-55_1_011382.jpg,ScreenRecording_06-19-2026 21-33-55_1.MP4,ScreenRecording_06-19-2026_21-33-55_1,11382,189518,8.02,True
ScreenRecording_06-19-2026_21-33-55_1_011388.jpg,ScreenRecording_06-19-2026 21-33-55_1.MP4,ScreenRecording_06-19-2026_21-33-55_1,11388,189618,1.34,False
ScreenRecording_06-19-2026_21-33-55_1_011394.jpg,ScreenRecording_06-19-2026 21-33-55_1.MP4,ScreenRecording_06-19-2026_21-33-55_1,11394,189718,1.74,False
ScreenRecording_06-19-2026_21-33-55_1_011400.jpg,ScreenRecording_06-19-2026 21-33-55_1.MP4,ScreenRecording_06-19-2026_21-33-55_1,11400,189818,2.46,False
ScreenRecording_06-19-2026_21-33-55_1_011406.jpg,ScreenRecording_06-19-2026 21-33-55_1.MP4,ScreenRecording_06-19-2026_21-33-55_1,11406,189916,3.56,False
ScreenRecording_06-19-2026_21-33-55_1_011412.jpg,ScreenRecording_06-19-2026 21-33-55_1.MP4,ScreenRecording_06-19-2026_21-33-55_1,11412,190016,4.58,False
ScreenRecording_06-19-2026_21-33-55_1_011418.jpg,ScreenRecording_06-19-2026 21-33-55_1.MP4,ScreenRecording_06-19-2026_21-33-55_1,11418,190116,5.15,False
ScreenRecording_06-19-2026_21-33-55_1_011424.jpg,ScreenRecording_06-19-2026 21-33-55_1.MP4,ScreenRecording_06-19-2026_21-33-55_1,11424,190216,5.22,False
ScreenRecording_06-19-2026_21-33-55_1_011430.jpg,ScreenRecording_06-19-2026 21-33-55_1.MP4,ScreenRecording_06-19-2026_21-33-55_1,11430,190316,5.02,False
ScreenRecording_06-19-2026_21-33-55_1_011436.jpg,ScreenRecording_06-19-2026 21-33-55_1.MP4,ScreenRecording_06-19-2026_21-33-55_1,11436,190416,4.81,False
ScreenRecording_06-19-2026_21-33-55_1_011442.jpg,ScreenRecording_06-19-2026 21-33-55_1.MP4,ScreenRecording_06-19-2026_21-33-55_1,11442,190516,5.41,False
ScreenRecording_06-19-2026_21-33-55_1_011448.jpg,ScreenRecording_06-19-2026 21-33-55_1.MP4,ScreenRecording_06-19-2026_21-33-55_1,11448,190616,4.96,False
ScreenRecording_06-19-2026_21-33-55_1_011454.jpg,ScreenRecording_06-19-2026 21-33-55_1.MP4,ScreenRecording_06-19-2026_21-33-55_1,11454,190716,5.22,False
ScreenRecording_06-19-2026_21-33-55_1_011460.jpg,ScreenRecording_06-19-2026 21-33-55_1.MP4,ScreenRecording_06-19-2026_21-33-55_1,11460,190816,5.69,False
ScreenRecording_06-19-2026_21-33-55_1_011466.jpg,ScreenRecording_06-19-2026 21-33-55_1.MP4,ScreenRecording_06-19-2026_21-33-55_1,11466,190916,5.98,False
ScreenRecording_06-19-2026_21-33-55_1_011472.jpg,ScreenRecording_06-19-2026 21-33-55_1.MP4,ScreenRecording_06-19-2026_21-33-55_1,11472,191016,5.76,False
ScreenRecording_06-19-2026_21-33-55_1_011478.jpg,ScreenRecording_06-19-2026 21-33-55_1.MP4,ScreenRecording_06-19-2026_21-33-55_1,11478,191116,4.57,False
ScreenRecording_06-19-2026_21-33-55_1_011484.jpg,ScreenRecording_06-19-2026 21-33-55_1.MP4,ScreenRecording_06-19-2026_21-33-55_1,11484,191216,4.49,False
ScreenRecording_06-19-2026_21-33-55_1_011490.jpg,ScreenRecording_06-19-2026 21-33-55_1.MP4,ScreenRecording_06-19-2026_21-33-55_1,11490,191316,5.1,False
ScreenRecording_06-19-2026_21-33-55_1_011496.jpg,ScreenRecording_06-19-2026 21-33-55_1.MP4,ScreenRecording_06-19-2026_21-33-55_1,11496,191415,5.26,False
ScreenRecording_06-19-2026_21-33-55_1_011502.jpg,ScreenRecording_06-19-2026 21-33-55_1.MP4,ScreenRecording_06-19-2026_21-33-55_1,11502,191515,5.34,False
ScreenRecording_06-19-2026_21-33-55_1_011508.jpg,ScreenRecording_06-19-2026 21-33-55_1.MP4,ScreenRecording_06-19-2026_21-33-55_1,11508,191615,5.59,False
ScreenRecording_06-19-2026_21-33-55_1_011514.jpg,ScreenRecording_06-19-2026 21-33-55_1.MP4,ScreenRecording_06-19-2026_21-33-55_1,11514,191715,5.99,False
ScreenRecording_06-19-2026_21-33-55_1_011520.jpg,ScreenRecording_06-19-2026 21-33-55_1.MP4,ScreenRecording_06-19-2026_21-33-55_1,11520,191815,6.12,False
ScreenRecording_06-19-2026_21-33-55_1_011526.jpg,ScreenRecording_06-19-2026 21-33-55_1.MP4,ScreenRecording_06-19-2026_21-33-55_1,11526,191915,6.18,False
ScreenRecording_06-19-2026_21-33-55_1_011532.jpg,ScreenRecording_06-19-2026 21-33-55_1.MP4,ScreenRecording_06-19-2026_21-33-55_1,11532,192015,6.68,False
ScreenRecording_06-19-2026_21-33-55_1_011538.jpg,ScreenRecording_06-19-2026 21-33-55_1.MP4,ScreenRecording_06-19-2026_21-33-55_1,11538,192115,6.89,False
ScreenRecording_06-19-2026_21-33-55_1_011544.jpg,ScreenRecording_06-19-2026 21-33-55_1.MP4,ScreenRecording_06-19-2026_21-33-55_1,11544,192215,7.02,False
ScreenRecording_06-19-2026_21-33-55_1_011550.jpg,ScreenRecording_06-19-2026 21-33-55_1.MP4,ScreenRecording_06-19-2026_21-33-55_1,11550,192315,6.99,False
ScreenRecording_06-19-2026_21-33-55_1_011556.jpg,ScreenRecording_06-19-2026 21-33-55_1.MP4,ScreenRecording_06-19-2026_21-33-55_1,11556,192415,7.04,False
ScreenRecording_06-19-2026_21-33-55_1_011562.jpg,ScreenRecording_06-19-2026 21-33-55_1.MP4,ScreenRecording_06-19-2026_21-33-55_1,11562,192515,7.11,False
ScreenRecording_06-19-2026_21-33-55_1_011568.jpg,ScreenRecording_06-19-2026 21-33-55_1.MP4,ScreenRecording_06-19-2026_21-33-55_1,11568,192615,7.34,False
ScreenRecording_06-19-2026_21-33-55_1_011574.jpg,ScreenRecording_06-19-2026 21-33-55_1.MP4,ScreenRecording_06-19-2026_21-33-55_1,11574,192715,7.07,False
ScreenRecording_06-19-2026_21-33-55_1_011580.jpg,ScreenRecording_06-19-2026 21-33-55_1.MP4,ScreenRecording_06-19-2026_21-33-55_1,11580,192813,6.24,False
ScreenRecording_06-19-2026_21-33-55_1_011586.jpg,ScreenRecording_06-19-2026 21-33-55_1.MP4,ScreenRecording_06-19-2026_21-33-55_1,11586,192913,6.52,False
ScreenRecording_06-19-2026_21-33-55_1_011592.jpg,ScreenRecording_06-19-2026 21-33-55_1.MP4,ScreenRecording_06-19-2026_21-33-55_1,11592,193013,6.76,False
ScreenRecording_06-19-2026_21-33-55_1_011598.jpg,ScreenRecording_06-19-2026 21-33-55_1.MP4,ScreenRecording_06-19-2026_21-33-55_1,11598,193113,6.33,False
ScreenRecording_06-19-2026_21-33-55_1_011604.jpg,ScreenRecording_06-19-2026 21-33-55_1.MP4,ScreenRecording_06-19-2026_21-33-55_1,11604,193213,7.04,False
ScreenRecording_06-19-2026_21-33-55_1_011610.jpg,ScreenRecording_06-19-2026 21-33-55_1.MP4,ScreenRecording_06-19-2026_21-33-55_1,11610,193313,7.45,False
ScreenRecording_06-19-2026_21-33-55_1_011616.jpg,ScreenRecording_06-19-2026 21-33-55_1.MP4,ScreenRecording_06-19-2026_21-33-55_1,11616,193413,7.72,False
ScreenRecording_06-19-2026_21-33-55_1_011622.jpg,ScreenRecording_06-19-2026 21-33-55_1.MP4,ScreenRecording_06-19-2026_21-33-55_1,11622,193513,7.66,False
ScreenRecording_06-19-2026_21-33-55_1_011628.jpg,ScreenRecording_06-19-2026 21-33-55_1.MP4,ScreenRecording_06-19-2026_21-33-55_1,11628,193613,6.9,False
ScreenRecording_06-19-2026_21-33-55_1_011634.jpg,ScreenRecording_06-19-2026 21-33-55_1.MP4,ScreenRecording_06-19-2026_21-33-55_1,11634,193713,6.31,False
ScreenRecording_06-19-2026_21-33-55_1_011640.jpg,ScreenRecording_06-19-2026 21-33-55_1.MP4,ScreenRecording_06-19-2026_21-33-55_1,11640,193813,6.35,False
ScreenRecording_06-19-2026_21-33-55_1_011646.jpg,ScreenRecording_06-19-2026 21-33-55_1.MP4,ScreenRecording_06-19-2026_21-33-55_1,11646,193913,6.84,False
ScreenRecording_06-19-2026_21-33-55_1_011652.jpg,ScreenRecording_06-19-2026 21-33-55_1.MP4,ScreenRecording_06-19-2026_21-33-55_1,11652,194013,7.69,False
ScreenRecording_06-19-2026_21-33-55_1_011658.jpg,ScreenRecording_06-19-2026 21-33-55_1.MP4,ScreenRecording_06-19-2026_21-33-55_1,11658,194113,8.66,True
ScreenRecording_06-19-2026_21-33-55_1_011664.jpg,ScreenRecording_06-19-2026 21-33-55_1.MP4,ScreenRecording_06-19-2026_21-33-55_1,11664,194213,2.87,False
ScreenRecording_06-19-2026_21-33-55_1_011670.jpg,ScreenRecording_06-19-2026 21-33-55_1.MP4,ScreenRecording_06-19-2026_21-33-55_1,11670,194311,4.51,False
ScreenRecording_06-19-2026_21-33-55_1_011676.jpg,ScreenRecording_06-19-2026 21-33-55_1.MP4,ScreenRecording_06-19-2026_21-33-55_1,11676,194411,6.08,False
ScreenRecording_06-19-2026_21-33-55_1_011682.jpg,ScreenRecording_06-19-2026 21-33-55_1.MP4,ScreenRecording_06-19-2026_21-33-55_1,11682,194511,7.94,False
ScreenRecording_06-19-2026_21-33-55_1_011688.jpg,ScreenRecording_06-19-2026 21-33-55_1.MP4,ScreenRecording_06-19-2026_21-33-55_1,11688,194611,8.35,True
ScreenRecording_06-19-2026_21-33-55_1_011694.jpg,ScreenRecording_06-19-2026 21-33-55_1.MP4,ScreenRecording_06-19-2026_21-33-55_1,11694,194711,3.02,False
ScreenRecording_06-19-2026_21-33-55_1_011700.jpg,ScreenRecording_06-19-2026 21-33-55_1.MP4,ScreenRecording_06-19-2026_21-33-55_1,11700,194811,3.95,False
ScreenRecording_06-19-2026_21-33-55_1_011706.jpg,ScreenRecording_06-19-2026 21-33-55_1.MP4,ScreenRecording_06-19-2026_21-33-55_1,11706,194911,4.81,False
ScreenRecording_06-19-2026_21-33-55_1_011712.jpg,ScreenRecording_06-19-2026 21-33-55_1.MP4,ScreenRecording_06-19-2026_21-33-55_1,11712,195011,6.08,False
ScreenRecording_06-19-2026_21-33-55_1_011718.jpg,ScreenRecording_06-19-2026 21-33-55_1.MP4,ScreenRecording_06-19-2026_21-33-55_1,11718,195111,7.31,False
ScreenRecording_06-19-2026_21-33-55_1_011724.jpg,ScreenRecording_06-19-2026 21-33-55_1.MP4,ScreenRecording_06-19-2026_21-33-55_1,11724,195211,8.13,True
ScreenRecording_06-19-2026_21-33-55_1_011730.jpg,ScreenRecording_06-19-2026 21-33-55_1.MP4,ScreenRecording_06-19-2026_21-33-55_1,11730,195311,4.92,False
ScreenRecording_06-19-2026_21-33-55_1_011736.jpg,ScreenRecording_06-19-2026 21-33-55_1.MP4,ScreenRecording_06-19-2026_21-33-55_1,11736,195411,8.84,True
ScreenRecording_06-19-2026_21-33-55_1_011742.jpg,ScreenRecording_06-19-2026 21-33-55_1.MP4,ScreenRecording_06-19-2026_21-33-55_1,11742,195511,3.76,False
ScreenRecording_06-19-2026_21-33-55_1_011748.jpg,ScreenRecording_06-19-2026 21-33-55_1.MP4,ScreenRecording_06-19-2026_21-33-55_1,11748,195611,3.79,False
ScreenRecording_06-19-2026_21-33-55_1_011754.jpg,ScreenRecording_06-19-2026 21-33-55_1.MP4,ScreenRecording_06-19-2026_21-33-55_1,11754,195711,4.93,False
ScreenRecording_06-19-2026_21-33-55_1_011760.jpg,ScreenRecording_06-19-2026 21-33-55_1.MP4,ScreenRecording_06-19-2026_21-33-55_1,11760,195810,6.52,False
ScreenRecording_06-19-2026_21-33-55_1_011766.jpg,ScreenRecording_06-19-2026 21-33-55_1.MP4,ScreenRecording_06-19-2026_21-33-55_1,11766,195910,7.51,False
ScreenRecording_06-19-2026_21-33-55_1_011772.jpg,ScreenRecording_06-19-2026 21-33-55_1.MP4,ScreenRecording_06-19-2026_21-33-55_1,11772,196010,7.81,False
ScreenRecording_06-19-2026_21-33-55_1_011778.jpg,ScreenRecording_06-19-2026 21-33-55_1.MP4,ScreenRecording_06-19-2026_21-33-55_1,11778,196110,7.69,False
ScreenRecording_06-19-2026_21-33-55_1_011784.jpg,ScreenRecording_06-19-2026 21-33-55_1.MP4,ScreenRecording_06-19-2026_21-33-55_1,11784,196210,7.18,False
ScreenRecording_06-19-2026_21-33-55_1_011790.jpg,ScreenRecording_06-19-2026 21-33-55_1.MP4,ScreenRecording_06-19-2026_21-33-55_1,11790,196310,6.47,False
ScreenRecording_06-19-2026_21-33-55_1_011796.jpg,ScreenRecording_06-19-2026 21-33-55_1.MP4,ScreenRecording_06-19-2026_21-33-55_1,11796,196410,6.33,False
ScreenRecording_06-19-2026_21-33-55_1_011802.jpg,ScreenRecording_06-19-2026 21-33-55_1.MP4,ScreenRecording_06-19-2026_21-33-55_1,11802,196510,6.5,False
ScreenRecording_06-19-2026_21-33-55_1_011808.jpg,ScreenRecording_06-19-2026 21-33-55_1.MP4,ScreenRecording_06-19-2026_21-33-55_1,11808,196610,7.02,False
ScreenRecording_06-19-2026_21-33-55_1_011814.jpg,ScreenRecording_06-19-2026 21-33-55_1.MP4,ScreenRecording_06-19-2026_21-33-55_1,11814,196710,7.51,False
ScreenRecording_06-19-2026_21-33-55_1_011820.jpg,ScreenRecording_06-19-2026 21-33-55_1.MP4,ScreenRecording_06-19-2026_21-33-55_1,11820,196810,7.43,False
ScreenRecording_06-19-2026_21-33-55_1_011826.jpg,ScreenRecording_06-19-2026 21-33-55_1.MP4,ScreenRecording_06-19-2026_21-33-55_1,11826,196910,7.01,False
ScreenRecording_06-19-2026_21-33-55_1_011832.jpg,ScreenRecording_06-19-2026 21-33-55_1.MP4,ScreenRecording_06-19-2026_21-33-55_1,11832,197010,6.04,False
ScreenRecording_06-19-2026_21-33-55_1_011838.jpg,ScreenRecording_06-19-2026 21-33-55_1.MP4,ScreenRecording_06-19-2026_21-33-55_1,11838,197110,5.07,False
ScreenRecording_06-19-2026_21-33-55_1_011844.jpg,ScreenRecording_06-19-2026 21-33-55_1.MP4,ScreenRecording_06-19-2026_21-33-55_1,11844,197210,4.83,False
ScreenRecording_06-19-2026_21-33-55_1_011850.jpg,ScreenRecording_06-19-2026 21-33-55_1.MP4,ScreenRecording_06-19-2026_21-33-55_1,11850,197310,4.85,False
ScreenRecording_06-19-2026_21-33-55_1_011856.jpg,ScreenRecording_06-19-2026 21-33-55_1.MP4,ScreenRecording_06-19-2026_21-33-55_1,11856,197408,4.69,False
ScreenRecording_06-19-2026_21-33-55_1_011862.jpg,ScreenRecording_06-19-2026 21-33-55_1.MP4,ScreenRecording_06-19-2026_21-33-55_1,11862,197508,4.58,False
ScreenRecording_06-19-2026_21-33-55_1_011868.jpg,ScreenRecording_06-19-2026 21-33-55_1.MP4,ScreenRecording_06-19-2026_21-33-55_1,11868,197608,5.1,False
ScreenRecording_06-19-2026_21-33-55_1_011874.jpg,ScreenRecording_06-19-2026 21-33-55_1.MP4,ScreenRecording_06-19-2026_21-33-55_1,11874,197708,5.48,False
ScreenRecording_06-19-2026_21-33-55_1_011880.jpg,ScreenRecording_06-19-2026 21-33-55_1.MP4,ScreenRecording_06-19-2026_21-33-55_1,11880,197808,6.06,False
ScreenRecording_06-19-2026_21-33-55_1_011886.jpg,ScreenRecording_06-19-2026 21-33-55_1.MP4,ScreenRecording_06-19-2026_21-33-55_1,11886,197908,5.82,False
ScreenRecording_06-19-2026_21-33-55_1_011892.jpg,ScreenRecording_06-19-2026 21-33-55_1.MP4,ScreenRecording_06-19-2026_21-33-55_1,11892,198008,5.45,False
ScreenRecording_06-19-2026_21-33-55_1_011898.jpg,ScreenRecording_06-19-2026 21-33-55_1.MP4,ScreenRecording_06-19-2026_21-33-55_1,11898,198108,5.41,False
ScreenRecording_06-19-2026_21-33-55_1_011904.jpg,ScreenRecording_06-19-2026 21-33-55_1.MP4,ScreenRecording_06-19-2026_21-33-55_1,11904,198208,5.49,False
ScreenRecording_06-19-2026_21-33-55_1_011910.jpg,ScreenRecording_06-19-2026 21-33-55_1.MP4,ScreenRecording_06-19-2026_21-33-55_1,11910,198308,6.4,False
ScreenRecording_06-19-2026_21-33-55_1_011916.jpg,ScreenRecording_06-19-2026 21-33-55_1.MP4,ScreenRecording_06-19-2026_21-33-55_1,11916,198408,7.59,False
ScreenRecording_06-19-2026_21-33-55_1_011922.jpg,ScreenRecording_06-19-2026 21-33-55_1.MP4,ScreenRecording_06-19-2026_21-33-55_1,11922,198508,8.18,True
ScreenRecording_06-19-2026_21-33-55_1_011928.jpg,ScreenRecording_06-19-2026 21-33-55_1.MP4,ScreenRecording_06-19-2026_21-33-55_1,11928,198608,3.56,False
ScreenRecording_06-19-2026_21-33-55_1_011934.jpg,ScreenRecording_06-19-2026 21-33-55_1.MP4,ScreenRecording_06-19-2026_21-33-55_1,11934,198708,6.2,False
ScreenRecording_06-19-2026_21-33-55_1_011940.jpg,ScreenRecording_06-19-2026 21-33-55_1.MP4,ScreenRecording_06-19-2026_21-33-55_1,11940,198808,6.69,False
ScreenRecording_06-19-2026_21-33-55_1_011946.jpg,ScreenRecording_06-19-2026 21-33-55_1.MP4,ScreenRecording_06-19-2026_21-33-55_1,11946,198906,6.97,False
ScreenRecording_06-19-2026_21-33-55_1_011952.jpg,ScreenRecording_06-19-2026 21-33-55_1.MP4,ScreenRecording_06-19-2026_21-33-55_1,11952,199006,7.05,False
ScreenRecording_06-19-2026_21-33-55_1_011958.jpg,ScreenRecording_06-19-2026 21-33-55_1.MP4,ScreenRecording_06-19-2026_21-33-55_1,11958,199106,7.75,False
ScreenRecording_06-19-2026_21-33-55_1_011964.jpg,ScreenRecording_06-19-2026 21-33-55_1.MP4,ScreenRecording_06-19-2026_21-33-55_1,11964,199206,8.5,True
ScreenRecording_06-19-2026_21-33-55_1_011970.jpg,ScreenRecording_06-19-2026 21-33-55_1.MP4,ScreenRecording_06-19-2026_21-33-55_1,11970,199306,2.51,False
ScreenRecording_06-19-2026_21-33-55_1_011976.jpg,ScreenRecording_06-19-2026 21-33-55_1.MP4,ScreenRecording_06-19-2026_21-33-55_1,11976,199406,3.91,False
ScreenRecording_06-19-2026_21-33-55_1_011982.jpg,ScreenRecording_06-19-2026 21-33-55_1.MP4,ScreenRecording_06-19-2026_21-33-55_1,11982,199506,5.54,False
ScreenRecording_06-19-2026_21-33-55_1_011988.jpg,ScreenRecording_06-19-2026 21-33-55_1.MP4,ScreenRecording_06-19-2026_21-33-55_1,11988,199606,6.41,False
ScreenRecording_06-19-2026_21-33-55_1_011994.jpg,ScreenRecording_06-19-2026 21-33-55_1.MP4,ScreenRecording_06-19-2026_21-33-55_1,11994,199706,6.84,False
ScreenRecording_06-19-2026_21-33-55_1_012000.jpg,ScreenRecording_06-19-2026 21-33-55_1.MP4,ScreenRecording_06-19-2026_21-33-55_1,12000,199806,7.28,False
ScreenRecording_06-19-2026_21-33-55_1_012006.jpg,ScreenRecording_06-19-2026 21-33-55_1.MP4,ScreenRecording_06-19-2026_21-33-55_1,12006,199906,7.93,False
ScreenRecording_06-19-2026_21-33-55_1_012012.jpg,ScreenRecording_06-19-2026 21-33-55_1.MP4,ScreenRecording_06-19-2026_21-33-55_1,12012,200006,8.01,True
ScreenRecording_06-19-2026_21-33-55_1_012018.jpg,ScreenRecording_06-19-2026 21-33-55_1.MP4,ScreenRecording_06-19-2026_21-33-55_1,12018,200106,2.39,False
ScreenRecording_06-19-2026_21-33-55_1_012024.jpg,ScreenRecording_06-19-2026 21-33-55_1.MP4,ScreenRecording_06-19-2026_21-33-55_1,12024,200206,3.08,False
ScreenRecording_06-19-2026_21-33-55_1_012030.jpg,ScreenRecording_06-19-2026 21-33-55_1.MP4,ScreenRecording_06-19-2026_21-33-55_1,12030,200306,2.88,False
ScreenRecording_06-19-2026_21-33-55_1_012036.jpg,ScreenRecording_06-19-2026 21-33-55_1.MP4,ScreenRecording_06-19-2026_21-33-55_1,12036,200405,4.28,False
ScreenRecording_06-19-2026_21-33-55_1_012042.jpg,ScreenRecording_06-19-2026 21-33-55_1.MP4,ScreenRecording_06-19-2026_21-33-55_1,12042,200505,5.16,False
ScreenRecording_06-19-2026_21-33-55_1_012048.jpg,ScreenRecording_06-19-2026 21-33-55_1.MP4,ScreenRecording_06-19-2026_21-33-55_1,12048,200605,5.73,False
ScreenRecording_06-19-2026_21-33-55_1_012054.jpg,ScreenRecording_06-19-2026 21-33-55_1.MP4,ScreenRecording_06-19-2026_21-33-55_1,12054,200705,6.05,False
ScreenRecording_06-19-2026_21-33-55_1_012060.jpg,ScreenRecording_06-19-2026 21-33-55_1.MP4,ScreenRecording_06-19-2026_21-33-55_1,12060,200805,6.3,False
ScreenRecording_06-19-2026_21-33-55_1_012066.jpg,ScreenRecording_06-19-2026 21-33-55_1.MP4,ScreenRecording_06-19-2026_21-33-55_1,12066,200905,6.59,False
ScreenRecording_06-19-2026_21-33-55_1_012072.jpg,ScreenRecording_06-19-2026 21-33-55_1.MP4,ScreenRecording_06-19-2026_21-33-55_1,12072,201005,6.66,False
ScreenRecording_06-19-2026_21-33-55_1_012078.jpg,ScreenRecording_06-19-2026 21-33-55_1.MP4,ScreenRecording_06-19-2026_21-33-55_1,12078,201105,7.01,False
ScreenRecording_06-19-2026_21-33-55_1_012084.jpg,ScreenRecording_06-19-2026 21-33-55_1.MP4,ScreenRecording_06-19-2026_21-33-55_1,12084,201205,7.2,False
ScreenRecording_06-19-2026_21-33-55_1_012090.jpg,ScreenRecording_06-19-2026 21-33-55_1.MP4,ScreenRecording_06-19-2026_21-33-55_1,12090,201305,7.39,False
ScreenRecording_06-19-2026_21-33-55_1_012096.jpg,ScreenRecording_06-19-2026 21-33-55_1.MP4,ScreenRecording_06-19-2026_21-33-55_1,12096,201405,7.55,False
ScreenRecording_06-19-2026_21-33-55_1_012102.jpg,ScreenRecording_06-19-2026 21-33-55_1.MP4,ScreenRecording_06-19-2026_21-33-55_1,12102,201505,7.49,False
ScreenRecording_06-19-2026_21-33-55_1_012108.jpg,ScreenRecording_06-19-2026 21-33-55_1.MP4,ScreenRecording_06-19-2026_21-33-55_1,12108,201605,7.62,False
ScreenRecording_06-19-2026_21-33-55_1_012114.jpg,ScreenRecording_06-19-2026 21-33-55_1.MP4,ScreenRecording_06-19-2026_21-33-55_1,12114,201705,7.59,False
ScreenRecording_06-19-2026_21-33-55_1_012120.jpg,ScreenRecording_06-19-2026 21-33-55_1.MP4,ScreenRecording_06-19-2026_21-33-55_1,12120,201805,7.62,False
ScreenRecording_06-19-2026_21-33-55_1_012126.jpg,ScreenRecording_06-19-2026 21-33-55_1.MP4,ScreenRecording_06-19-2026_21-33-55_1,12126,201903,7.66,False
ScreenRecording_06-19-2026_21-33-55_1_012132.jpg,ScreenRecording_06-19-2026 21-33-55_1.MP4,ScreenRecording_06-19-2026_21-33-55_1,12132,202003,7.51,False
ScreenRecording_06-19-2026_21-33-55_1_012138.jpg,ScreenRecording_06-19-2026 21-33-55_1.MP4,ScreenRecording_06-19-2026_21-33-55_1,12138,202103,7.4,False
ScreenRecording_06-19-2026_21-33-55_1_012144.jpg,ScreenRecording_06-19-2026 21-33-55_1.MP4,ScreenRecording_06-19-2026_21-33-55_1,12144,202203,7.1,False
ScreenRecording_06-19-2026_21-33-55_1_012150.jpg,ScreenRecording_06-19-2026 21-33-55_1.MP4,ScreenRecording_06-19-2026_21-33-55_1,12150,202303,6.83,False
ScreenRecording_06-19-2026_21-33-55_1_012156.jpg,ScreenRecording_06-19-2026 21-33-55_1.MP4,ScreenRecording_06-19-2026_21-33-55_1,12156,202403,6.74,False
ScreenRecording_06-19-2026_21-33-55_1_012162.jpg,ScreenRecording_06-19-2026 21-33-55_1.MP4,ScreenRecording_06-19-2026_21-33-55_1,12162,202503,6.8,False
ScreenRecording_06-19-2026_21-33-55_1_012168.jpg,ScreenRecording_06-19-2026 21-33-55_1.MP4,ScreenRecording_06-19-2026_21-33-55_1,12168,202603,7.01,False
ScreenRecording_06-19-2026_21-33-55_1_012174.jpg,ScreenRecording_06-19-2026 21-33-55_1.MP4,ScreenRecording_06-19-2026_21-33-55_1,12174,202703,7.35,False
ScreenRecording_06-19-2026_21-33-55_1_012180.jpg,ScreenRecording_06-19-2026 21-33-55_1.MP4,ScreenRecording_06-19-2026_21-33-55_1,12180,202803,7.43,False
ScreenRecording_06-19-2026_21-33-55_1_012186.jpg,ScreenRecording_06-19-2026 21-33-55_1.MP4,ScreenRecording_06-19-2026_21-33-55_1,12186,202903,7.11,False
ScreenRecording_06-19-2026_21-33-55_1_012192.jpg,ScreenRecording_06-19-2026 21-33-55_1.MP4,ScreenRecording_06-19-2026_21-33-55_1,12192,203003,7.12,False
ScreenRecording_06-19-2026_21-33-55_1_012198.jpg,ScreenRecording_06-19-2026 21-33-55_1.MP4,ScreenRecording_06-19-2026_21-33-55_1,12198,203103,7.12,False
ScreenRecording_06-19-2026_21-33-55_1_012204.jpg,ScreenRecording_06-19-2026 21-33-55_1.MP4,ScreenRecording_06-19-2026_21-33-55_1,12204,203203,7.34,False
ScreenRecording_06-19-2026_21-33-55_1_012210.jpg,ScreenRecording_06-19-2026 21-33-55_1.MP4,ScreenRecording_06-19-2026_21-33-55_1,12210,203303,7.74,False
ScreenRecording_06-19-2026_21-33-55_1_012216.jpg,ScreenRecording_06-19-2026 21-33-55_1.MP4,ScreenRecording_06-19-2026_21-33-55_1,12216,203401,7.76,False
ScreenRecording_06-19-2026_21-33-55_1_012222.jpg,ScreenRecording_06-19-2026 21-33-55_1.MP4,ScreenRecording_06-19-2026_21-33-55_1,12222,203501,7.82,False
ScreenRecording_06-19-2026_21-33-55_1_012228.jpg,ScreenRecording_06-19-2026 21-33-55_1.MP4,ScreenRecording_06-19-2026_21-33-55_1,12228,203601,7.92,False
ScreenRecording_06-19-2026_21-33-55_1_012234.jpg,ScreenRecording_06-19-2026 21-33-55_1.MP4,ScreenRecording_06-19-2026_21-33-55_1,12234,203701,8.08,True
ScreenRecording_06-19-2026_21-33-55_1_012240.jpg,ScreenRecording_06-19-2026 21-33-55_1.MP4,ScreenRecording_06-19-2026_21-33-55_1,12240,203801,2.11,False
ScreenRecording_06-19-2026_21-33-55_1_012246.jpg,ScreenRecording_06-19-2026 21-33-55_1.MP4,ScreenRecording_06-19-2026_21-33-55_1,12246,203901,3.14,False
ScreenRecording_06-19-2026_21-33-55_1_012252.jpg,ScreenRecording_06-19-2026 21-33-55_1.MP4,ScreenRecording_06-19-2026_21-33-55_1,12252,204001,3.13,False
ScreenRecording_06-19-2026_21-33-55_1_012258.jpg,ScreenRecording_06-19-2026 21-33-55_1.MP4,ScreenRecording_06-19-2026_21-33-55_1,12258,204101,3.22,False
ScreenRecording_06-19-2026_21-33-55_1_012264.jpg,ScreenRecording_06-19-2026 21-33-55_1.MP4,ScreenRecording_06-19-2026_21-33-55_1,12264,204201,3.73,False
ScreenRecording_06-19-2026_21-33-55_1_012270.jpg,ScreenRecording_06-19-2026 21-33-55_1.MP4,ScreenRecording_06-19-2026_21-33-55_1,12270,204301,3.88,False
ScreenRecording_06-19-2026_21-33-55_1_012276.jpg,ScreenRecording_06-19-2026 21-33-55_1.MP4,ScreenRecording_06-19-2026_21-33-55_1,12276,204401,4.25,False
ScreenRecording_06-19-2026_21-33-55_1_012282.jpg,ScreenRecording_06-19-2026 21-33-55_1.MP4,ScreenRecording_06-19-2026_21-33-55_1,12282,204501,4.22,False
ScreenRecording_06-19-2026_21-33-55_1_012288.jpg,ScreenRecording_06-19-2026 21-33-55_1.MP4,ScreenRecording_06-19-2026_21-33-55_1,12288,204601,4.52,False
ScreenRecording_06-19-2026_21-33-55_1_012294.jpg,ScreenRecording_06-19-2026 21-33-55_1.MP4,ScreenRecording_06-19-2026_21-33-55_1,12294,204701,5.23,False
ScreenRecording_06-19-2026_21-33-55_1_012300.jpg,ScreenRecording_06-19-2026 21-33-55_1.MP4,ScreenRecording_06-19-2026_21-33-55_1,12300,204801,5.48,False
ScreenRecording_06-19-2026_21-33-55_1_012306.jpg,ScreenRecording_06-19-2026 21-33-55_1.MP4,ScreenRecording_06-19-2026_21-33-55_1,12306,204900,6.07,False
ScreenRecording_06-19-2026_21-33-55_1_012312.jpg,ScreenRecording_06-19-2026 21-33-55_1.MP4,ScreenRecording_06-19-2026_21-33-55_1,12312,205000,6.49,False
ScreenRecording_06-19-2026_21-33-55_1_012318.jpg,ScreenRecording_06-19-2026 21-33-55_1.MP4,ScreenRecording_06-19-2026_21-33-55_1,12318,205100,6.92,False
ScreenRecording_06-19-2026_21-33-55_1_012324.jpg,ScreenRecording_06-19-2026 21-33-55_1.MP4,ScreenRecording_06-19-2026_21-33-55_1,12324,205200,7.41,False
ScreenRecording_06-19-2026_21-33-55_1_012330.jpg,ScreenRecording_06-19-2026 21-33-55_1.MP4,ScreenRecording_06-19-2026_21-33-55_1,12330,205300,7.59,False
ScreenRecording_06-19-2026_21-33-55_1_012336.jpg,ScreenRecording_06-19-2026 21-33-55_1.MP4,ScreenRecording_06-19-2026_21-33-55_1,12336,205400,8.03,True
ScreenRecording_06-19-2026_21-33-55_1_012342.jpg,ScreenRecording_06-19-2026 21-33-55_1.MP4,ScreenRecording_06-19-2026_21-33-55_1,12342,205500,2.32,False
ScreenRecording_06-19-2026_21-33-55_1_012348.jpg,ScreenRecording_06-19-2026 21-33-55_1.MP4,ScreenRecording_06-19-2026_21-33-55_1,12348,205600,4.43,False
ScreenRecording_06-19-2026_21-33-55_1_012354.jpg,ScreenRecording_06-19-2026 21-33-55_1.MP4,ScreenRecording_06-19-2026_21-33-55_1,12354,205700,4.75,False
ScreenRecording_06-19-2026_21-33-55_1_012360.jpg,ScreenRecording_06-19-2026 21-33-55_1.MP4,ScreenRecording_06-19-2026_21-33-55_1,12360,205800,5.1,False
ScreenRecording_06-19-2026_21-33-55_1_012366.jpg,ScreenRecording_06-19-2026 21-33-55_1.MP4,ScreenRecording_06-19-2026_21-33-55_1,12366,205900,5.61,False
ScreenRecording_06-19-2026_21-33-55_1_012372.jpg,ScreenRecording_06-19-2026 21-33-55_1.MP4,ScreenRecording_06-19-2026_21-33-55_1,12372,206000,6.5,False
ScreenRecording_06-19-2026_21-33-55_1_012378.jpg,ScreenRecording_06-19-2026 21-33-55_1.MP4,ScreenRecording_06-19-2026_21-33-55_1,12378,206100,7.22,False
ScreenRecording_06-19-2026_21-33-55_1_012384.jpg,ScreenRecording_06-19-2026 21-33-55_1.MP4,ScreenRecording_06-19-2026_21-33-55_1,12384,206200,7.51,False
ScreenRecording_06-19-2026_21-33-55_1_012390.jpg,ScreenRecording_06-19-2026 21-33-55_1.MP4,ScreenRecording_06-19-2026_21-33-55_1,12390,206298,7.34,False
ScreenRecording_06-19-2026_21-33-55_1_012396.jpg,ScreenRecording_06-19-2026 21-33-55_1.MP4,ScreenRecording_06-19-2026_21-33-55_1,12396,206398,7.5,False
ScreenRecording_06-19-2026_21-33-55_1_012402.jpg,ScreenRecording_06-19-2026 21-33-55_1.MP4,ScreenRecording_06-19-2026_21-33-55_1,12402,206498,8.06,True
ScreenRecording_06-19-2026_21-33-55_1_012408.jpg,ScreenRecording_06-19-2026 21-33-55_1.MP4,ScreenRecording_06-19-2026_21-33-55_1,12408,206598,3.24,False
ScreenRecording_06-19-2026_21-33-55_1_012414.jpg,ScreenRecording_06-19-2026 21-33-55_1.MP4,ScreenRecording_06-19-2026_21-33-55_1,12414,206698,4.43,False
ScreenRecording_06-19-2026_21-33-55_1_012420.jpg,ScreenRecording_06-19-2026 21-33-55_1.MP4,ScreenRecording_06-19-2026_21-33-55_1,12420,206798,4.29,False
ScreenRecording_06-19-2026_21-33-55_1_012426.jpg,ScreenRecording_06-19-2026 21-33-55_1.MP4,ScreenRecording_06-19-2026_21-33-55_1,12426,206898,5.08,False
ScreenRecording_06-19-2026_21-33-55_1_012432.jpg,ScreenRecording_06-19-2026 21-33-55_1.MP4,ScreenRecording_06-19-2026_21-33-55_1,12432,206998,5.83,False
ScreenRecording_06-19-2026_21-33-55_1_012438.jpg,ScreenRecording_06-19-2026 21-33-55_1.MP4,ScreenRecording_06-19-2026_21-33-55_1,12438,207098,6.19,False
ScreenRecording_06-19-2026_21-33-55_1_012444.jpg,ScreenRecording_06-19-2026 21-33-55_1.MP4,ScreenRecording_06-19-2026_21-33-55_1,12444,207198,6.16,False
ScreenRecording_06-19-2026_21-33-55_1_012450.jpg,ScreenRecording_06-19-2026 21-33-55_1.MP4,ScreenRecording_06-19-2026_21-33-55_1,12450,207298,6.01,False
ScreenRecording_06-19-2026_21-33-55_1_012456.jpg,ScreenRecording_06-19-2026 21-33-55_1.MP4,ScreenRecording_06-19-2026_21-33-55_1,12456,207398,5.9,False
ScreenRecording_06-19-2026_21-33-55_1_012462.jpg,ScreenRecording_06-19-2026 21-33-55_1.MP4,ScreenRecording_06-19-2026_21-33-55_1,12462,207498,5.87,False
ScreenRecording_06-19-2026_21-33-55_1_012468.jpg,ScreenRecording_06-19-2026 21-33-55_1.MP4,ScreenRecording_06-19-2026_21-33-55_1,12468,207598,6.01,False
ScreenRecording_06-19-2026_21-33-55_1_012474.jpg,ScreenRecording_06-19-2026 21-33-55_1.MP4,ScreenRecording_06-19-2026_21-33-55_1,12474,207698,6.16,False
ScreenRecording_06-19-2026_21-33-55_1_012480.jpg,ScreenRecording_06-19-2026 21-33-55_1.MP4,ScreenRecording_06-19-2026_21-33-55_1,12480,207796,6.69,False
ScreenRecording_06-19-2026_21-33-55_1_012486.jpg,ScreenRecording_06-19-2026 21-33-55_1.MP4,ScreenRecording_06-19-2026_21-33-55_1,12486,207896,7.01,False
ScreenRecording_06-19-2026_21-33-55_1_012492.jpg,ScreenRecording_06-19-2026 21-33-55_1.MP4,ScreenRecording_06-19-2026_21-33-55_1,12492,207996,7.11,False
ScreenRecording_06-19-2026_21-33-55_1_012498.jpg,ScreenRecording_06-19-2026 21-33-55_1.MP4,ScreenRecording_06-19-2026_21-33-55_1,12498,208096,6.97,False
ScreenRecording_06-19-2026_21-33-55_1_012504.jpg,ScreenRecording_06-19-2026 21-33-55_1.MP4,ScreenRecording_06-19-2026_21-33-55_1,12504,208196,7.2,False
ScreenRecording_06-19-2026_21-33-55_1_012510.jpg,ScreenRecording_06-19-2026 21-33-55_1.MP4,ScreenRecording_06-19-2026_21-33-55_1,12510,208296,6.96,False
ScreenRecording_06-19-2026_21-33-55_1_012516.jpg,ScreenRecording_06-19-2026 21-33-55_1.MP4,ScreenRecording_06-19-2026_21-33-55_1,12516,208396,6.53,False
ScreenRecording_06-19-2026_21-33-55_1_012522.jpg,ScreenRecording_06-19-2026 21-33-55_1.MP4,ScreenRecording_06-19-2026_21-33-55_1,12522,208496,6.57,False
ScreenRecording_06-19-2026_21-33-55_1_012528.jpg,ScreenRecording_06-19-2026 21-33-55_1.MP4,ScreenRecording_06-19-2026_21-33-55_1,12528,208596,6.54,False
ScreenRecording_06-19-2026_21-33-55_1_012534.jpg,ScreenRecording_06-19-2026 21-33-55_1.MP4,ScreenRecording_06-19-2026_21-33-55_1,12534,208696,6.68,False
ScreenRecording_06-19-2026_21-33-55_1_012540.jpg,ScreenRecording_06-19-2026 21-33-55_1.MP4,ScreenRecording_06-19-2026_21-33-55_1,12540,208796,6.4,False
ScreenRecording_06-19-2026_21-33-55_1_012546.jpg,ScreenRecording_06-19-2026 21-33-55_1.MP4,ScreenRecording_06-19-2026_21-33-55_1,12546,208896,5.91,False
ScreenRecording_06-19-2026_21-33-55_1_012552.jpg,ScreenRecording_06-19-2026 21-33-55_1.MP4,ScreenRecording_06-19-2026_21-33-55_1,12552,208996,5.53,False
ScreenRecording_06-19-2026_21-33-55_1_012558.jpg,ScreenRecording_06-19-2026 21-33-55_1.MP4,ScreenRecording_06-19-2026_21-33-55_1,12558,209095,5.35,False
ScreenRecording_06-19-2026_21-33-55_1_012564.jpg,ScreenRecording_06-19-2026 21-33-55_1.MP4,ScreenRecording_06-19-2026_21-33-55_1,12564,209195,5.55,False
ScreenRecording_06-19-2026_21-33-55_1_012570.jpg,ScreenRecording_06-19-2026 21-33-55_1.MP4,ScreenRecording_06-19-2026_21-33-55_1,12570,209295,5.28,False
ScreenRecording_06-19-2026_21-33-55_1_012576.jpg,ScreenRecording_06-19-2026 21-33-55_1.MP4,ScreenRecording_06-19-2026_21-33-55_1,12576,209395,5.34,False
ScreenRecording_06-19-2026_21-33-55_1_012582.jpg,ScreenRecording_06-19-2026 21-33-55_1.MP4,ScreenRecording_06-19-2026_21-33-55_1,12582,209495,5.46,False
ScreenRecording_06-19-2026_21-33-55_1_012588.jpg,ScreenRecording_06-19-2026 21-33-55_1.MP4,ScreenRecording_06-19-2026_21-33-55_1,12588,209595,4.93,False
ScreenRecording_06-19-2026_21-33-55_1_012594.jpg,ScreenRecording_06-19-2026 21-33-55_1.MP4,ScreenRecording_06-19-2026_21-33-55_1,12594,209695,4.0,False
ScreenRecording_06-19-2026_21-33-55_1_012600.jpg,ScreenRecording_06-19-2026 21-33-55_1.MP4,ScreenRecording_06-19-2026_21-33-55_1,12600,209795,5.05,False
ScreenRecording_06-19-2026_21-33-55_1_012606.jpg,ScreenRecording_06-19-2026 21-33-55_1.MP4,ScreenRecording_06-19-2026_21-33-55_1,12606,209895,5.64,False
ScreenRecording_06-19-2026_21-33-55_1_012612.jpg,ScreenRecording_06-19-2026 21-33-55_1.MP4,ScreenRecording_06-19-2026_21-33-55_1,12612,209995,4.53,False
ScreenRecording_06-19-2026_21-33-55_1_012618.jpg,ScreenRecording_06-19-2026 21-33-55_1.MP4,ScreenRecording_06-19-2026_21-33-55_1,12618,210095,4.99,False
ScreenRecording_06-19-2026_21-33-55_1_012624.jpg,ScreenRecording_06-19-2026 21-33-55_1.MP4,ScreenRecording_06-19-2026_21-33-55_1,12624,210195,5.65,False
ScreenRecording_06-19-2026_21-33-55_1_012630.jpg,ScreenRecording_06-19-2026 21-33-55_1.MP4,ScreenRecording_06-19-2026_21-33-55_1,12630,210295,6.86,False
ScreenRecording_06-19-2026_21-33-55_1_012636.jpg,ScreenRecording_06-19-2026 21-33-55_1.MP4,ScreenRecording_06-19-2026_21-33-55_1,12636,210395,7.46,False
ScreenRecording_06-19-2026_21-33-55_1_012642.jpg,ScreenRecording_06-19-2026 21-33-55_1.MP4,ScreenRecording_06-19-2026_21-33-55_1,12642,210493,7.65,False
ScreenRecording_06-19-2026_21-33-55_1_012648.jpg,ScreenRecording_06-19-2026 21-33-55_1.MP4,ScreenRecording_06-19-2026_21-33-55_1,12648,210593,7.41,False
ScreenRecording_06-19-2026_21-33-55_1_012654.jpg,ScreenRecording_06-19-2026 21-33-55_1.MP4,ScreenRecording_06-19-2026_21-33-55_1,12654,210693,6.83,False
ScreenRecording_06-19-2026_21-33-55_1_012660.jpg,ScreenRecording_06-19-2026 21-33-55_1.MP4,ScreenRecording_06-19-2026_21-33-55_1,12660,210793,7.1,False
ScreenRecording_06-19-2026_21-33-55_1_012666.jpg,ScreenRecording_06-19-2026 21-33-55_1.MP4,ScreenRecording_06-19-2026_21-33-55_1,12666,210893,8.16,True
ScreenRecording_06-19-2026_21-33-55_1_012672.jpg,ScreenRecording_06-19-2026 21-33-55_1.MP4,ScreenRecording_06-19-2026_21-33-55_1,12672,210993,4.85,False
ScreenRecording_06-19-2026_21-33-55_1_012678.jpg,ScreenRecording_06-19-2026 21-33-55_1.MP4,ScreenRecording_06-19-2026_21-33-55_1,12678,211093,7.2,False
ScreenRecording_06-19-2026_21-33-55_1_012684.jpg,ScreenRecording_06-19-2026 21-33-55_1.MP4,ScreenRecording_06-19-2026_21-33-55_1,12684,211193,7.93,False
ScreenRecording_06-19-2026_21-33-55_1_012690.jpg,ScreenRecording_06-19-2026 21-33-55_1.MP4,ScreenRecording_06-19-2026_21-33-55_1,12690,211293,8.46,True
ScreenRecording_06-19-2026_21-33-55_1_012696.jpg,ScreenRecording_06-19-2026 21-33-55_1.MP4,ScreenRecording_06-19-2026_21-33-55_1,12696,211393,3.82,False
ScreenRecording_06-19-2026_21-33-55_1_012702.jpg,ScreenRecording_06-19-2026 21-33-55_1.MP4,ScreenRecording_06-19-2026_21-33-55_1,12702,211493,5.83,False
ScreenRecording_06-19-2026_21-33-55_1_012708.jpg,ScreenRecording_06-19-2026 21-33-55_1.MP4,ScreenRecording_06-19-2026_21-33-55_1,12708,211593,8.42,True
